"발생년","발생년월일시","발생분","주야","요일","사망자수","사상자수","중상자수","경상자수","부상신고자수","발생지시도","발생지시군구","사고유형_대분류","사고유형_중분류","사고유형","법규위반_대분류","법규위반","도로형태_대분류","도로형태","가해자_당사자종별_대분류","가해자_당사자종별","피해자_당사자종별_대분류","피해자_당사자종별","발생위치X_UTMK","발생위치Y_UTMK","경도","위도"
"2018","2018021422","18","야","수","1","1","0","0","0","충북","청주시","차대사람","기타","기타","운전자법규위반","안전운전 의무 불이행","단일로","기타단일로","화물차","화물차","보행자","보행자","996677","1853458","127.4628086","36.67907766"
"2018","2018090708","40","주","금","1","1","0","0","0","충북","청주시","차대사람","횡단중","횡단중","운전자법규위반","안전운전 의무 불이행","교차로","교차로내","화물차","화물차","보행자","보행자","998525","1852911","127.4834927","36.67415116"
"2018","2018013023","09","야","화","1","3","1","1","0","충북","청주시","차대차","추돌","추돌","운전자법규위반","안전운전 의무 불이행","교차로","교차로부근","승용차","승용차","승용차","승용차","1001395","1854820","127.5156155","36.69136075"
"2018","2018070705","10","야","토","1","1","0","0","0","충북","청주시","차대차","기타","기타","운전자법규위반","안전운전 의무 불이행","교차로","교차로부근","이륜차","이륜차","화물차","화물차","999192","1850182","127.4909602","36.64955018"
"2018","2018052313","05","주","수","1","1","0","0","0","충북","충주시","차량단독","공작물충돌","공작물충돌","운전자법규위반","안전운전 의무 불이행","단일로","기타단일로","화물차","화물차","없음","없음","1037852","1884603","127.925189","36.95908521"
"2018","2018091317","30","주","목","1","1","0","0","0","충북","제천시","차량단독","전도","전도","운전자법규위반","안전운전 의무 불이행","단일로","지하차도(도로)내","자전거","자전거","없음","없음","1062626","1909794","128.2055588","37.1848253"
"2018","2018021820","50","야","일","2","2","0","0","0","충북","제천시","차량단독","공작물충돌","공작물충돌","운전자법규위반","안전운전 의무 불이행","단일로","기타단일로","승용차","승용차","없음","없음","1069778","1909881","128.2861364","37.18510226"
"2018","2018072617","00","주","목","1","2","0","1","0","충북","제천시","차대차","측면충돌","측면충돌","운전자법규위반","신호위반","교차로","교차로내","승용차","승용차","화물차","화물차","1061032.8","1897316.7","128.1865938","37.07246564"
"2018","2018031921","04","야","월","1","1","0","0","0","충북","증평군","차대사람","차도통행중","차도통행중","운전자법규위반","안전운전 의무 불이행","단일로","기타단일로","승용차","승용차","보행자","보행자","1008940","1863880","127.6001794","36.77299402"
"2018","2018032914","20","주","목","1","2","1","0","0","충북","음성군","차대차","측면충돌","측면충돌","운전자법규위반","안전운전 의무 불이행","교차로","교차로부근","승용차","승용차","화물차","화물차","1013278","1902149","127.6494622","37.11791837"
"2018","2018061113","00","주","월","1","6","0","5","0","충북","음성군","차대차","측면충돌","측면충돌","운전자법규위반","안전운전 의무 불이행","단일로","기타단일로","화물차","화물차","승합차","승합차","1012452","1900661","127.6401398","37.10451655"
"2018","2018122800","18","야","금","1","1","0","0","0","충북","음성군","차대사람","차도통행중","차도통행중","운전자법규위반","안전운전 의무 불이행","교차로","교차로부근","승용차","승용차","보행자","보행자","999313","1886498","127.4922812","36.97692862"
"2018","2018011714","10","주","수","1","1","0","0","0","충북","음성군","차대차","측면충돌","측면충돌","운전자법규위반","교차로 통행방법 위반","교차로","교차로내","화물차","화물차","원동기장치자전거","원동기장치자전거","1016805","1882556","127.6887258","36.9412438"
"2018","2018081513","59","주","수","1","1","0","0","0","충북","진천군","차량단독","전도","전도","운전자법규위반","안전운전 의무 불이행","단일로","기타단일로","사륜오토바이(ATV)","사륜오토바이(ATV)","없음","없음","996450","1879467","127.4601467","36.91354114"
"2018","2018050315","35","주","목","1","1","0","0","0","충북","진천군","차대차","기타","기타","운전자법규위반","직진 및 우회전차의 통행방해","교차로","교차로내","승용차","승용차","이륜차","이륜차","994405","1883406","127.4371598","36.94903945"
"2018","2018051917","00","주","토","1","1","0","0","0","충북","청주시","차량단독","기타","기타","운전자법규위반","안전운전 의무 불이행","단일로","기타단일로","농기계","농기계","없음","없음","992180","1835142","127.412664","36.51393198"
"2018","2018021422","23","야","수","1","1","0","0","0","충북","청주시","차량단독","기타","기타","운전자법규위반","안전운전 의무 불이행","기타","기타","승용차","승용차","없음","없음","993577","1828766","127.428319","36.45646144"
"2018","2018090923","05","야","일","1","1","0","0","0","충북","청주시","차량단독","전도","전도","운전자법규위반","안전운전 의무 불이행","단일로","기타단일로","농기계","농기계","없음","없음","991800","1844304","127.4083225","36.59652508"
"2018","2018110906","15","주","금","1","1","0","0","0","충북","청주시","차대사람","횡단중","횡단중","운전자법규위반","안전운전 의무 불이행","교차로","교차로횡단보도내","화물차","화물차","보행자","보행자","987678","1847388","127.3621885","36.62428297"
"2018","2018030601","10","야","화","1","2","0","1","0","충북","청주시","차대차","추돌","추돌","운전자법규위반","안전거리 미확보","단일로","기타단일로","특수차","특수차","화물차","화물차","998203","1861927","127.4798679","36.75542861"
"2018","2018021505","40","야","목","1","1","0","0","0","충북","음성군","차대사람","기타","기타","운전자법규위반","안전운전 의무 불이행","단일로","기타단일로","화물차","화물차","보행자","보행자","998490","1891734","127.4830238","37.02412721"
"2018","2018033014","58","주","금","1","1","0","0","0","충남","서산시","차대사람","횡단중","횡단중","운전자법규위반","보행자 보호의무 위반","교차로","교차로부근","승합차","승합차","보행자","보행자","907184","1866381","126.4596994","36.79103261"
"2018","2018010518","46","야","금","1","1","0","0","0","충남","서산시","차대사람","횡단중","횡단중","운전자법규위반","안전운전 의무 불이행","단일로","기타단일로","승용차","승용차","보행자","보행자","906474","1864243","126.4520052","36.77169242"
"2018","2018071912","00","주","목","1","1","0","0","0","충남","서산시","차량단독","공작물충돌","공작물충돌","운전자법규위반","안전운전 의무 불이행","단일로","기타단일로","화물차","화물차","없음","없음","904449","1869533","126.428654","36.81917002"
"2018","2018052817","15","주","월","1","1","0","0","0","충남","천안시","차대차","측면충돌","측면충돌","운전자법규위반","안전운전 의무 불이행","단일로","기타단일로","승용차","승용차","자전거","자전거","967443","1877340","127.1346008","36.893812"
"2018","2018082520","28","야","토","1","1","0","0","0","충남","논산시","차대차","기타","기타","운전자법규위반","중앙선 침범","단일로","기타단일로","자전거","자전거","승용차","승용차","964527","1801514","127.105365","36.21014353"
"2018","2018121708","10","주","월","1","5","1","3","0","충남","홍성군","차대차","추돌","추돌","운전자법규위반","안전운전 의무 불이행","단일로","기타단일로","건설기계","건설기계","승용차","승용차","916549","1845198","126.5669612","36.6009673"
"2018","2018030620","40","야","화","1","2","0","1","0","충남","홍성군","차대차","추돌","추돌","운전자법규위반","안전운전 의무 불이행","교차로","교차로부근","화물차","화물차","승합차","승합차","921619","1836814","126.6244943","36.52582391"
"2018","2018102506","12","주","목","1","1","0","0","0","충남","홍성군","차대사람","횡단중","횡단중","운전자법규위반","안전운전 의무 불이행","기타","기타","승용차","승용차","보행자","보행자","924170","1841913","126.6524841","36.57199269"
"2018","2018081613","50","주","목","1","1","0","0","0","충남","홍성군","차대차","추돌","추돌","운전자법규위반","안전운전 의무 불이행","단일로","기타단일로","화물차","화물차","사륜오토바이(ATV)","사륜오토바이(ATV)","921476","1835876","126.6229926","36.51735695"
"2018","2018100703","25","야","일","1","2","1","0","0","충남","아산시","차량단독","공작물충돌","공작물충돌","운전자법규위반","안전운전 의무 불이행","기타","기타","승용차","승용차","없음","없음","959269","1867413","127.0433959","36.8040088"
"2018","2018101810","35","주","목","1","2","1","0","0","충남","서천군","차량단독","도로이탈","도로이탈 추락","운전자법규위반","안전운전 의무 불이행","단일로","기타단일로","원동기장치자전거","원동기장치자전거","없음","없음","916466","1794935","126.5714345","36.14788007"
"2018","2018111418","20","야","수","1","1","0","0","0","충남","공주시","차대차","측면충돌","측면충돌","운전자법규위반","안전운전 의무 불이행","단일로","기타단일로","자전거","자전거","승용차","승용차","967580","1829706","127.1381551","36.46440878"
"2018","2018111908","10","주","월","1","1","0","0","0","충남","공주시","차량단독","공작물충돌","공작물충돌","운전자법규위반","안전운전 의무 불이행","단일로","기타단일로","승용차","승용차","없음","없음","949894","1840482","126.9400665","36.56078994"
"2018","2018090219","35","야","일","1","3","0","2","0","충남","공주시","차대차","정면충돌","정면충돌","운전자법규위반","중앙선 침범","단일로","기타단일로","이륜차","이륜차","승용차","승용차","965518","1846343","127.1143973","36.6143181"
"2018","2018050319","20","야","목","1","1","0","0","0","세종","세종","차대차","측면충돌","측면충돌","운전자법규위반","신호위반","교차로","교차로내","자전거","자전거","승용차","승용차","978191","1832628","127.2565026","36.49105131"
"2018","2018062211","00","주","금","1","1","0","0","0","세종","세종","차대차","측면충돌","측면충돌","운전자법규위반","안전운전 의무 불이행","단일로","교량위","화물차","화물차","자전거","자전거","982554","1845061","127.3049338","36.60322509"
"2018","2018102022","35","야","토","1","1","0","0","0","충남","예산군","차량단독","전복","전복","운전자법규위반","안전운전 의무 불이행","단일로","기타단일로","이륜차","이륜차","없음","없음","944373","1847756","126.8778464","36.62605583"
"2018","2018050521","20","야","토","1","1","0","0","0","충남","예산군","차량단독","도로이탈","도로이탈 추락","운전자법규위반","안전운전 의무 불이행","단일로","기타단일로","승용차","승용차","없음","없음","923606","1856606","126.6447183","36.70439003"
"2018","2018120300","50","야","월","1","1","0","0","0","충남","부여군","차량단독","공작물충돌","공작물충돌","운전자법규위반","안전운전 의무 불이행","단일로","기타단일로","화물차","화물차","없음","없음","938534","1806387","126.8158264","36.25277058"
"2018","2018100218","00","야","화","1","1","0","0","0","충남","부여군","차량단독","도로이탈","도로이탈 추락","운전자법규위반","안전운전 의무 불이행","단일로","기타단일로","사륜오토바이(ATV)","사륜오토바이(ATV)","없음","없음","934500","1806866","126.7708873","36.25682345"
"2018","2018112406","05","주","토","1","1","0","0","0","충남","부여군","차대사람","차도통행중","차도통행중","운전자법규위반","안전운전 의무 불이행","단일로","기타단일로","화물차","화물차","보행자","보행자","933818","1802235","126.7636878","36.2150292"
"2018","2018031704","50","야","토","1","1","0","0","0","충남","당진시","차대차","추돌","추돌","운전자법규위반","안전운전 의무 불이행","단일로","기타단일로","승용차","승용차","특수차","특수차","933192","1869728","126.7508815","36.82339458"
"2018","2018022116","34","주","수","1","1","0","0","0","충남","당진시","차대사람","차도통행중","차도통행중","운전자법규위반","안전운전 의무 불이행","교차로","교차로내","승용차","승용차","보행자","보행자","935261","1868052","126.7742221","36.80843103"
"2018","2018050718","30","야","월","1","1","0","0","0","충남","당진시","차대차","측면충돌","측면충돌","운전자법규위반","부당한 회전","단일로","기타단일로","원동기장치자전거","원동기장치자전거","화물차","화물차","920477","1877192","126.6075406","36.88968811"
"2018","2018022221","00","야","목","1","1","0","0","0","충남","당진시","차대차","정면충돌","정면충돌","운전자법규위반","중앙선 침범","단일로","기타단일로","승용차","승용차","특수차","특수차","932573","1867138","126.7441707","36.80000457"
"2018","2018080616","00","주","월","1","1","0","0","0","충남","당진시","차량단독","도로이탈","도로이탈 추락","운전자법규위반","안전운전 의무 불이행","기타","기타","사륜오토바이(ATV)","사륜오토바이(ATV)","없음","없음","929905","1876972","126.7133585","36.88845263"
"2018","2018100818","45","야","월","1","1","0","0","0","충남","당진시","차대사람","횡단중","횡단중","운전자법규위반","안전운전 의무 불이행","단일로","기타단일로","승용차","승용차","보행자","보행자","926031","1875602","126.6700202","36.87580817"
"2018","2018081810","00","주","토","1","2","0","1","0","충남","당진시","차대차","정면충돌","정면충돌","운전자법규위반","안전운전 의무 불이행","단일로","기타단일로","승용차","승용차","승용차","승용차","934342","1878514","126.7630152","36.90267116"
"2018","2018111618","20","야","금","1","1","0","0","0","충남","당진시","차대사람","차도통행중","차도통행중","운전자법규위반","안전운전 의무 불이행","단일로","기타단일로","승용차","승용차","보행자","보행자","912378","1872599","126.5171904","36.84757266"
"2018","2018120106","35","주","토","1","1","0","0","0","충남","당진시","차대차","측면충돌","측면충돌","운전자법규위반","안전운전 의무 불이행","단일로","기타단일로","화물차","화물차","화물차","화물차","927213","1873691","126.6834651","36.85867484"
"2018","2018092319","05","야","일","1","1","0","0","0","충남","청양군","차대사람","기타","기타","운전자법규위반","안전운전 의무 불이행","기타","기타","승용차","승용차","보행자","보행자","938465","1828090","126.8133425","36.44841368"
"2018","2018112305","44","야","금","1","1","0","0","0","충남","청양군","차대차","측면충돌","측면충돌","운전자법규위반","안전운전 의무 불이행","교차로","교차로내","승용차","승용차","자전거","자전거","937529","1828373","126.8028757","36.45090428"
"2018","2018010602","40","야","토","1","1","0","0","0","충남","천안시","차대사람","횡단중","횡단중","운전자법규위반","기타(운전자법규위반)","단일로","기타단일로","승용차","승용차","보행자","보행자","967388","1868462","127.1343649","36.81377965"
"2018","2018101819","30","야","목","1","1","0","0","0","충남","태안군","차대사람","횡단중","횡단중","운전자법규위반","안전운전 의무 불이행","기타","기타","화물차","화물차","보행자","보행자","887412","1860022","126.2390739","36.73157709"
"2018","2018090919","10","야","일","1","1","0","0","0","충남","태안군","차대사람","기타","기타","운전자법규위반","안전운전 의무 불이행","단일로","기타단일로","승합차","승합차","보행자","보행자","880796","1855744","126.1656629","36.69221399"
"2018","2018040217","30","주","월","1","1","0","0","0","충남","태안군","차량단독","기타","기타","운전자법규위반","안전운전 의무 불이행","단일로","기타단일로","화물차","화물차","없음","없음","894341","1861446","126.3164625","36.74520825"
"2018","2018072305","08","야","월","1","4","3","0","0","대전","서구","차량단독","공작물충돌","공작물충돌","운전자법규위반","과속","기타","기타","승용차","승용차","없음","없음","984547","1810516","127.3279069","36.29182845"
"2018","2018102318","25","야","화","1","15","6","8","0","충남","논산시","차대차","기타","기타","운전자법규위반","안전운전 의무 불이행","단일로","기타단일로","승합차","승합차","화물차","화물차","959727","1797705","127.0521622","36.17561596"
"2018","2018022200","17","야","목","3","8","2","3","0","충북","청주시","차대차","추돌","추돌","운전자법규위반","안전운전 의무 불이행","단일로","기타단일로","승용차","승용차","특수차","특수차","993444","1843289.5","127.4267114","36.58739204"
"2018","2018112409","50","주","토","1","1","0","0","0","전북","전주시","차대차","기타","기타","운전자법규위반","신호위반","교차로","교차로내","승용차","승용차","이륜차","이륜차","963770","1756228","127.0990163","35.8018299"
"2018","2018073107","57","주","화","1","8","1","6","0","전북","전주시","차대차","정면충돌","정면충돌","운전자법규위반","중앙선 침범","단일로","기타단일로","승용차","승용차","승용차","승용차","965124.1","1758643.3","127.1138974","35.82365535"
"2018","2018040705","35","야","토","1","1","0","0","0","전북","전주시","차대사람","횡단중","횡단중","운전자법규위반","과속","교차로","교차로내","승용차","승용차","보행자","보행자","966468","1755417","127.1289105","35.79461376"
"2018","2018100505","05","야","금","1","1","0","0","0","전북","전주시","차대사람","횡단중","횡단중","운전자법규위반","안전운전 의무 불이행","단일로","기타단일로","승용차","승용차","보행자","보행자","968368.3","1763117.9","127.1496351","35.86410839"
"2018","2018110118","04","야","목","1","1","0","0","0","전북","군산시","차대사람","횡단중","횡단중","운전자법규위반","보행자 보호의무 위반","교차로","교차로내","승용차","승용차","보행자","보행자","926639.6","1770282","126.6868016","35.92645733"
"2018","2018052214","10","주","화","1","1","0","0","0","전북","군산시","차대차","기타","기타","운전자법규위반","안전운전 의무 불이행","단일로","기타단일로","승용차","승용차","이륜차","이륜차","931729.7","1776447.2","126.7426903","35.9824069"
"2018","2018101004","40","야","수","1","1","0","0","0","전북","군산시","차량단독","공작물충돌","공작물충돌","운전자법규위반","안전운전 의무 불이행","단일로","기타단일로","화물차","화물차","없음","없음","911960.6","1748684.1","126.5264857","35.73054221"
"2018","2018061500","00","야","금","1","1","0","0","0","전북","군산시","차량단독","공작물충돌","공작물충돌","운전자법규위반","안전운전 의무 불이행","교차로","교차로부근","원동기장치자전거","원동기장치자전거","없음","없음","913076.2","1772237.9","126.5362552","35.94297686"
"2018","2018020123","00","야","목","1","1","0","0","0","전북","군산시","차량단독","공작물충돌","공작물충돌","운전자법규위반","중앙선 침범","단일로","기타단일로","승용차","승용차","없음","없음","938389","1771869","126.8169113","35.9415763"
"2018","2018071018","50","야","화","1","1","0","0","0","전북","익산시","차량단독","공작물충돌","공작물충돌","운전자법규위반","안전운전 의무 불이행","단일로","기타단일로","승용차","승용차","없음","없음","954984","1773875","127.0007809","35.96056775"
"2018","2018020300","30","야","토","2","2","0","0","0","전북","정읍시","차량단독","공작물충돌","공작물충돌","운전자법규위반","안전운전 의무 불이행","단일로","기타단일로","승용차","승용차","없음","없음","941082.7","1731598.5","126.8497361","35.57867499"
"2018","2018091415","15","주","금","1","2","0","1","0","전북","정읍시","차량단독","공작물충돌","공작물충돌","운전자법규위반","안전운전 의무 불이행","단일로","기타단일로","화물차","화물차","없음","없음","947599","1745873","126.9207241","35.70774066"
"2018","2018022409","55","주","토","1","1","0","0","0","전북","김제시","차대사람","횡단중","횡단중","운전자법규위반","안전운전 의무 불이행","교차로","교차로내","화물차","화물차","보행자","보행자","938717","1747829","126.8223929","35.72486285"
"2018","2018092921","05","야","토","1","1","0","0","0","전북","김제시","차대차","측면충돌","측면충돌","운전자법규위반","직진 및 우회전차의 통행방해","교차로","교차로내","자전거","자전거","승용차","승용차","944145.8","1756686.2","126.8817984","35.80504037"
"2018","2018112510","10","주","일","1","1","0","0","0","전북","남원시","차량단독","공작물충돌","공작물충돌","운전자법규위반","안전운전 의무 불이행","단일로","기타단일로","승용차","승용차","없음","없음","1001296","1716737.4","127.5142805","35.4464304"
"2018","2018043014","55","주","월","1","1","0","0","0","전북","남원시","차량단독","기타","기타","운전자법규위반","안전운전 의무 불이행","단일로","기타단일로","화물차","화물차","없음","없음","976356","1703683","127.2398489","35.32844162"
"2018","2018012804","55","야","일","1","1","0","0","0","전북","남원시","차대차","추돌","추돌","운전자법규위반","안전운전 의무 불이행","단일로","기타단일로","승용차","승용차","특수차","특수차","988382","1712073","127.3720493","35.40430549"
"2018","2018041108","10","주","수","1","1","0","0","0","전북","고창군","차대차","측면충돌","측면충돌","운전자법규위반","안전운전 의무 불이행","교차로","교차로횡단보도내","승용차","승용차","자전거","자전거","919093.4","1720625.2","126.6081607","35.47819115"
"2018","2018042214","00","주","일","1","1","0","0","0","전북","고창군","차량단독","공작물충돌","공작물충돌","운전자법규위반","안전운전 의무 불이행","단일로","기타단일로","화물차","화물차","없음","없음","928121","1724926","126.7072827","35.51766078"
"2018","2018091705","17","야","월","1","1","0","0","0","전북","임실군","차대사람","차도통행중","차도통행중","운전자법규위반","안전운전 의무 불이행","단일로","기타단일로","승용차","승용차","보행자","보행자","984013","1734630","127.3234885","35.60763336"
"2018","2018091413","00","주","금","1","2","0","1","0","전북","진안군","차대차","추돌","추돌","운전자법규위반","안전운전 의무 불이행","단일로","기타단일로","승용차","승용차","승용차","승용차","986174","1755224","127.3469936","35.79334892"
"2018","2018042109","23","주","토","1","1","0","0","0","전북","무주군","차대사람","횡단중","횡단중","운전자법규위반","안전운전 의무 불이행","교차로","교차로내","승용차","승용차","보행자","보행자","1014108.2","1778690.5","127.6565455","36.00492033"
"2018","2018121500","10","야","토","1","1","0","0","0","전북","완주군","차대사람","횡단중","횡단중","운전자법규위반","보행자 보호의무 위반","교차로","교차로횡단보도내","승용차","승용차","보행자","보행자","968017.2","1773197","127.145341","35.95496921"
"2018","2018010122","10","야","월","1","1","0","0","0","전북","완주군","차량단독","도로이탈","도로이탈 기타","운전자법규위반","안전운전 의무 불이행","단일로","기타단일로","자전거","자전거","없음","없음","968303","1771557.5","127.1485756","35.94019705"
"2018","2018050516","10","주","토","1","1","0","0","0","전북","완주군","차대차","측면충돌","측면충돌","운전자법규위반","중앙선 침범","단일로","기타단일로","화물차","화물차","이륜차","이륜차","965596","1745987.5","127.1196652","35.70956611"
"2018","2018061217","00","주","화","1","1","0","0","0","전북","무주군","차대차","추돌","추돌","운전자법규위반","안전운전 의무 불이행","단일로","기타단일로","화물차","화물차","화물차","화물차","1013218","1761013","127.6463738","35.84555199"
"2018","2018071823","51","야","수","1","5","3","1","0","충남","서천군","차량단독","기타","기타","운전자법규위반","안전운전 의무 불이행","단일로","기타단일로","승용차","승용차","없음","없음","925636","1789649","126.6738577","36.1009747"
"2018","2018082001","38","야","월","1","3","1","1","0","충남","당진시","차대사람","기타","기타","운전자법규위반","안전운전 의무 불이행","단일로","기타단일로","승용차","승용차","보행자","보행자","928905","1877131","126.7021221","36.88981099"
"2018","2018031505","20","야","목","1","2","0","1","0","충남","당진시","차대차","추돌","추돌","운전자법규위반","과속","단일로","기타단일로","승용차","승용차","화물차","화물차","935504","1881762","126.7757805","36.93202828"
"2018","2018073009","50","주","월","1","1","0","0","0","전남","신안군","차대사람","기타","기타","운전자법규위반","안전운전 의무 불이행","기타","기타","화물차","화물차","보행자","보행자","882468","1674613","126.2111012","35.05974476"
"2018","2018072903","48","야","일","1","1","0","0","0","전남","목포시","차대사람","횡단중","횡단중","운전자법규위반","안전운전 의무 불이행","단일로","기타단일로","승용차","승용차","보행자","보행자","897797","1646813","126.3825787","34.81077484"
"2018","2018030700","03","야","수","1","3","1","1","0","전남","신안군","차대차","기타","기타","운전자법규위반","교차로 통행방법 위반","교차로","교차로내","승용차","승용차","승용차","승용차","856794","1636494","125.9361609","34.71281352"
"2018","2018122305","40","야","일","1","1","0","0","0","전남","여수시","차대사람","횡단중","횡단중","운전자법규위반","신호위반","교차로","교차로부근","승용차","승용차","보행자","보행자","1020123","1637788","127.7198137","34.73432197"
"2018","2018082816","23","주","화","1","1","0","0","0","전남","여수시","차대사람","횡단중","횡단중","운전자법규위반","안전운전 의무 불이행","교차로","교차로내","승용차","승용차","보행자","보행자","1022516.8","1638863.9","127.745991","34.74397417"
"2018","2018012713","12","주","토","1","1","0","0","0","전남","순천시","차대사람","횡단중","횡단중","운전자법규위반","안전운전 의무 불이행","단일로","기타단일로","승용차","승용차","보행자","보행자","1002707","1661757","127.5296474","34.95066136"
"2018","2018090322","50","야","월","1","1","0","0","0","전남","순천시","차대사람","횡단중","횡단중","운전자법규위반","안전운전 의무 불이행","단일로","기타단일로","승용차","승용차","보행자","보행자","998613","1662448","127.4848082","34.95689512"
"2018","2018102913","19","주","월","1","1","0","0","0","전남","순천시","차대사람","기타","기타","운전자법규위반","안전운전 의무 불이행","단일로","교량위","화물차","화물차","보행자","보행자","978504","1667843","127.2644167","35.00531672"
"2018","2018041614","47","주","월","1","1","0","0","0","전남","순천시","차대차","추돌","추돌","운전자법규위반","안전운전 의무 불이행","단일로","기타단일로","승합차","승합차","농기계","농기계","993662","1687072","127.4303919","35.17891906"
"2018","2018103108","45","주","수","1","2","0","1","0","전남","순천시","차대차","기타","기타","운전자법규위반","과속","단일로","기타단일로","승용차","승용차","화물차","화물차","1003346","1663815","127.5366541","34.96921746"
"2018","2018072109","10","주","토","1","1","0","0","0","전남","나주시","차대사람","횡단중","횡단중","운전자법규위반","안전운전 의무 불이행","단일로","기타단일로","화물차","화물차","보행자","보행자","936757","1672454","126.8065634","35.04514286"
"2018","2018112613","20","주","월","1","1","0","0","0","전남","나주시","차대사람","횡단중","횡단중","운전자법규위반","안전운전 의무 불이행","교차로","교차로내","승합차","승합차","보행자","보행자","929023","1671271","126.7218705","35.033962"
"2018","2018090718","30","야","금","1","3","2","0","0","전남","장흥군","차대차","정면충돌","정면충돌","운전자법규위반","중앙선 침범","단일로","기타단일로","승용차","승용차","화물차","화물차","938419","1639943","126.8271803","34.75209505"
"2018","2018082213","50","주","수","1","1","0","0","0","전남","고흥군","차대차","기타","기타","운전자법규위반","안전운전 의무 불이행","단일로","기타단일로","사륜오토바이(ATV)","사륜오토바이(ATV)","승용차","승용차","970729","1623178","127.180765","34.60235069"
"2018","2018093003","55","야","일","1","1","0","0","0","전남","고흥군","차량단독","공작물충돌","공작물충돌","운전자법규위반","안전운전 의무 불이행","단일로","기타단일로","승용차","승용차","없음","없음","984495.8","1642639.4","127.3305502","34.77815135"
"2018","2018120506","48","주","수","1","1","0","0","0","전남","해남군","차대사람","횡단중","횡단중","운전자법규위반","안전운전 의무 불이행","단일로","기타단일로","승용차","승용차","보행자","보행자","913005","1607437","126.5528756","34.45714479"
"2018","2018072811","20","주","토","1","1","0","0","0","전남","보성군","차대차","추돌","추돌","운전자법규위반","안전운전 의무 불이행","교차로","교차로내","이륜차","이륜차","화물차","화물차","969300","1641222","127.1645246","34.76502532"
"2018","2018120622","05","야","목","1","1","0","0","0","전남","영광군","차대차","추돌","추돌","운전자법규위반","안전운전 의무 불이행","단일로","기타단일로","승용차","승용차","화물차","화물차","910967","1694868","126.5214004","35.2452799"
"2018","2018092117","35","주","금","1","2","0","1","0","전남","영광군","차대차","측면충돌","측면충돌","운전자법규위반","안전운전 의무 불이행","단일로","기타단일로","승용차","승용차","승용차","승용차","911832","1694240","126.5309741","35.23969448"
"2018","2018040110","40","주","일","1","1","0","0","0","전남","영광군","차량단독","도로이탈","도로이탈 추락","운전자법규위반","안전운전 의무 불이행","단일로","기타단일로","승용차","승용차","없음","없음","912308","1698455","126.535755","35.27773775"
"2018","2018070116","15","주","일","1","1","0","0","0","전남","영광군","차량단독","전복","전복","운전자법규위반","안전운전 의무 불이행","단일로","기타단일로","농기계","농기계","없음","없음","916990.7","1700693.9","126.5870125","35.29832279"
"2018","2018062814","20","주","목","1","1","0","0","0","전남","화순군","차량단독","전도","전도","운전자법규위반","안전운전 의무 불이행","단일로","기타단일로","이륜차","이륜차","없음","없음","946611","1666782","126.9149678","34.99456819"
"2018","2018110318","10","야","토","1","1","0","0","0","전남","영암군","차량단독","도로이탈","도로이탈 기타","운전자법규위반","안전운전 의무 불이행","교차로","교차로내","농기계","농기계","없음","없음","933757.6","1650557.9","126.7754174","34.84751776"
"2018","2018011009","50","주","수","1","2","1","0","0","전남","영암군","차량단독","공작물충돌","공작물충돌","운전자법규위반","안전운전 의무 불이행","단일로","기타단일로","승용차","승용차","없음","없음","898432.5","1640756.3","126.3902573","34.75623083"
"2018","2018031902","10","야","월","1","1","0","0","0","전남","장성군","차량단독","공작물충돌","공작물충돌","운전자법규위반","안전운전 의무 불이행","교차로","교차로내","승용차","승용차","없음","없음","946635","1710975","126.9123684","35.39304357"
"2018","2018012907","10","주","월","1","1","0","0","0","전남","장성군","차대차","정면충돌","정면충돌","운전자법규위반","안전운전 의무 불이행","단일로","기타단일로","화물차","화물차","자전거","자전거","933136","1702770","126.7644044","35.31825149"
"2018","2018060120","30","야","금","1","1","0","0","0","전남","담양군","차량단독","기타","기타","운전자법규위반","안전운전 의무 불이행","단일로","기타단일로","승용차","승용차","없음","없음","958892","1706220","127.047572","35.35075073"
"2018","2018092013","30","주","목","1","1","0","0","0","전남","담양군","차대차","추돌","추돌","운전자법규위반","안전운전 의무 불이행","교차로","교차로부근","승용차","승용차","이륜차","이륜차","944284","1696249.6","126.8874838","35.26014423"
"2018","2018032515","50","주","일","1","2","0","1","0","전남","무안군","차대차","기타","기타","운전자법규위반","안전운전 의무 불이행","기타","기타","화물차","화물차","이륜차","이륜차","897543.2","1668693.7","126.3771213","35.0080223"
"2018","2018052509","26","주","금","1","1","0","0","0","전남","무안군","차대차","측면충돌","측면충돌","운전자법규위반","안전운전 의무 불이행","교차로","교차로부근","화물차","화물차","사륜오토바이(ATV)","사륜오토바이(ATV)","902255","1657713","126.4300399","34.90948784"
"2018","2018100223","45","야","화","1","1","0","0","0","전남","무안군","차량단독","공작물충돌","공작물충돌","운전자법규위반","안전운전 의무 불이행","단일로","기타단일로","화물차","화물차","없음","없음","907950.8","1667906.7","126.4912542","35.00192822"
"2018","2018123020","40","야","일","1","1","0","0","0","전남","광양시","차대사람","횡단중","횡단중","운전자법규위반","안전운전 의무 불이행","단일로","기타단일로","승용차","승용차","보행자","보행자","1018075","1659802","127.697917","34.93287451"
"2018","2018120222","05","야","일","1","1","0","0","0","전남","구례군","차대사람","차도통행중","차도통행중","운전자법규위반","안전운전 의무 불이행","단일로","기타단일로","화물차","화물차","보행자","보행자","998724","1690305","127.4859811","35.20809071"