"발생년","발생년월일시","발생분","주야","요일","사망자수","사상자수","중상자수","경상자수","부상신고자수","발생지시도","발생지시군구","사고유형_대분류","사고유형_중분류","사고유형","법규위반_대분류","법규위반","도로형태_대분류","도로형태","가해자_당사자종별_대분류","가해자_당사자종별","피해자_당사자종별_대분류","피해자_당사자종별","발생위치X_UTMK","발생위치Y_UTMK","경도","위도"
"2018","2018021215","20","주","월","1","1","0","0","0","전북","익산시","차대차","측면충돌","측면충돌","운전자법규위반","안전운전 의무 불이행","단일로","기타단일로","화물차","화물차","승용차","승용차","964244","1781101","127.1031439","36.02609871"
"2018","2018121802","15","야","화","1","1","0","0","0","경북","경주시","차량단독","전도","전도","운전자법규위반","안전운전 의무 불이행","단일로","지하차도(도로)내","화물차","화물차","없음","없음","1164206","1748995","129.3155153","35.72358527"
"2018","2018080721","50","야","화","1","1","0","0","0","경북","경주시","차대사람","횡단중","횡단중","운전자법규위반","과속","단일로","기타단일로","승용차","승용차","보행자","보행자","1164237","1756130","129.3173198","35.78787906"
"2018","2018051119","45","야","금","1","1","0","0","0","경북","경주시","차대사람","횡단중","횡단중","운전자법규위반","안전운전 의무 불이행","교차로","교차로부근","승용차","승용차","보행자","보행자","1163717","1754243","129.3111826","35.77096069"
"2018","2018121918","32","야","수","1","1","0","0","0","경북","경주시","차대사람","차도통행중","차도통행중","운전자법규위반","안전운전 의무 불이행","단일로","기타단일로","승용차","승용차","보행자","보행자","1164050","1748956","129.3137833","35.72325982"
"2018","2018052520","07","야","금","1","1","0","0","0","경북","경주시","차대차","측면충돌","측면충돌","운전자법규위반","중앙선 침범","단일로","기타단일로","사륜오토바이(ATV)","사륜오토바이(ATV)","승용차","승용차","1157520","1775625","129.2468802","35.96466697"
"2018","2018092105","57","야","금","1","1","0","0","0","경북","포항시","차대사람","보도통행중","보도통행중","운전자법규위반","과속","교차로","교차로횡단보도내","승용차","승용차","보행자","보행자","1168076","1783982","129.3656648","36.03821231"
"2018","2018092121","54","야","금","1","1","0","0","0","경북","포항시","차대사람","횡단중","횡단중","운전자법규위반","안전운전 의무 불이행","단일로","기타단일로","이륜차","이륜차","보행자","보행자","1169148","1786031","129.3779971","36.05649018"
"2018","2018080900","10","야","목","1","1","0","0","0","경북","포항시","차량단독","공작물충돌","공작물충돌","운전자법규위반","안전운전 의무 불이행","단일로","고가도로위","이륜차","이륜차","없음","없음","1167540","1783964","129.3597142","36.03814252"
"2018","2018060504","45","야","화","1","1","0","0","0","경북","포항시","차대사람","횡단중","횡단중","운전자법규위반","안전운전 의무 불이행","단일로","기타단일로","승용차","승용차","보행자","보행자","1167344","1783097","129.3573561","36.03036358"
"2018","2018012218","20","야","월","1","1","0","0","0","경북","안동시","차대차","정면충돌","정면충돌","운전자법규위반","안전운전 의무 불이행","교차로","교차로내","화물차","화물차","이륜차","이륜차","1107647","1839358","128.702702","36.54590619"
"2018","2018050512","35","주","토","1","1","0","0","0","경북","안동시","차량단독","공작물충돌","공작물충돌","운전자법규위반","안전운전 의무 불이행","단일로","기타단일로","이륜차","이륜차","없음","없음","1097109","1842120","128.5853329","36.57193071"
"2018","2018122710","46","주","목","1","1","0","0","0","경북","안동시","차량단독","도로이탈","도로이탈 추락","운전자법규위반","기타(운전자법규위반)","단일로","기타단일로","승용차","승용차","없음","없음","1116366","1857303","128.802814","36.7066163"
"2018","2018121102","15","야","화","1","1","0","0","0","경북","안동시","차량단독","도로이탈","도로이탈 기타","운전자법규위반","안전운전 의무 불이행","단일로","기타단일로","승용차","승용차","없음","없음","1133871","1845360","128.9966555","36.59668176"
"2018","2018100921","55","야","화","1","1","0","0","0","경북","김천시","차대사람","차도통행중","차도통행중","운전자법규위반","안전거리 미확보","단일로","기타단일로","승용차","승용차","보행자","보행자","1059140","1794197","128.1573652","36.14302239"
"2018","2018020910","30","주","금","1","1","0","0","0","경북","의성군","차량단독","도로이탈","도로이탈 추락","운전자법규위반","안전운전 의무 불이행","교차로","교차로부근","사륜오토바이(ATV)","사륜오토바이(ATV)","없음","없음","1106970","1818636","128.6922772","36.35920865"
"2018","2018071410","55","주","토","1","1","0","0","0","경북","의성군","차대차","측면충돌","측면충돌","운전자법규위반","안전운전 의무 불이행","단일로","기타단일로","화물차","화물차","자전거","자전거","1119627","1821880","128.8338174","36.38695578"
"2018","2018102219","25","야","월","1","1","0","0","0","경북","영주시","차대사람","횡단중","횡단중","운전자법규위반","안전운전 의무 불이행","교차로","교차로부근","화물차","화물차","보행자","보행자","1089653","1867900","128.505033","36.80502864"
"2018","2018072114","25","주","토","1","3","2","0","0","경북","영주시","차대차","정면충돌","정면충돌","운전자법규위반","중앙선 침범","단일로","기타단일로","화물차","화물차","승용차","승용차","1091179","1877857","128.523333","36.89462747"
"2018","2018072313","24","주","월","1","1","0","0","0","경북","칠곡군","차량단독","공작물충돌","공작물충돌","운전자법규위반","안전운전 의무 불이행","단일로","기타단일로","승용차","승용차","없음","없음","1095309","1790632","128.5589166","36.10800562"
"2018","2018081010","20","주","금","1","1","0","0","0","경북","칠곡군","차량단독","공작물충돌","공작물충돌","운전자법규위반","안전운전 의무 불이행","교차로","교차로부근","승용차","승용차","없음","없음","1080754","1774896","128.395617","35.9674691"
"2018","2018112315","51","주","금","1","1","0","0","0","경북","영천시","차량단독","공작물충돌","공작물충돌","운전자법규위반","안전운전 의무 불이행","단일로","기타단일로","특수차","특수차","없음","없음","1127359","1776227","128.9125967","35.97449573"
"2018","2018021011","35","주","토","1","1","0","0","0","경북","영천시","차대사람","횡단중","횡단중","운전자법규위반","안전운전 의무 불이행","교차로","교차로부근","건설기계","건설기계","보행자","보행자","1123769","1771426","128.8720402","35.93168442"
"2018","2018111402","25","야","수","1","1","0","0","0","경북","영천시","차량단독","공작물충돌","공작물충돌","운전자법규위반","중앙선 침범","단일로","기타단일로","승용차","승용차","없음","없음","1123759","1765269","128.8709717","35.87618957"
"2018","2018081815","50","주","토","1","1","0","0","0","경북","영천시","차량단독","기타","기타","운전자법규위반","안전운전 의무 불이행","단일로","기타단일로","이륜차","이륜차","없음","없음","1112083","1788874","128.7449949","36.09036773"
"2018","2018082019","50","야","월","1","1","0","0","0","경북","경산시","차대사람","횡단중","횡단중","운전자법규위반","보행자 보호의무 위반","교차로","교차로횡단보도내","승합차","승합차","보행자","보행자","1110881","1759138","128.7274914","35.82246754"
"2018","2018051523","20","야","화","1","1","0","0","0","경북","경산시","차대차","추돌","추돌","운전자법규위반","안전운전 의무 불이행","단일로","기타단일로","승용차","승용차","자전거","자전거","1110382","1755140","128.7214164","35.78648512"
"2018","2018010807","00","주","월","1","2","1","0","0","경북","경산시","차대차","추돌","추돌","운전자법규위반","안전운전 의무 불이행","단일로","지하차도(도로)내","승용차","승용차","화물차","화물차","1111537","1752248","128.7337915","35.7602856"
"2018","2018032900","15","야","목","1","1","0","0","0","경북","경산시","차량단독","전도","전도","운전자법규위반","안전운전 의무 불이행","단일로","기타단일로","이륜차","이륜차","없음","없음","1112305","1757479","128.7430191","35.80735115"
"2018","2018031322","04","야","화","1","1","0","0","0","경북","경산시","차대사람","횡단중","횡단중","운전자법규위반","안전운전 의무 불이행","단일로","기타단일로","승합차","승합차","보행자","보행자","1121776","1767550","128.8493588","35.89699829"
"2018","2018020404","00","야","일","1","1","0","0","0","경북","경산시","차량단독","전복","전복","운전자법규위반","안전운전 의무 불이행","교차로","교차로내","승용차","승용차","없음","없음","1117870","1756660","128.8044792","35.79931618"
"2018","2018051018","00","야","목","1","1","0","0","0","경북","예천군","차대차","측면충돌","측면충돌","운전자법규위반","안전운전 의무 불이행","교차로","교차로내","화물차","화물차","이륜차","이륜차","1085138","1850825","128.4525223","36.65153852"
"2018","2018031720","55","야","토","1","1","0","0","0","경북","예천군","차대사람","차도통행중","차도통행중","운전자법규위반","안전운전 의무 불이행","단일로","기타단일로","화물차","화물차","보행자","보행자","1072164","1832715","128.3056861","36.48936387"
"2018","2018122208","10","주","토","1","1","0","0","0","경북","예천군","차대사람","차도통행중","차도통행중","운전자법규위반","과속","단일로","기타단일로","승용차","승용차","보행자","보행자","1089753","1846922","128.5036914","36.6159344"
"2018","2018071708","03","주","화","1","1","0","0","0","경북","청도군","차대사람","길가장자리구역통행중","길가장자리구역통행중","운전자법규위반","중앙선 침범","기타","기타","승용차","승용차","보행자","보행자","1120382","1744406","128.8304336","35.68855518"
"2018","2018031310","05","주","화","1","1","0","0","0","경북","청도군","차량단독","전도","전도","운전자법규위반","안전운전 의무 불이행","기타","기타","사륜오토바이(ATV)","사륜오토바이(ATV)","없음","없음","1127659","1747289","128.911294","35.71362597"
"2018","2018072702","30","야","금","1","1","0","0","0","경북","성주군","차량단독","공작물충돌","공작물충돌","운전자법규위반","안전운전 의무 불이행","단일로","기타단일로","승용차","승용차","없음","없음","1072916","1771385","128.3083739","35.93643431"
"2018","2018090114","10","주","토","1","1","0","0","0","경북","성주군","차량단독","공작물충돌","공작물충돌","운전자법규위반","안전운전 의무 불이행","단일로","기타단일로","화물차","화물차","없음","없음","1073563","1764014","128.3148646","35.86993494"
"2018","2018030114","50","주","목","1","1","0","0","0","경북","울진군","차량단독","전도","전도","운전자법규위반","안전운전 의무 불이행","단일로","기타단일로","이륜차","이륜차","없음","없음","1166608","1892374","129.3727818","37.01511775"
"2018","2018060114","30","주","금","1","1","0","0","0","경북","군위군","차량단독","공작물충돌","공작물충돌","운전자법규위반","안전운전 의무 불이행","단일로","기타단일로","이륜차","이륜차","없음","없음","1112345","1796795","128.7490353","36.16173425"
"2018","2018102701","50","야","토","1","3","0","2","0","경북","구미시","차대차","측면충돌","측면충돌","운전자법규위반","신호위반","교차로","교차로내","이륜차","이륜차","승용차","승용차","1083329","1789572","128.4257192","36.09955254"
"2018","2018081706","25","주","금","1","1","0","0","0","경북","구미시","차대차","기타","기타","운전자법규위반","안전운전 의무 불이행","단일로","기타단일로","승용차","승용차","자전거","자전거","1073013","1793677","128.3115084","36.13738908"
"2018","2018071920","04","야","목","1","1","0","0","0","경북","구미시","차대사람","기타","기타","운전자법규위반","안전운전 의무 불이행","단일로","기타단일로","화물차","화물차","보행자","보행자","1076604","1809655","128.3529787","36.28114777"
"2018","2018080714","05","주","화","1","3","2","0","0","경북","구미시","차대차","추돌","추돌","운전자법규위반","안전운전 의무 불이행","단일로","기타단일로","화물차","화물차","건설기계","건설기계","1083491","1796825","128.4282884","36.16492122"
"2018","2018050816","40","주","화","1","1","0","0","0","경북","포항시","차대차","측면충돌","측면충돌","운전자법규위반","안전운전 의무 불이행","교차로","교차로내","화물차","화물차","자전거","자전거","1168173","1779649","129.3658201","35.99915037"
"2018","2018111718","45","야","토","1","1","0","0","0","경북","포항시","차대차","기타","기타","운전자법규위반","안전운전 의무 불이행","단일로","기타단일로","이륜차","이륜차","승용차","승용차","1162673","1780493","129.3050006","36.00768952"
"2018","2018030210","20","주","금","1","1","0","0","0","경북","포항시","차대차","기타","기타","운전자법규위반","신호위반","교차로","교차로내","이륜차","이륜차","승용차","승용차","1166264","1780157","129.344757","36.00405561"
"2018","2018092112","10","주","금","1","2","1","0","0","경북","구미시","차대사람","기타","기타","운전자법규위반","과속","단일로","기타단일로","승용차","승용차","보행자","보행자","1077571.7","1789009.2","128.3617115","36.09495606"
"2018","2018091114","15","주","화","1","2","1","0","0","경북","문경시","차대차","추돌","추돌","운전자법규위반","안전거리 미확보","단일로","기타단일로","화물차","화물차","특수차","특수차","1056126","1852528","128.1280835","36.66904338"
"2018","2018101020","40","야","수","2","3","1","0","0","경북","김천시","차대차","기타","기타","운전자법규위반","안전운전 의무 불이행","단일로","기타단일로","화물차","화물차","화물차","화물차","1068433","1799030","128.2610741","36.18597993"
"2018","2018061113","05","주","월","1","3","1","1","0","경북","칠곡군","차대차","측면충돌","측면충돌","운전자법규위반","안전운전 의무 불이행","단일로","기타단일로","특수차","특수차","승용차","승용차","1083847","1780407","128.4304998","36.01688856"
"2018","2018072310","19","주","월","1","1","0","0","0","경북","성주군","차량단독","공작물충돌","공작물충돌","운전자법규위반","안전운전 의무 불이행","단일로","기타단일로","화물차","화물차","없음","없음","1067965","1769153","128.2532988","35.91666928"
"2018","2018061105","30","야","월","1","4","2","1","0","대구","동구","차량단독","공작물충돌","공작물충돌","운전자법규위반","안전운전 의무 불이행","단일로","기타단일로","승합차","승합차","없음","없음","1107101","1763778","128.6862764","35.86471365"
"2018","2018062722","38","야","수","1","2","1","0","0","경북","고령군","차대차","추돌","추돌","운전자법규위반","안전운전 의무 불이행","단일로","기타단일로","화물차","화물차","화물차","화물차","1078511","1752987","128.368585","35.77014035"
"2018","2018102909","05","주","월","1","1","0","0","0","경북","고령군","차량단독","공작물충돌","공작물충돌","운전자법규위반","안전운전 의무 불이행","단일로","기타단일로","화물차","화물차","없음","없음","1082769","1745868","128.4149524","35.70561184"
"2018","2018051011","50","주","목","1","1","0","0","0","경남","창원시(통합)","차량단독","공작물충돌","공작물충돌","운전자법규위반","안전운전 의무 불이행","단일로","기타단일로","승용차","승용차","없음","없음","1094521","1683994","128.5376644","35.14674081"
"2018","2018031419","05","야","수","1","1","0","0","0","경남","진주시","차대사람","보도통행중","보도통행중","운전자법규위반","보행자 보호의무 위반","교차로","교차로횡단보도내","승용차","승용차","보행자","보행자","1053518","1686888","128.0877447","35.17585396"
"2018","2018073113","55","주","화","1","1","0","0","0","경남","진주시","차량단독","공작물충돌","공작물충돌","운전자법규위반","안전운전 의무 불이행","단일로","기타단일로","화물차","화물차","없음","없음","1046465","1693004","128.0106354","35.23135165"
"2018","2018071321","02","야","금","1","1","0","0","0","경남","진주시","차대사람","횡단중","횡단중","운전자법규위반","보행자 보호의무 위반","단일로","기타단일로","승용차","승용차","보행자","보행자","1054569","1682170","128.0989746","35.13325653"
"2018","2018081218","35","야","일","1","1","0","0","0","경남","진주시","차량단독","공작물충돌","공작물충돌","운전자법규위반","안전운전 의무 불이행","단일로","기타단일로","승용차","승용차","없음","없음","1059977","1685579","128.1585795","35.16368629"
"2018","2018083101","30","야","금","1","1","0","0","0","경남","창원시(통합)","차대사람","차도통행중","차도통행중","운전자법규위반","안전운전 의무 불이행","단일로","기타단일로","승용차","승용차","보행자","보행자","1118845","1680602","128.8041536","35.11358158"
"2018","2018042411","50","주","화","1","1","0","0","0","경남","창원시(통합)","차대사람","차도통행중","차도통행중","운전자법규위반","안전운전 의무 불이행","단일로","기타단일로","특수차","특수차","보행자","보행자","1109184","1684808","128.6987152","35.15259393"
"2018","2018050921","00","야","수","1","1","0","0","0","경남","통영시","차대사람","횡단중","횡단중","운전자법규위반","보행자 보호의무 위반","단일로","기타단일로","승용차","승용차","보행자","보행자","1084301","1650622","128.4221001","34.84675867"
"2018","2018112605","50","야","월","1","1","0","0","0","경남","사천시","차량단독","기타","기타","운전자법규위반","안전운전 의무 불이행","단일로","기타단일로","승용차","승용차","없음","없음","1051263","1664010","128.061566","34.969683"
"2018","2018020103","05","야","목","1","1","0","0","0","경남","사천시","차량단독","공작물충돌","공작물충돌","운전자법규위반","안전운전 의무 불이행","교차로","교차로내","승합차","승합차","없음","없음","1053320","1675403","128.0848296","35.07230671"
"2018","2018090422","10","야","화","1","3","2","0","0","경남","밀양시","차대차","추돌","추돌","운전자법규위반","안전운전 의무 불이행","단일로","기타단일로","승용차","승용차","승용차","승용차","1114345","1716607","128.7598003","35.4386825"
"2018","2018073011","35","주","월","1","1","0","0","0","경남","밀양시","차대차","측면충돌","측면충돌","운전자법규위반","중앙선 침범","단일로","기타단일로","이륜차","이륜차","건설기계","건설기계","1106380","1712608","128.6715405","35.40351552"
"2018","2018062908","40","주","금","1","1","0","0","0","경남","밀양시","차대차","기타","기타","운전자법규위반","안전운전 의무 불이행","교차로","교차로내","화물차","화물차","승용차","승용차","1121426","1712002","128.8371109","35.39633227"
"2018","2018051320","20","야","일","1","1","0","0","0","경남","밀양시","차대사람","기타","기타","운전자법규위반","안전운전 의무 불이행","교차로","교차로부근","승용차","승용차","보행자","보행자","1113610","1722790","128.7525682","35.4945039"
"2018","2018080716","55","주","화","1","1","0","0","0","경남","밀양시","차량단독","공작물충돌","공작물충돌","운전자법규위반","안전운전 의무 불이행","단일로","기타단일로","승용차","승용차","없음","없음","1108375","1711934","128.6934172","35.39722442"
"2018","2018021612","45","주","금","1","3","1","1","0","경남","김해시","차량단독","공작물충돌","공작물충돌","운전자법규위반","안전운전 의무 불이행","단일로","기타단일로","승용차","승용차","없음","없음","1126748","1701610","128.8940894","35.30199346"
"2018","2018021513","14","주","목","1","2","0","1","0","경남","김해시","차대사람","기타","기타","운전자법규위반","기타(운전자법규위반)","교차로","교차로부근","승용차","승용차","보행자","보행자","1125796","1693433","128.8823684","35.22840285"
"2018","2018090523","55","야","수","1","1","0","0","0","경남","김해시","차대사람","횡단중","횡단중","운전자법규위반","안전운전 의무 불이행","교차로","교차로부근","승용차","승용차","보행자","보행자","1125033","1696464","128.874447","35.25582119"
"2018","2018110905","30","야","금","1","1","0","0","0","경남","김해시","차대사람","기타","기타","운전자법규위반","안전운전 의무 불이행","단일로","기타단일로","화물차","화물차","보행자","보행자","1128729","1694234","128.9147158","35.23525101"
"2018","2018051212","50","주","토","1","2","0","1","0","경남","거창군","차대차","정면충돌","정면충돌","운전자법규위반","안전운전 의무 불이행","단일로","기타단일로","화물차","화물차","화물차","화물차","1036709","1752735","127.9061248","35.77031908"
"2018","2018021222","55","야","월","1","1","0","0","0","경남","함양군","차량단독","도로이탈","도로이탈 추락","운전자법규위반","안전운전 의무 불이행","단일로","기타단일로","화물차","화물차","없음","없음","1024413","1728902","127.7693687","35.55581482"
"2018","2018101419","05","야","일","1","8","2","5","0","경남","함양군","차대차","추돌","추돌","운전자법규위반","안전운전 의무 불이행","단일로","기타단일로","화물차","화물차","승용차","승용차","1025482","1727622","127.7811234","35.54424676"
"2018","2018122408","41","주","월","1","1","0","0","0","경남","양산시","차대차","측면충돌","측면충돌","운전자법규위반","안전운전 의무 불이행","교차로","교차로내","승용차","승용차","자전거","자전거","1153183","1716002","129.1874409","35.42800795"
"2018","2018011808","58","주","목","1","1","0","0","0","경남","고성군","차대사람","차도통행중","차도통행중","운전자법규위반","안전운전 의무 불이행","단일로","기타단일로","화물차","화물차","보행자","보행자","1073780","1667221","128.3084969","34.99724416"
"2018","2018093016","40","주","일","1","1","0","0","0","경남","고성군","차대차","측면충돌","측면충돌","운전자법규위반","안전거리 미확보","단일로","기타단일로","자전거","자전거","화물차","화물차","1076253","1664631","128.3353568","34.97370792"
"2018","2018081505","10","야","수","1","1","0","0","0","경남","하동군","차량단독","도로이탈","도로이탈 기타","운전자법규위반","안전운전 의무 불이행","교차로","교차로내","화물차","화물차","없음","없음","1026664","1660808","127.7919957","34.94175643"
"2018","2018032021","28","야","화","1","1","0","0","0","경남","거제시","차대사람","기타","기타","운전자법규위반","안전운전 의무 불이행","단일로","기타단일로","승용차","승용차","보행자","보행자","1104866","1657917","128.647922","34.91061586"
"2018","2018070902","17","야","월","1","1","0","0","0","경남","거제시","차량단독","공작물충돌","공작물충돌","운전자법규위반","안전운전 의무 불이행","단일로","기타단일로","승용차","승용차","없음","없음","1094096","1658466","128.5301072","34.91662204"
"2018","2018012220","25","야","월","1","1","0","0","0","경남","함안군","차대차","추돌","추돌","운전자법규위반","안전운전 의무 불이행","단일로","기타단일로","승용차","승용차","농기계","농기계","1076001","1697489","128.3356166","35.26998452"
"2018","2018013122","15","야","수","1","1","0","0","0","경남","함안군","차량단독","전복","전복","운전자법규위반","안전운전 의무 불이행","단일로","기타단일로","승용차","승용차","없음","없음","1086608","1690006","128.4514369","35.20165736"
"2018","2018021611","56","주","금","1","1","0","0","0","경남","함안군","차량단독","전도","전도","운전자법규위반","안전운전 의무 불이행","단일로","교량위","이륜차","이륜차","없음","없음","1086091","1690454","128.4458049","35.20574098"
"2018","2018091800","55","야","화","1","1","0","0","0","경남","창원시(통합)","차대사람","횡단중","횡단중","운전자법규위반","안전운전 의무 불이행","교차로","교차로횡단보도내","승용차","승용차","보행자","보행자","1108194","1692547","128.6888641","35.22246973"
"2018","2018112701","10","야","화","1","1","0","0","0","경남","창원시(통합)","차대사람","기타","기타","운전자법규위반","안전운전 의무 불이행","교차로","교차로부근","승용차","승용차","보행자","보행자","1098175","1693720","128.578931","35.23407597"
"2018","2018122519","00","야","화","1","1","0","0","0","경남","창원시(통합)","차량단독","도로이탈","도로이탈 추락","운전자법규위반","안전운전 의무 불이행","기타","기타","사륜오토바이(ATV)","사륜오토바이(ATV)","없음","없음","1106732","1704601","128.6743701","35.33129482"
"2018","2018122616","47","주","수","1","1","0","0","0","경남","김해시","차대사람","보도통행중","보도통행중","운전자법규위반","보행자 보호의무 위반","교차로","교차로횡단보도내","화물차","화물차","보행자","보행자","1119687","1691561","128.8149807","35.21227525"
"2018","2018112402","00","야","토","1","1","0","0","0","경남","함양군","차대차","추돌","추돌","운전자법규위반","안전운전 의무 불이행","단일로","기타단일로","승용차","승용차","화물차","화물차","1025845","1727533","127.7851253","35.54343489"
"2018","2018111103","00","야","일","1","1","0","0","0","제주","제주시","차대사람","횡단중","횡단중","운전자법규위반","안전운전 의무 불이행","단일로","기타단일로","승용차","승용차","보행자","보행자","909612","1501366","126.5269012","33.50034386"
"2018","2018111102","13","야","일","1","1","0","0","0","제주","제주시","차량단독","공작물충돌","공작물충돌","운전자법규위반","안전운전 의무 불이행","단일로","기타단일로","승용차","승용차","없음","없음","938168","1504826","126.8340679","33.53358271"
"2018","2018100303","05","야","수","1","1","0","0","0","제주","제주시","차대사람","횡단중","횡단중","운전자법규위반","안전운전 의무 불이행","단일로","기타단일로","승용차","승용차","보행자","보행자","909483","1500459","126.5256042","33.49215331"
"2018","2018010206","05","주","화","1","1","0","0","0","제주","서귀포시","차대사람","횡단중","횡단중","운전자법규위반","안전운전 의무 불이행","교차로","교차로부근","승용차","승용차","보행자","보행자","918096","1474862","126.6206378","33.2619944"
"2018","2018031006","12","주","토","1","1","0","0","0","제주","서귀포시","차대사람","횡단중","횡단중","운전자법규위반","안전운전 의무 불이행","교차로","교차로내","승용차","승용차","보행자","보행자","945366","1495846","126.9121344","33.45298301"
"2018","2018030320","57","야","토","1","1","0","0","0","제주","서귀포시","차대사람","횡단중","횡단중","운전자법규위반","보행자 보호의무 위반","기타","기타","승용차","승용차","보행자","보행자","886493","1473772","126.2815261","33.24930266"
"2018","2018061710","10","주","일","1","1","0","0","0","제주","서귀포시","차대차","측면충돌","측면충돌","운전자법규위반","중앙선 침범","단일로","기타단일로","승용차","승용차","승용차","승용차","917211","1483099","126.6103832","33.33621515"
"2018","2018112306","30","주","금","1","3","2","0","0","제주","서귀포시","차대차","기타","기타","운전자법규위반","안전운전 의무 불이행","단일로","기타단일로","화물차","화물차","승용차","승용차","892964","1481485","126.3500665","33.31952075"
"2018","2018121919","28","야","수","1","1","0","0","0","제주","제주시","차대사람","횡단중","횡단중","운전자법규위반","안전운전 의무 불이행","단일로","기타단일로","승용차","승용차","보행자","보행자","886711","1494802","126.2812264","33.43897066"
"2018","2018120511","00","주","수","1","1","0","0","0","제주","제주시","차대차","기타","기타","운전자법규위반","안전운전 의무 불이행","교차로","교차로내","승용차","승용차","화물차","화물차","881503","1488163","126.2260844","33.37853993"
"2018","2018081311","11","주","월","1","1","0","0","0","제주","제주시","차대사람","횡단중","횡단중","운전자법규위반","안전운전 의무 불이행","교차로","교차로횡단보도내","승용차","승용차","보행자","보행자","900681","1500196","126.4308955","33.48900033"
"2018","2018010214","00","주","화","1","1","0","0","0","제주","제주시","차량단독","공작물충돌","공작물충돌","운전자법규위반","안전운전 의무 불이행","단일로","기타단일로","승용차","승용차","없음","없음","886877","1485703","126.2841553","33.35693558"
"2018","2018100215","35","주","화","1","1","0","0","0","대구","동구","차대사람","기타","기타","운전자법규위반","안전운전 의무 불이행","교차로","교차로횡단보도내","승용차","승용차","보행자","보행자","1103604","1768685","128.6481883","35.90932301"
"2018","2018090521","38","야","수","1","1","0","0","0","대구","동구","차대차","추돌","추돌","운전자법규위반","안전운전 의무 불이행","단일로","고가도로위","승용차","승용차","이륜차","이륜차","1103619","1765186","128.647899","35.87778042"
"2018","2018040103","25","야","일","1","1","0","0","0","대구","수성구","차량단독","공작물충돌","공작물충돌","운전자법규위반","안전운전 의무 불이행","단일로","기타단일로","이륜차","이륜차","없음","없음","1106449","1762898","128.6789385","35.8568522"
"2018","2018030417","40","주","일","1","1","0","0","0","대구","달서구","차대차","측면충돌","측면충돌","운전자법규위반","안전운전 의무 불이행","단일로","기타단일로","승용차","승용차","이륜차","이륜차","1091489","1757228","128.5126297","35.80724981"
"2018","2018120404","35","야","화","1","1","0","0","0","대구","북구","차대사람","횡단중","횡단중","운전자법규위반","안전거리 미확보","교차로","교차로내","승합차","승합차","보행자","보행자","1099858","1765825","128.6063216","35.88393155"
"2018","2018031808","14","주","일","1","1","0","0","0","대구","서구","차대사람","횡단중","횡단중","운전자법규위반","신호위반","단일로","기타단일로","승용차","승용차","보행자","보행자","1095186","1762762","128.554203","35.85678537"
"2018","2018111101","25","야","일","1","1","0","0","0","대구","달서구","차대사람","기타","기타","운전자법규위반","과속","단일로","기타단일로","승용차","승용차","보행자","보행자","1096653","1761932","128.5703472","35.84915962"
"2018","2018011215","09","주","금","1","1","0","0","0","대구","달서구","차대사람","기타","기타","운전자법규위반","안전운전 의무 불이행","단일로","기타단일로","화물차","화물차","보행자","보행자","1091881","1762553","128.5175807","35.85521686"
"2018","2018052307","30","주","수","1","1","0","0","0","대구","북구","차량단독","기타","기타","운전자법규위반","안전운전 의무 불이행","단일로","기타단일로","화물차","화물차","없음","없음","1092562","1767073","128.5256468","35.89589912"
"2018","2018121819","50","야","화","1","1","0","0","0","인천","중구","차대사람","횡단중","횡단중","운전자법규위반","신호위반","교차로","교차로횡단보도내","승용차","승용차","보행자","보행자","923560","1941349","126.6355721","37.46819868"
"2018","2018102011","30","주","토","1","1","0","0","0","인천","동구","차대차","측면충돌","측면충돌","운전자법규위반","안전운전 의무 불이행","단일로","기타단일로","이륜차","이륜차","승용차","승용차","924918","1942520","126.6508082","37.47886391"
"2018","2018070615","50","주","금","1","1","0","0","0","인천","중구","차량단독","기타","기타","운전자법규위반","안전운전 의무 불이행","단일로","기타단일로","자전거","자전거","없음","없음","910402","1943300","126.4865561","37.48459954"
"2018","2018120705","34","야","금","1","1","0","0","0","인천","남구","차대사람","횡단중","횡단중","운전자법규위반","안전운전 의무 불이행","단일로","기타단일로","화물차","화물차","보행자","보행자","924389","1941065","126.6449751","37.46570728"
"2018","2018082705","05","야","월","1","4","1","2","0","인천","남구","차대차","기타","기타","운전자법규위반","과속","교차로","교차로부근","승합차","승합차","승용차","승용차","928062","1940194","126.6865913","37.45815034"
"2018","2018080109","20","주","수","1","1","0","0","0","인천","남구","차대사람","보도통행중","보도통행중","운전자법규위반","보행자 보호의무 위반","교차로","교차로횡단보도내","승용차","승용차","보행자","보행자","926825","1940596","126.6725658","37.46167638"
"2018","2018102422","20","야","수","1","1","0","0","0","인천","부평구","차대사람","기타","기타","운전자법규위반","보행자 보호의무 위반","교차로","교차로횡단보도내","승용차","승용차","보행자","보행자","931425","1943167","126.7243369","37.48520124"
"2018","2018111623","00","야","금","1","1","0","0","0","인천","남동구","차대사람","기타","기타","운전자법규위반","안전운전 의무 불이행","단일로","기타단일로","승용차","승용차","보행자","보행자","931768","1939840","126.7285245","37.45524075"
"2018","2018111417","38","주","수","1","1","0","0","0","인천","서구","차대사람","횡단중","횡단중","운전자법규위반","안전운전 의무 불이행","교차로","교차로내","승합차","승합차","보행자","보행자","926710","1942402","126.6710858","37.47794433"