"발생년","발생년월일시","발생분","주야","요일","사망자수","사상자수","중상자수","경상자수","부상신고자수","발생지시도","발생지시군구","사고유형_대분류","사고유형_중분류","사고유형","법규위반_대분류","법규위반","도로형태_대분류","도로형태","가해자_당사자종별_대분류","가해자_당사자종별","피해자_당사자종별_대분류","피해자_당사자종별","발생위치X_UTMK","발생위치Y_UTMK","경도","위도"
"2018","2018121907","50","주","수","1","1","0","0","0","경북","문경시","차대차","정면충돌","정면충돌","운전자법규위반","중앙선 침범","단일로","기타단일로","승용차","승용차","승합차","승합차","1059382","1847259","128.16411","36.62134898"
"2018","2018080522","48","야","일","1","2","1","0","0","경북","경산시","차대사람","횡단중","횡단중","운전자법규위반","보행자 보호의무 위반","단일로","기타단일로","승용차","승용차","보행자","보행자","1112795","1760330","128.7488439","35.83299406"
"2018","2018101306","00","주","토","1","1","0","0","0","경북","경산시","차대사람","횡단중","횡단중","운전자법규위반","과속","교차로","교차로횡단보도내","승용차","승용차","보행자","보행자","1110513","1758479","128.7233272","35.81656874"
"2018","2018112813","30","주","수","1","1","0","0","0","경북","경산시","차대사람","차도통행중","차도통행중","운전자법규위반","안전운전 의무 불이행","단일로","기타단일로","승용차","승용차","보행자","보행자","1118829","1761921","128.8158726","35.84662232"
"2018","2018092904","40","야","토","1","1","0","0","0","경북","경산시","차대사람","기타","기타","운전자법규위반","신호위반","교차로","교차로횡단보도내","화물차","화물차","보행자","보행자","1114096","1761599","128.7634266","35.84428228"
"2018","2018062910","00","주","금","1","1","0","0","0","경북","경산시","차량단독","기타","기타","운전자법규위반","안전운전 의무 불이행","단일로","기타단일로","사륜오토바이(ATV)","사륜오토바이(ATV)","없음","없음","1121040","1758036","128.8397617","35.8113334"
"2018","2018020923","42","야","금","1","1","0","0","0","경북","경산시","차대사람","길가장자리구역통행중","길가장자리구역통행중","운전자법규위반","안전운전 의무 불이행","단일로","기타단일로","승용차","승용차","보행자","보행자","1115560","1766751","128.7803813","35.89055031"
"2018","2018103017","59","주","화","2","2","0","0","0","경북","영덕군","차대차","추돌","추돌","운전자법규위반","안전운전 의무 불이행","단일로","교량위","승용차","승용차","농기계","농기계","1168504","1839898","129.3824817","36.54197828"
"2018","2018091310","22","주","목","1","1","0","0","0","경북","영덕군","차대차","측면충돌","측면충돌","운전자법규위반","직진 및 우회전차의 통행방해","교차로","교차로내","화물차","화물차","이륜차","이륜차","1167759","1825289","129.3709948","36.41047646"
"2018","2018100310","20","주","수","1","1","0","0","0","경북","예천군","차량단독","공작물충돌","공작물충돌","운전자법규위반","안전운전 의무 불이행","단일로","기타단일로","이륜차","이륜차","없음","없음","1070121","1836140","128.2831896","36.52038981"
"2018","2018072904","45","야","일","1","1","0","0","0","경북","청도군","차대차","추돌","추돌","운전자법규위반","안전운전 의무 불이행","기타","기타","승용차","승용차","농기계","농기계","1125590","1745538","128.8881532","35.69810895"
"2018","2018082107","30","주","화","1","1","0","0","0","경북","고령군","차대차","측면충돌","측면충돌","운전자법규위반","안전운전 의무 불이행","단일로","기타단일로","이륜차","이륜차","화물차","화물차","1067528","1744021","128.246333","35.69012276"
"2018","2018102800","27","야","일","1","1","0","0","0","경북","고령군","차대사람","차도통행중","차도통행중","운전자법규위반","안전운전 의무 불이행","단일로","기타단일로","승용차","승용차","보행자","보행자","1087317","1758296","128.4665754","35.81725784"
"2018","2018010113","55","주","월","1","1","0","0","0","경북","고령군","차량단독","공작물충돌","공작물충돌","운전자법규위반","안전운전 의무 불이행","단일로","기타단일로","승용차","승용차","없음","없음","1066077","1743251","128.2302342","35.68327904"
"2018","2018102511","40","주","목","1","1","0","0","0","경북","군위군","차대차","측면충돌","측면충돌","운전자법규위반","안전운전 의무 불이행","단일로","기타단일로","승용차","승용차","자전거","자전거","1103180","1799733","128.6475455","36.18923647"
"2018","2018090712","09","주","금","1","3","2","0","0","경북","청송군","차대차","측면충돌","측면충돌","운전자법규위반","교차로 통행방법 위반","교차로","교차로내","화물차","화물차","화물차","화물차","1130690","1810752","128.9552661","36.28522358"
"2018","2018101515","45","주","월","1","1","0","0","0","경북","청송군","차대차","정면충돌","정면충돌","운전자법규위반","중앙선 침범","단일로","기타단일로","화물차","화물차","건설기계","건설기계","1132201","1810883","128.9721087","36.2861983"
"2018","2018042811","10","주","토","1","1","0","0","0","경북","울릉군","차량단독","전도","전도","운전자법규위반","안전운전 의무 불이행","단일로","기타단일로","사륜오토바이(ATV)","사륜오토바이(ATV)","없음","없음","1293632","1947493","130.8206316","37.48004244"
"2018","2018103008","22","주","화","1","1","0","0","0","경북","구미시","차대차","기타","기타","운전자법규위반","부당한 회전","단일로","기타단일로","이륜차","이륜차","화물차","화물차","1075473","1795987","128.3390694","36.1580248"
"2018","2018081021","00","야","금","1","1","0","0","0","경북","구미시","차대사람","횡단중","횡단중","운전자법규위반","신호위반","교차로","교차로내","원동기장치자전거","원동기장치자전거","보행자","보행자","1075093","1791331","128.3344007","36.11608152"
"2018","2018022712","36","주","화","1","1","0","0","0","경북","포항시","차대차","측면충돌","측면충돌","운전자법규위반","신호위반","교차로","교차로내","승용차","승용차","자전거","자전거","1167312","1776496","129.3556065","35.97088616"
"2018","2018101200","15","야","금","1","1","0","0","0","경북","포항시","차대차","측면충돌","측면충돌","운전자법규위반","안전운전 의무 불이행","교차로","교차로부근","승용차","승용차","승용차","승용차","1165757","1782407","129.3396055","36.02441732"
"2018","2018102922","30","야","월","1","2","0","1","0","경북","포항시","차대차","기타","기타","운전자법규위반","신호위반","교차로","교차로내","승용차","승용차","이륜차","이륜차","1168903","1781952","129.3744067","36.01977669"
"2018","2018100722","50","야","일","1","1","0","0","0","경북","포항시","차대사람","횡단중","횡단중","운전자법규위반","안전운전 의무 불이행","단일로","기타단일로","승용차","승용차","보행자","보행자","1167703","1780790","129.3608497","36.0095131"
"2018","2018101223","40","야","금","1","3","0","0","2","경북","문경시","차대차","추돌","추돌","운전자법규위반","안전운전 의무 불이행","단일로","기타단일로","승용차","승용차","화물차","화물차","1058360","1846911","128.1526545","36.61827512"
"2018","2018022311","20","주","금","1","3","0","2","0","경북","경산시","차대차","추돌","추돌","운전자법규위반","안전운전 의무 불이행","단일로","교량위","화물차","화물차","화물차","화물차","1115358","1765477","128.7779591","35.87909048"
"2018","2018042715","40","주","금","1","10","2","7","0","경북","상주시","차대차","추돌","추돌","운전자법규위반","안전운전 의무 불이행","단일로","기타단일로","승합차","승합차","승용차","승용차","1037780","1827594","127.9215643","36.44517271"
"2018","2018120403","18","야","화","1","1","0","0","0","경북","칠곡군","차대차","기타","기타","운전자법규위반","안전운전 의무 불이행","단일로","기타단일로","특수차","특수차","화물차","화물차","1086192.9","1773269.7","128.4557542","35.95234308"
"2018","2018101905","25","야","금","2","5","2","1","0","경북","상주시","차대차","추돌","추돌","운전자법규위반","안전운전 의무 불이행","단일로","기타단일로","화물차","화물차","화물차","화물차","1063929","1825664","128.2131698","36.42638765"
"2018","2018072413","20","주","화","1","4","1","2","0","경북","구미시","차대차","추돌","추돌","운전자법규위반","안전운전 의무 불이행","단일로","기타단일로","화물차","화물차","화물차","화물차","1068491","1802022","128.2619805","36.21294824"
"2018","2018092119","51","야","금","1","1","0","0","0","경남","진주시","차대사람","횡단중","횡단중","운전자법규위반","보행자 보호의무 위반","교차로","교차로횡단보도내","화물차","화물차","보행자","보행자","1051322","1688668","128.0637397","35.19201835"
"2018","2018052203","55","야","화","1","1","0","0","0","경남","진주시","차대사람","기타","기타","운전자법규위반","안전운전 의무 불이행","단일로","기타단일로","승용차","승용차","보행자","보행자","1053138","1688765","128.0836927","35.19279847"
"2018","2018120817","24","주","토","1","1","0","0","0","경남","진주시","차대사람","횡단중","횡단중","운전자법규위반","보행자 보호의무 위반","단일로","기타단일로","승용차","승용차","보행자","보행자","1052569","1689113","128.077465","35.19596625"
"2018","2018100215","15","주","화","1","1","0","0","0","경남","창원시(통합)","차대차","측면충돌","측면충돌","운전자법규위반","안전거리 미확보","교차로","교차로부근","이륜차","이륜차","승용차","승용차","1108558","1684683","128.6918274","35.15153482"
"2018","2018051909","00","주","토","1","1","0","0","0","경남","창원시(통합)","차대사람","횡단중","횡단중","운전자법규위반","안전운전 의무 불이행","단일로","기타단일로","승용차","승용차","보행자","보행자","1109110","1685464","128.6979897","35.15851596"
"2018","2018013111","00","주","수","1","1","0","0","0","경남","창원시(통합)","차량단독","기타","기타","운전자법규위반","안전운전 의무 불이행","기타","기타","화물차","화물차","없음","없음","1116855","1681830","128.7824947","35.12488495"
"2018","2018080120","20","야","수","1","1","0","0","0","경남","통영시","차대사람","횡단중","횡단중","운전자법규위반","안전운전 의무 불이행","단일로","기타단일로","승용차","승용차","보행자","보행자","1083804","1660955","128.4177","34.93996665"
"2018","2018010215","15","주","화","1","1","0","0","0","경남","통영시","차량단독","공작물충돌","공작물충돌","운전자법규위반","안전운전 의무 불이행","단일로","기타단일로","승용차","승용차","없음","없음","1083174","1658334","128.4105408","34.91638656"
"2018","2018031019","53","야","토","1","1","0","0","0","경남","통영시","차대사람","횡단중","횡단중","운전자법규위반","보행자 보호의무 위반","단일로","기타단일로","승용차","승용차","보행자","보행자","1084312","1650604","128.4222186","34.84659546"
"2018","2018112209","35","주","목","1","1","0","0","0","경남","사천시","차대차","기타","기타","운전자법규위반","앞지르기 금지위반","단일로","기타단일로","승합차","승합차","원동기장치자전거","원동기장치자전거","1041942","1673218","127.9599259","35.053142"
"2018","2018102906","22","주","월","1","1","0","0","0","경남","사천시","차대사람","횡단중","횡단중","운전자법규위반","안전운전 의무 불이행","단일로","기타단일로","승용차","승용차","보행자","보행자","1053612","1676226","128.0880855","35.07971209"
"2018","2018070215","20","주","월","1","1","0","0","0","경남","사천시","차량단독","공작물충돌","공작물충돌","운전자법규위반","안전운전 의무 불이행","교차로","교차로부근","화물차","화물차","없음","없음","1051638","1672250","128.0661855","35.04396394"
"2018","2018042412","25","주","화","1","2","0","1","0","경남","김해시","차대차","측면충돌","측면충돌","운전자법규위반","중앙선 침범","단일로","기타단일로","화물차","화물차","화물차","화물차","1131528","1705380","128.947255","35.33535916"
"2018","2018060519","10","야","화","1","4","0","3","0","경남","김해시","차대차","기타","기타","운전자법규위반","중앙선 침범","단일로","기타단일로","승용차","승용차","승용차","승용차","1126463","1698607","128.8904925","35.27495947"
"2018","2018041920","15","야","목","1","1","0","0","0","경남","거창군","차대사람","횡단중","횡단중","운전자법규위반","안전운전 의무 불이행","교차로","교차로부근","승용차","승용차","보행자","보행자","1040981","1739464","127.9527091","35.65049758"
"2018","2018072421","07","야","화","1","1","0","0","0","경남","거창군","차대사람","횡단중","횡단중","운전자법규위반","안전운전 의무 불이행","교차로","교차로내","승용차","승용차","보행자","보행자","1037423","1755535","127.9141547","35.79553705"
"2018","2018030618","45","야","화","1","1","0","0","0","경남","합천군","차대사람","횡단중","횡단중","운전자법규위반","안전운전 의무 불이행","교차로","교차로부근","승용차","승용차","보행자","보행자","1059943","1730367","128.1614925","35.56751021"
"2018","2018080114","30","주","수","1","1","0","0","0","경남","합천군","차대차","기타","기타","운전자법규위반","안전운전 의무 불이행","단일로","기타단일로","불명","불명","이륜차","이륜차","1073380","1731241","128.3098419","35.57448516"
"2018","2018122117","45","주","금","1","1","0","0","0","경남","창녕군","차대사람","횡단중","횡단중","운전자법규위반","안전운전 의무 불이행","교차로","교차로내","승용차","승용차","보행자","보행자","1082253","1723998","128.4070208","35.50848829"
"2018","2018061717","52","주","일","1","1","0","0","0","경남","함양군","차대차","측면충돌","측면충돌","운전자법규위반","안전운전 의무 불이행","교차로","교차로내","사륜오토바이(ATV)","사륜오토바이(ATV)","승용차","승용차","1027610","1719285","127.804316","35.46901871"
"2018","2018091920","35","야","수","1","1","0","0","0","경남","양산시","차대사람","기타","기타","운전자법규위반","안전운전 의무 불이행","교차로","교차로내","승용차","승용차","보행자","보행자","1141295","1712189","129.0558685","35.39539835"
"2018","2018062310","22","주","토","1","1","0","0","0","경남","양산시","차대사람","횡단중","횡단중","운전자법규위반","안전운전 의무 불이행","교차로","교차로부근","화물차","화물차","보행자","보행자","1151470","1714592","129.1683158","35.41556184"
"2018","2018062212","15","주","금","3","4","0","1","0","경남","양산시","차대사람","기타","기타","운전자법규위반","중앙선 침범","단일로","기타단일로","승용차","승용차","보행자","보행자","1130351","1714010","128.935685","35.41330472"
"2018","2018061116","55","주","월","1","1","0","0","0","경남","양산시","차대사람","차도통행중","차도통행중","운전자법규위반","안전운전 의무 불이행","단일로","기타단일로","승합차","승합차","보행자","보행자","1139249","1705832","129.0322628","35.33838656"
"2018","2018022109","25","주","수","1","1","0","0","0","경남","하동군","차대사람","길가장자리구역통행중","길가장자리구역통행중","운전자법규위반","안전운전 의무 불이행","주차장","주차장","화물차","화물차","보행자","보행자","1022917","1674658","127.7513446","35.0667384"
"2018","2018030317","00","주","토","1","1","0","0","0","경남","거제시","차대사람","횡단중","횡단중","운전자법규위반","과속","단일로","기타단일로","승용차","승용차","보행자","보행자","1109935","1657733","128.7033753","34.90842025"
"2018","2018102621","15","야","금","1","1","0","0","0","경남","거제시","차대사람","차도통행중","차도통행중","운전자법규위반","안전운전 의무 불이행","단일로","기타단일로","승용차","승용차","보행자","보행자","1101908","1655497","128.6152525","34.88909895"
"2018","2018092716","45","주","목","1","4","0","3","0","경남","남해군","차대차","정면충돌","정면충돌","운전자법규위반","중앙선 침범","단일로","기타단일로","화물차","화물차","승용차","승용차","1046570","1648357","128.0092859","34.82876309"
"2018","2018101318","15","야","토","1","1","0","0","0","경남","남해군","차량단독","도로이탈","도로이탈 추락","운전자법규위반","안전운전 의무 불이행","단일로","기타단일로","이륜차","이륜차","없음","없음","1036496","1649448","127.8991676","34.83901244"
"2018","2018031321","15","야","화","1","2","0","1","0","경남","산청군","차대차","추돌","추돌","운전자법규위반","안전운전 의무 불이행","단일로","기타단일로","화물차","화물차","화물차","화물차","1032232","1713545","127.8550313","35.41712419"
"2018","2018060120","33","야","금","1","1","0","0","0","경남","산청군","차대차","추돌","추돌","운전자법규위반","안전운전 의무 불이행","교차로","교차로내","화물차","화물차","농기계","농기계","1042047","1700748","127.9624811","35.30137244"
"2018","2018052612","34","주","토","1","6","5","0","0","경남","산청군","차대사람","기타","기타","운전자법규위반","안전운전 의무 불이행","단일로","기타단일로","화물차","화물차","보행자","보행자","1030890","1720633","127.8405187","35.48107648"
"2018","2018101512","45","주","월","1","1","0","0","0","경남","산청군","차대사람","길가장자리구역통행중","길가장자리구역통행중","운전자법규위반","안전운전 의무 불이행","단일로","기타단일로","화물차","화물차","보행자","보행자","1032433","1718922","127.8574595","35.46559996"
"2018","2018072420","25","야","화","2","2","0","0","0","경남","함안군","차대차","추돌","추돌","운전자법규위반","안전운전 의무 불이행","단일로","기타단일로","승용차","승용차","농기계","농기계","1075766","1697682","128.3330509","35.27174244"
"2018","2018102415","40","주","수","1","1","0","0","0","경남","의령군","차량단독","전도","전도","운전자법규위반","안전운전 의무 불이행","단일로","지하차도(도로)내","농기계","농기계","없음","없음","1070448","1705105","128.2752224","35.33905786"
"2018","2018081419","50","야","화","1","1","0","0","0","경남","의령군","차대차","추돌","추돌","운전자법규위반","안전운전 의무 불이행","단일로","지하차도(도로)내","승용차","승용차","농기계","농기계","1063157","1704964","128.1949856","35.33827443"
"2018","2018010120","45","야","월","1","4","2","1","0","경남","창원시(통합)","차대차","기타","기타","운전자법규위반","안전운전 의무 불이행","교차로","교차로횡단보도내","승용차","승용차","승용차","승용차","1106988","1691683","128.6755025","35.21481"
"2018","2018121707","20","주","월","1","2","0","1","0","경남","창원시(통합)","차대차","정면충돌","정면충돌","운전자법규위반","안전운전 의무 불이행","단일로","교량위","화물차","화물차","화물차","화물차","1109336","1689849","128.701052","35.19802301"
"2018","2018091123","05","야","화","1","1","0","0","0","경남","김해시","차대사람","횡단중","횡단중","운전자법규위반","안전운전 의무 불이행","단일로","기타단일로","승용차","승용차","보행자","보행자","1119147","1690507","128.8088966","35.20283796"
"2018","2018021506","20","주","목","1","1","0","0","0","경남","김해시","차대사람","횡단중","횡단중","운전자법규위반","안전운전 의무 불이행","교차로","교차로부근","승용차","승용차","보행자","보행자","1113688","1701331","128.7504372","35.30104875"
"2018","2018082310","05","주","목","1","2","1","0","0","경남","통영시","차량단독","공작물충돌","공작물충돌","운전자법규위반","안전운전 의무 불이행","단일로","기타단일로","화물차","화물차","없음","없음","1083445","1654124","128.413087","34.87840506"
"2018","2018041820","55","야","수","1","2","0","1","0","제주","제주시","차대사람","횡단중","횡단중","운전자법규위반","과속","단일로","기타단일로","이륜차","이륜차","보행자","보행자","912649","1502300","126.5595019","33.50901953"
"2018","2018010706","20","주","일","1","1","0","0","0","제주","제주시","차대차","기타","기타","운전자법규위반","신호위반","교차로","교차로내","화물차","화물차","이륜차","이륜차","943576","1500764","126.8925653","33.49724653"
"2018","2018022420","21","야","토","1","1","0","0","0","제주","서귀포시","차대사람","횡단중","횡단중","운전자법규위반","안전운전 의무 불이행","교차로","교차로부근","승용차","승용차","보행자","보행자","913775","1473789","126.5743526","33.25198048"
"2018","2018031520","50","야","목","1","4","3","0","0","제주","서귀포시","차대차","정면충돌","정면충돌","운전자법규위반","중앙선 침범","단일로","교량위","승용차","승용차","승용차","승용차","893983","1477100","126.3615261","33.28007697"
"2018","2018042114","50","주","토","1","2","0","0","1","제주","서귀포시","차대차","기타","기타","운전자법규위반","중앙선 침범","교차로","교차로부근","이륜차","이륜차","승용차","승용차","934745","1487716","126.7984484","33.37906328"
"2018","2018080523","50","야","일","1","2","1","0","0","제주","서귀포시","차대사람","횡단중","횡단중","운전자법규위반","보행자 보호의무 위반","단일로","기타단일로","승용차","승용차","보행자","보행자","899743","1473906","126.423724","33.25182329"
"2018","2018122221","55","야","토","1","1","0","0","0","제주","서귀포시","차대사람","기타","기타","운전자법규위반","안전운전 의무 불이행","단일로","기타단일로","승용차","승용차","보행자","보행자","944894","1492984","126.9072314","33.42714572"
"2018","2018112318","29","야","금","1","1","0","0","0","제주","제주시","차대차","기타","기타","운전자법규위반","신호위반","교차로","교차로내","승용차","승용차","이륜차","이륜차","897329","1498265","126.3950403","33.47127006"
"2018","2018071114","27","주","수","1","1","0","0","0","제주","제주시","차량단독","기타","기타","운전자법규위반","안전운전 의무 불이행","단일로","기타단일로","화물차","화물차","없음","없음","890498","1497538","126.321626","33.46403705"
"2018","2018072503","00","야","수","1","1","0","0","0","제주","제주시","차량단독","공작물충돌","공작물충돌","운전자법규위반","안전운전 의무 불이행","단일로","기타단일로","승용차","승용차","없음","없음","878761","1486523","126.1968333","33.36344522"
"2018","2018040214","35","주","월","1","1","0","0","0","대구","동구","차량단독","기타","기타","운전자법규위반","안전운전 의무 불이행","단일로","기타단일로","승용차","승용차","없음","없음","1104956","1774087","128.6638827","35.95787341"
"2018","2018091009","30","주","월","1","1","0","0","0","대구","동구","차대차","기타","기타","운전자법규위반","기타(운전자법규위반)","단일로","기타단일로","승합차","승합차","승용차","승용차","1102949","1771731","128.6413251","35.93684965"
"2018","2018071520","20","야","일","1","1","0","0","0","대구","수성구","차대사람","횡단중","횡단중","운전자법규위반","보행자 보호의무 위반","교차로","교차로횡단보도내","승합차","승합차","보행자","보행자","1102202","1758931","128.6314028","35.82154428"
"2018","2018022500","17","야","일","1","1","0","0","0","대구","달성군","차대차","추돌","추돌","운전자법규위반","안전운전 의무 불이행","단일로","기타단일로","원동기장치자전거","원동기장치자전거","화물차","화물차","1090004","1765215","128.4970964","35.87938843"
"2018","2018071521","54","야","일","1","1","0","0","0","대구","달성군","차대사람","차도통행중","차도통행중","운전자법규위반","안전운전 의무 불이행","교차로","교차로부근","화물차","화물차","보행자","보행자","1090588","1756985","128.502631","35.80514279"
"2018","2018080815","34","주","수","1","1","0","0","0","대구","달성군","차량단독","전도","전도","운전자법규위반","안전운전 의무 불이행","단일로","기타단일로","이륜차","이륜차","없음","없음","1085762","1742290","128.4476522","35.67309951"
"2018","2018082000","05","야","월","1","2","1","0","0","대구","달성군","차대차","측면충돌","측면충돌","운전자법규위반","신호위반","교차로","교차로내","화물차","화물차","승용차","승용차","1084423","1762804","128.4350203","35.85815071"
"2018","2018011221","45","야","금","1","1","0","0","0","대구","북구","차대사람","횡단중","횡단중","운전자법규위반","과속","단일로","기타단일로","승용차","승용차","보행자","보행자","1099427","1766611","128.6016455","35.89106078"
"2018","2018102706","22","주","토","1","1","0","0","0","대구","북구","차대사람","횡단중","횡단중","운전자법규위반","신호위반","교차로","교차로횡단보도내","승용차","승용차","보행자","보행자","1098933","1767781","128.5963184","35.90165776"
"2018","2018052211","01","주","화","1","1","0","0","0","대구","서구","차대차","측면충돌","측면충돌","운전자법규위반","안전운전 의무 불이행","단일로","기타단일로","건설기계","건설기계","건설기계","건설기계","1093276","1763919","128.5331878","35.86739909"
"2018","2018032505","50","야","일","1","2","0","1","0","대구","달서구","차대차","기타","기타","운전자법규위반","신호위반","교차로","교차로내","이륜차","이륜차","승용차","승용차","1089582","1761336","128.4919861","35.84445875"
"2018","2018071823","40","야","수","1","1","0","0","0","대구","달서구","차량단독","기타","기타","운전자법규위반","안전운전 의무 불이행","단일로","기타단일로","이륜차","이륜차","없음","없음","1094305","1761268","128.5442706","35.84340267"
"2018","2018122304","50","야","일","1","1","0","0","0","대구","북구","차대차","기타","기타","운전자법규위반","안전운전 의무 불이행","단일로","기타단일로","화물차","화물차","자전거","자전거","1094809","1772564","128.5511961","35.94518278"
"2018","2018112310","40","주","금","1","5","1","3","0","인천","중구","차대사람","기타","기타","운전자법규위반","기타(운전자법규위반)","기타","기타","승합차","승합차","보행자","보행자","907698","1938674","126.4565553","37.44264271"
"2018","2018041921","35","야","목","1","3","1","1","0","인천","중구","차대차","정면충돌","정면충돌","운전자법규위반","교차로 통행방법 위반","교차로","교차로내","승용차","승용차","승합차","승합차","921702","1942429","126.6144482","37.47777675"
"2018","2018060415","30","주","월","1","1","0","0","0","인천","옹진군","차량단독","도로이탈","도로이탈 추락","운전자법규위반","안전운전 의무 불이행","단일로","기타단일로","농기계","농기계","없음","없음","862137","1898430","125.9491017","37.07434747"
"2018","2018012006","45","주","토","1","1","0","0","0","인천","중구","차대차","추돌","추돌","운전자법규위반","안전운전 의무 불이행","교차로","교차로부근","화물차","화물차","화물차","화물차","922368","1938941","126.6223474","37.44639679"
"2018","2018060923","30","야","토","1","2","1","0","0","인천","남동구","차량단독","공작물충돌","공작물충돌","운전자법규위반","안전운전 의무 불이행","단일로","지하차도(도로)내","원동기장치자전거","원동기장치자전거","없음","없음","929874","1941036","126.7069977","37.46587841"
"2018","2018040900","37","야","월","1","3","2","0","0","인천","남동구","차대차","측면충돌","측면충돌","운전자법규위반","중앙선 침범","단일로","기타단일로","승용차","승용차","승용차","승용차","929271","1938663","126.7004072","37.44444495"
"2018","2018010819","08","야","월","1","1","0","0","0","인천","서구","차대사람","횡단중","횡단중","운전자법규위반","안전운전 의무 불이행","단일로","기타단일로","화물차","화물차","보행자","보행자","921073","1952273","126.6062773","37.56644262"
"2018","2018020616","40","주","화","1","2","0","1","0","인천","서구","차대차","기타","기타","운전자법규위반","안전운전 의무 불이행","단일로","기타단일로","승용차","승용차","승용차","승용차","927436","1944629","126.6790765","37.49807306"
"2018","2018022400","40","야","토","1","1","0","0","0","인천","서구","차대차","측면충돌","측면충돌","운전자법규위반","신호위반","교차로","교차로내","특수차","특수차","이륜차","이륜차","926960","1950653","126.6730929","37.55232795"
"2018","2018120417","40","주","화","1","1","0","0","0","인천","서구","차대차","기타","기타","운전자법규위반","신호위반","교차로","교차로내","화물차","화물차","화물차","화물차","924541","1946484","126.646138","37.51455941"
"2018","2018080805","55","야","수","1","1","0","0","0","인천","서구","차대차","측면충돌","측면충돌","운전자법규위반","과속","단일로","기타단일로","승용차","승용차","승용차","승용차","927234","1948633","126.676395","37.53414404"
"2018","2018011902","14","야","금","1","1","0","0","0","인천","계양구","차량단독","공작물충돌","공작물충돌","운전자법규위반","안전운전 의무 불이행","단일로","기타단일로","이륜차","이륜차","없음","없음","932371","1949206","126.7344806","37.53969955"
"2018","2018082923","58","야","수","1","1","0","0","0","인천","계양구","차대차","추돌","추돌","운전자법규위반","안전운전 의무 불이행","교차로","교차로부근","승용차","승용차","이륜차","이륜차","933939","1948242","126.7523148","37.5311249"
"2018","2018070409","13","주","수","1","1","0","0","0","인천","계양구","차대사람","기타","기타","운전자법규위반","안전운전 의무 불이행","단일로","기타단일로","화물차","화물차","보행자","보행자","931313","1948267","126.7225935","37.53115831"
"2018","2018110523","05","야","월","1","1","0","0","0","인천","연수구","차대차","측면충돌","측면충돌","운전자법규위반","안전운전 의무 불이행","교차로","교차로부근","자전거","자전거","승합차","승합차","926383","1936149","126.6680122","37.42156135"
"2018","2018070321","10","야","화","1","2","0","1","0","인천","연수구","차대차","추돌","추돌","운전자법규위반","안전운전 의무 불이행","교차로","교차로부근","승용차","승용차","승합차","승합차","928979.7","1936315.6","126.6973403","37.42326579"
"2018","2018010602","00","야","토","1","1","0","0","0","인천","연수구","차대차","측면충돌","측면충돌","운전자법규위반","안전운전 의무 불이행","단일로","교량위","승용차","승용차","이륜차","이륜차","926341.9","1933027.8","126.667859","37.39342716"
"2018","2018032005","52","야","화","1","1","0","0","0","인천","부평구","차대차","기타","기타","운전자법규위반","안전운전 의무 불이행","단일로","기타단일로","승용차","승용차","화물차","화물차","931920","1944018","126.7298567","37.49290782"
"2018","2018122117","30","주","금","1","1","0","0","0","인천","남동구","차대사람","횡단중","횡단중","운전자법규위반","안전운전 의무 불이행","단일로","기타단일로","승합차","승합차","보행자","보행자","932768","1938977","126.739909","37.44753585"
"2018","2018011400","01","야","일","1","5","1","3","0","경기","고양시","차대차","추돌","추돌","운전자법규위반","안전운전 의무 불이행","단일로","교량위","승용차","승용차","승용차","승용차","938655","1959524","126.8047422","37.63313402"
"2018","2018060817","15","주","금","1","1","0","0","0","경기","고양시","차대사람","기타","기타","운전자법규위반","안전운전 의무 불이행","단일로","교량위","화물차","화물차","보행자","보행자","947216","1963887","126.9014481","37.67298932"
"2018","2018090119","35","야","토","1","4","0","3","0","경기","안양시","차대차","추돌","추돌","운전자법규위반","안전운전 의무 불이행","단일로","고가도로위","승용차","승용차","승용차","승용차","947185","1936245","126.9030867","37.42384741"
"2018","2018080715","40","주","화","1","2","0","1","0","경기","안산시","차량단독","공작물충돌","공작물충돌","운전자법규위반","안전운전 의무 불이행","단일로","기타단일로","화물차","화물차","없음","없음","937327","1927640","126.7924083","37.34567417"
"2018","2018100603","28","야","토","1","1","0","0","0","인천","부평구","차대차","기타","기타","운전자법규위반","안전운전 의무 불이행","단일로","교량위","화물차","화물차","승용차","승용차","933848","1947395","126.7513612","37.52348448"
"2018","2018100520","30","야","금","1","1","0","0","0","광주","동구","차대사람","횡단중","횡단중","운전자법규위반","안전운전 의무 불이행","단일로","기타단일로","승용차","승용차","보행자","보행자","948198.6137","1684795.565","126.931238","35.157077"
"2018","2018012205","50","야","월","1","1","0","0","0","광주","남구","차대차","측면충돌","측면충돌","운전자법규위반","기타(운전자법규위반)","교차로","교차로부근","승용차","승용차","자전거","자전거","947003","1680940","126.9183585","35.12224993"
"2018","2018101017","30","주","수","1","1","0","0","0","광주","북구","차대사람","횡단중","횡단중","운전자법규위반","보행자 보호의무 위반","단일로","기타단일로","건설기계","건설기계","보행자","보행자","945607.7","1685869.9","126.9027212","35.16662709"
"2018","2018053020","30","야","수","1","1","0","0","0","광주","북구","차대사람","횡단중","횡단중","운전자법규위반","신호위반","단일로","기타단일로","승용차","승용차","보행자","보행자","945605","1684956","126.9027518","35.15838657"