"발생년","발생년월일시","발생분","주야","요일","사망자수","사상자수","중상자수","경상자수","부상신고자수","발생지시도","발생지시군구","사고유형_대분류","사고유형_중분류","사고유형","법규위반_대분류","법규위반","도로형태_대분류","도로형태","가해자_당사자종별_대분류","가해자_당사자종별","피해자_당사자종별_대분류","피해자_당사자종별","발생위치X_UTMK","발생위치Y_UTMK","경도","위도"
"2018","2018031414","10","주","수","1","1","0","0","0","경기","양평군","차량단독","공작물충돌","공작물충돌","운전자법규위반","안전운전 의무 불이행","단일로","기타단일로","이륜차","이륜차","없음","없음","986008","1948659","127.3416232","37.53714426"
"2018","2018122919","20","야","토","1","2","0","1","0","경기","오산시","차대차","측면충돌","측면충돌","운전자법규위반","신호위반","교차로","교차로내","승합차","승합차","승합차","승합차","962619","1906772","127.0789989","37.15893754"
"2018","2018110201","02","야","금","1","1","0","0","0","경기","화성시","차대사람","횡단중","횡단중","운전자법규위반","안전운전 의무 불이행","단일로","기타단일로","승용차","승용차","보행자","보행자","958882","1912645","127.0365891","37.21171891"
"2018","2018041021","12","야","화","1","1","0","0","0","경기","화성시","차량단독","기타","기타","운전자법규위반","안전운전 의무 불이행","기타","기타","자전거","자전거","없음","없음","959412","1914822","127.0424436","37.23136518"
"2018","2018122116","00","주","금","1","1","0","0","0","경기","부천시","차대사람","보도통행중","보도통행중","운전자법규위반","보행자 보호의무 위반","교차로","교차로횡단보도내","승용차","승용차","보행자","보행자","933812","1943629","126.7512929","37.48953938"
"2018","2018103022","00","야","화","1","1","0","0","0","경기","광명시","차대차","추돌","추돌","운전자법규위반","안전운전 의무 불이행","단일로","기타단일로","승용차","승용차","건설기계","건설기계","945211","1941275","126.880404","37.46906915"
"2018","2018022105","52","야","수","1","1","0","0","0","경기","광명시","차대사람","횡단중","횡단중","운전자법규위반","안전운전 의무 불이행","단일로","기타단일로","승용차","승용차","보행자","보행자","942722","1941934","126.8522068","37.47485787"
"2018","2018120807","06","주","토","1","1","0","0","0","경기","안산시","차대차","추돌","추돌","운전자법규위반","안전운전 의무 불이행","단일로","기타단일로","승용차","승용차","건설기계","건설기계","939514","1925952","126.8172361","37.33060487"
"2018","2018091820","43","야","화","1","1","0","0","0","경기","수원시","차대차","측면충돌","측면충돌","운전자법규위반","안전운전 의무 불이행","교차로","교차로횡단보도내","승합차","승합차","자전거","자전거","961496","1917718","127.0657866","37.25755757"
"2018","2018122806","25","주","금","1","1","0","0","0","경기","수원시","차대사람","횡단중","횡단중","운전자법규위반","과속","교차로","교차로부근","승용차","승용차","보행자","보행자","958791","1918081","127.0352628","37.26071376"
"2018","2018020405","30","야","일","1","1","0","0","0","경기","군포시","차대사람","횡단중","횡단중","운전자법규위반","과속","단일로","기타단일로","승용차","승용차","보행자","보행자","949845","1930300","126.933552","37.37041083"
"2018","2018070601","58","야","금","1","1","0","0","0","경기","성남시","차량단독","기타","기타","운전자법규위반","안전운전 의무 불이행","단일로","기타단일로","이륜차","이륜차","없음","없음","969126","1935779","127.1510769","37.42063911"
"2018","2018011020","50","야","수","1","1","0","0","0","경기","성남시","차대차","기타","기타","운전자법규위반","신호위반","교차로","교차로내","이륜차","이륜차","승합차","승합차","969192","1936801","127.1517801","37.42985322"
"2018","2018041020","35","야","화","1","1","0","0","0","경기","성남시","차대사람","보도통행중","보도통행중","운전자법규위반","보행자 보호의무 위반","교차로","교차로횡단보도내","승합차","승합차","보행자","보행자","966117","1932588","127.1172176","37.39177142"
"2018","2018010717","30","주","일","1","5","2","2","0","경기","시흥시","차대차","추돌","추돌","운전자법규위반","안전운전 의무 불이행","단일로","기타단일로","화물차","화물차","승용차","승용차","940481","1934204","126.8274873","37.40504467"
"2018","2018052713","00","주","일","1","12","2","5","4","경기","시흥시","차대차","추돌","추돌","운전자법규위반","안전운전 의무 불이행","단일로","기타단일로","화물차","화물차","승용차","승용차","932931","1931843","126.7423996","37.3832489"
"2018","2018042219","23","야","일","1","1","0","0","0","경기","시흥시","차대사람","횡단중","횡단중","운전자법규위반","안전운전 의무 불이행","교차로","교차로부근","승합차","승합차","보행자","보행자","933664","1927405","126.7510764","37.3433015"
"2018","2018060901","47","야","토","1","1","0","0","0","경기","시흥시","차대사람","기타","기타","운전자법규위반","안전운전 의무 불이행","단일로","기타단일로","승용차","승용차","보행자","보행자","933415","1927001","126.7483018","37.33964237"
"2018","2018101219","55","야","금","1","1","0","0","0","경기","안산시","차대사람","횡단중","횡단중","운전자법규위반","안전운전 의무 불이행","교차로","교차로횡단보도내","승합차","승합차","보행자","보행자","942007","1924326","126.8455024","37.31610821"
"2018","2018010422","30","야","목","1","2","0","1","0","경기","안산시","차대사람","횡단중","횡단중","운전자법규위반","과속","단일로","기타단일로","승용차","승용차","보행자","보행자","948129","1922354","126.9147284","37.29869557"
"2018","2018071507","30","주","일","1","1","0","0","0","경기","수원시","차량단독","기타","기타","운전자법규위반","안전운전 의무 불이행","단일로","기타단일로","이륜차","이륜차","없음","없음","953146","1918818","126.9715569","37.26708982"
"2018","2018100321","12","야","수","1","1","0","0","0","경기","수원시","차대사람","차도통행중","차도통행중","운전자법규위반","안전운전 의무 불이행","단일로","기타단일로","화물차","화물차","보행자","보행자","956501","1918937","127.009388","37.2683253"
"2018","2018010813","20","주","월","1","2","1","0","0","경기","이천시","차대차","기타","기타","운전자법규위반","안전운전 의무 불이행","단일로","기타단일로","승용차","승용차","승용차","승용차","994184","1915088","127.4344321","37.23462866"
"2018","2018051310","30","주","일","2","4","2","0","0","경기","가평군","차량단독","공작물충돌","공작물충돌","운전자법규위반","안전운전 의무 불이행","단일로","기타단일로","승용차","승용차","없음","없음","994823","1961076","127.4413131","37.6491568"
"2018","2018053000","36","야","수","1","3","1","1","0","경기","용인시","차대차","정면충돌","정면충돌","운전자법규위반","중앙선 침범","단일로","터널안","승용차","승용차","승용차","승용차","980383","1915986","127.2788206","37.24253488"
"2018","2018032421","00","야","토","1","4","0","3","0","경기","화성시","차대차","추돌","추돌","운전자법규위반","안전운전 의무 불이행","단일로","기타단일로","승용차","승용차","화물차","화물차","953898","1909101","126.9806389","37.17954108"
"2018","2018070220","36","야","월","2","4","0","2","0","경기","이천시","차대차","기타","기타","운전자법규위반","안전운전 의무 불이행","단일로","기타단일로","승용차","승용차","승용차","승용차","987016","1916822","127.3535921","37.25018668"
"2018","2018111508","56","주","목","1","1","0","0","0","경기","화성시","차량단독","공작물충돌","공작물충돌","운전자법규위반","안전운전 의무 불이행","단일로","기타단일로","이륜차","이륜차","없음","없음","946357","1900387","126.8963144","37.10059277"
"2018","2018052914","45","주","화","1","2","0","1","0","경기","화성시","차대차","정면충돌","정면충돌","운전자법규위반","중앙선 침범","단일로","기타단일로","화물차","화물차","건설기계","건설기계","953751","1903039","126.9793577","37.124892"
"2018","2018052501","20","야","금","1","1","0","0","0","경기","화성시","차량단독","공작물충돌","공작물충돌","운전자법규위반","안전운전 의무 불이행","단일로","기타단일로","이륜차","이륜차","없음","없음","946139","1905740","126.8934763","37.14883077"
"2018","2018040207","00","주","월","1","22","2","19","0","경기","화성시","차대차","추돌","추돌","운전자법규위반","안전운전 의무 불이행","교차로","교차로부근","건설기계","건설기계","승용차","승용차","935809","1912242","126.7766003","37.20678383"
"2018","2018012114","06","주","일","1","1","0","0","0","경기","화성시","차량단독","기타","기타","운전자법규위반","안전운전 의무 불이행","단일로","기타단일로","건설기계","건설기계","없음","없음","942558","1893614","126.8540817","37.03931729"
"2018","2018090719","55","야","금","1","1","0","0","0","경기","의왕시","차대차","기타","기타","운전자법규위반","신호위반","교차로","교차로내","승용차","승용차","원동기장치자전거","원동기장치자전거","954585","1932781","126.9869309","37.39301755"
"2018","2018070215","45","주","월","1","1","0","0","0","경기","하남시","차대사람","기타","기타","운전자법규위반","안전운전 의무 불이행","교차로","교차로횡단보도내","화물차","화물차","보행자","보행자","973821","1948902","127.2036701","37.53906897"
"2018","2018031208","39","주","월","1","1","0","0","0","경기","안양시","차대차","측면충돌","측면충돌","운전자법규위반","차로위반(진로변경 위반)","단일로","기타단일로","이륜차","이륜차","승용차","승용차","949080","1933062","126.9247223","37.39526412"
"2018","2018071515","44","주","일","1","1","0","0","0","경기","부천시","차대사람","차도통행중","차도통행중","운전자법규위반","보행자 보호의무 위반","교차로","교차로횡단보도내","승용차","승용차","보행자","보행자","937953","1946889","126.7978567","37.51920926"
"2018","2018110221","55","야","금","1","1","0","0","0","경기","용인시","차대차","기타","기타","운전자법규위반","신호위반","교차로","교차로내","승용차","승용차","이륜차","이륜차","961995","1925328","127.0710244","37.32617257"
"2018","2018071812","35","주","수","1","1","0","0","0","강원","춘천시","차대차","측면충돌","측면충돌","운전자법규위반","안전운전 의무 불이행","단일로","기타단일로","승용차","승용차","자전거","자전거","1019682.3","1987287.4","127.7238302","37.8852087"
"2018","2018042323","10","야","월","1","1","0","0","0","강원","강릉시","차량단독","공작물충돌","공작물충돌","운전자법규위반","안전운전 의무 불이행","교차로","교차로부근","승용차","승용차","없음","없음","1121728.8","1975596.1","128.8821717","37.77193912"
"2018","2018030418","20","야","일","1","1","0","0","0","강원","강릉시","차대사람","횡단중","횡단중","운전자법규위반","과속","단일로","기타단일로","승용차","승용차","보행자","보행자","1122348","1972108.2","128.8886128","37.74042831"
"2018","2018092919","05","야","토","1","1","0","0","0","강원","강릉시","차대사람","횡단중","횡단중","운전자법규위반","안전운전 의무 불이행","단일로","기타단일로","승용차","승용차","보행자","보행자","1120930","1977095","128.873354","37.7855512"
"2018","2018123000","52","야","일","1","1","0","0","0","강원","강릉시","차량단독","공작물충돌","공작물충돌","운전자법규위반","안전운전 의무 불이행","단일로","기타단일로","화물차","화물차","없음","없음","1124182","1974083","128.90976","37.75797532"
"2018","2018110821","20","야","목","1","4","0","2","1","강원","원주시","차대차","추돌","추돌","운전자법규위반","안전운전 의무 불이행","교차로","교차로부근","화물차","화물차","승합차","승합차","1039766","1926326","127.9489056","37.33509446"
"2018","2018012910","05","주","월","1","1","0","0","0","강원","속초시","차대차","측면충돌","측면충돌","운전자법규위반","안전운전 의무 불이행","교차로","교차로내","승용차","승용차","자전거","자전거","1095826","2021685","128.5942641","38.19034213"
"2018","2018072503","36","야","수","1","1","0","0","0","강원","영월군","차량단독","도로이탈","도로이탈 추락","운전자법규위반","안전운전 의무 불이행","단일로","지하차도(도로)내","이륜차","이륜차","없음","없음","1076422","1916671","128.3616778","37.24578081"
"2018","2018041115","25","주","수","1","1","0","0","0","강원","영월군","차량단독","전도","전도","운전자법규위반","안전운전 의무 불이행","단일로","기타단일로","사륜오토바이(ATV)","사륜오토바이(ATV)","없음","없음","1078984","1908461","128.3896926","37.17157018"
"2018","2018110118","00","야","목","1","2","1","0","0","강원","평창군","차대사람","기타","기타","운전자법규위반","안전운전 의무 불이행","단일로","기타단일로","승용차","승용차","보행자","보행자","1080903.7","1934596.6","128.4141597","37.4069619"
"2018","2018101116","45","주","목","1","1","0","0","0","강원","평창군","차대사람","보도통행중","보도통행중","운전자법규위반","중앙선 침범","단일로","기타단일로","화물차","화물차","보행자","보행자","1093087.1","1959876.1","128.5550076","37.63363905"
"2018","2018030417","50","주","일","1","1","0","0","0","강원","평창군","차대차","정면충돌","정면충돌","운전자법규위반","중앙선 침범","단일로","기타단일로","이륜차","이륜차","승용차","승용차","1084196.2","1946810.3","128.452754","37.51674411"
"2018","2018011510","10","주","월","1","3","1","1","0","강원","화천군","차량단독","공작물충돌","공작물충돌","운전자법규위반","안전운전 의무 불이행","단일로","교량위","승용차","승용차","없음","없음","1022336","2014605","127.7548592","38.13135548"
"2018","2018091413","35","주","금","1","1","0","0","0","강원","태백시","차량단독","공작물충돌","공작물충돌","운전자법규위반","안전운전 의무 불이행","교차로","교차로부근","화물차","화물차","없음","없음","1133561.6","1904074","129.0035298","37.12582928"
"2018","2018110915","31","주","금","1","1","0","0","0","강원","태백시","차량단독","전도","전도","운전자법규위반","안전운전 의무 불이행","단일로","터널안","승용차","승용차","없음","없음","1135858","1900257","129.0286809","37.09110348"
"2018","2018010108","55","주","월","1","1","0","0","0","강원","정선군","차량단독","도로이탈","도로이탈 추락","운전자법규위반","안전운전 의무 불이행","단일로","기타단일로","화물차","화물차","없음","없음","1101038","1938832","128.6422069","37.44315355"
"2018","2018041108","40","주","수","1","1","0","0","0","강원","횡성군","차대차","측면충돌","측면충돌","운전자법규위반","교차로 통행방법 위반","교차로","교차로내","농기계","농기계","원동기장치자전거","원동기장치자전거","1053962","1951452","128.1109915","37.56084445"
"2018","2018042210","52","주","일","1","1","0","0","0","강원","인제군","차량단독","공작물충돌","공작물충돌","운전자법규위반","안전운전 의무 불이행","단일로","기타단일로","원동기장치자전거","원동기장치자전거","없음","없음","1062484","2015130","128.2129814","38.13419987"
"2018","2018082606","12","주","일","1","1","0","0","0","강원","인제군","차대차","정면충돌","정면충돌","운전자법규위반","신호위반","교차로","교차로부근","승용차","승용차","이륜차","이륜차","1059595","2010415","128.1796244","38.09190331"
"2018","2018071400","10","야","토","1","1","0","0","0","강원","동해시","차대사람","차도통행중","차도통행중","운전자법규위반","안전운전 의무 불이행","단일로","기타단일로","화물차","화물차","보행자","보행자","1141713","1946775.9","129.1034145","37.50939243"
"2018","2018103007","40","주","화","1","1","0","0","0","충북","청주시","차대차","측면충돌","측면충돌","운전자법규위반","신호위반","교차로","교차로내","자전거","자전거","승용차","승용차","999106","1849246","127.4899992","36.6411121"
"2018","2018052319","53","야","수","1","1","0","0","0","충북","청주시","차대사람","차도통행중","차도통행중","운전자법규위반","안전운전 의무 불이행","단일로","기타단일로","승용차","승용차","보행자","보행자","997875","1851111","127.4762233","36.65792305"
"2018","2018070421","02","야","수","1","1","0","0","0","충북","청주시","차대사람","횡단중","횡단중","운전자법규위반","안전운전 의무 불이행","교차로","교차로부근","승합차","승합차","보행자","보행자","995765","1860281","127.4525636","36.74058248"
"2018","2018062911","15","주","금","1","1","0","0","0","충북","충주시","차량단독","도로이탈","도로이탈 추락","운전자법규위반","안전운전 의무 불이행","단일로","기타단일로","건설기계","건설기계","없음","없음","1051552","1892084","128.0795854","37.02586806"
"2018","2018051315","58","주","일","1","1","0","0","0","충북","충주시","차대사람","기타","기타","운전자법규위반","안전운전 의무 불이행","기타","기타","승용차","승용차","보행자","보행자","1036552","1887157","127.9107102","36.98215897"
"2018","2018020614","25","주","화","1","1","0","0","0","충북","충주시","차대차","기타","기타","운전자법규위반","안전운전 의무 불이행","교차로","교차로횡단보도내","화물차","화물차","자전거","자전거","1038688","1886968","127.9347007","36.98036983"
"2018","2018012822","07","야","일","1","3","0","2","0","충북","충주시","차대사람","횡단중","횡단중","운전자법규위반","과속","교차로","교차로내","승용차","승용차","보행자","보행자","1029020","1886140","127.8260405","36.97325403"
"2018","2018062102","40","야","목","1","1","0","0","0","충북","제천시","차대차","정면충돌","정면충돌","운전자법규위반","중앙선 침범","단일로","기타단일로","자전거","자전거","화물차","화물차","1063264","1905999","128.212425","37.15057614"
"2018","2018102501","25","야","목","2","4","2","0","0","충북","제천시","차대차","정면충돌","정면충돌","운전자법규위반","중앙선 침범","기타","기타","승용차","승용차","승용차","승용차","1062716","1898345","128.2056137","37.08162323"
"2018","2018043020","10","야","월","1","1","0","0","0","충북","영동군","차량단독","전도","전도","운전자법규위반","안전운전 의무 불이행","기타","기타","이륜차","이륜차","없음","없음","1018941","1799508","127.7106706","36.19252341"
"2018","2018090915","40","주","일","1","1","0","0","0","충북","영동군","차량단독","전복","전복","운전자법규위반","안전운전 의무 불이행","단일로","기타단일로","농기계","농기계","없음","없음","1027046","1787380","127.8004002","36.08298947"
"2018","2018110312","05","주","토","1","1","0","0","0","충북","보은군","차량단독","도로이탈","도로이탈 추락","운전자법규위반","안전운전 의무 불이행","단일로","지하차도(도로)내","화물차","화물차","없음","없음","1017546","1825187","127.6957326","36.42405685"
"2018","2018091120","13","야","화","1","1","0","0","0","충북","음성군","차량단독","도로이탈","도로이탈 추락","운전자법규위반","안전운전 의무 불이행","교차로","교차로부근","이륜차","이륜차","없음","없음","997608","1886812","127.4731235","36.97975637"
"2018","2018081906","00","주","일","1","2","0","1","0","충북","음성군","차대차","추돌","추돌","운전자법규위반","안전운전 의무 불이행","단일로","기타단일로","승용차","승용차","농기계","농기계","1014800","1877005","127.6661005","36.89123785"
"2018","2018072406","32","주","화","1","1","0","0","0","충북","옥천군","차대차","기타","기타","운전자법규위반","신호위반","교차로","교차로내","화물차","화물차","화물차","화물차","1007061","1811301.6","127.5786424","36.299009"
"2018","2018061412","45","주","목","1","1","0","0","0","충북","옥천군","차량단독","도로이탈","도로이탈 추락","운전자법규위반","안전운전 의무 불이행","단일로","기타단일로","승용차","승용차","없음","없음","1001322","1815513","127.514731","36.33700168"
"2018","2018051821","50","야","금","1","1","0","0","0","충북","단양군","차량단독","기타","기타","운전자법규위반","안전운전 의무 불이행","단일로","기타단일로","이륜차","이륜차","없음","없음","1088201","1897779","128.4922439","37.0744696"
"2018","2018110123","30","야","목","1","1","0","0","0","충북","진천군","차대사람","길가장자리구역통행중","길가장자리구역통행중","운전자법규위반","안전운전 의무 불이행","단일로","기타단일로","승용차","승용차","보행자","보행자","994243","1879120","127.435373","36.9104022"
"2018","2018102714","20","주","토","1","1","0","0","0","충북","진천군","차대차","기타","기타","운전자법규위반","교차로 통행방법 위반","교차로","교차로내","화물차","화물차","이륜차","이륜차","999012","1877336","127.4889112","36.89433725"
"2018","2018042913","15","주","일","1","1","0","0","0","충북","진천군","차대차","정면충돌","정면충돌","운전자법규위반","중앙선 침범","교차로","교차로부근","농기계","농기계","이륜차","이륜차","984621","1877185","127.3273977","36.89285121"
"2018","2018020419","05","야","일","1","6","2","3","0","충북","진천군","차대차","기타","기타","운전자법규위반","안전거리 미확보","단일로","기타단일로","승합차","승합차","승용차","승용차","995449","1880162","127.448905","36.91980196"
"2018","2018021622","30","야","금","1","6","2","3","0","충북","청주시","차대차","기타","기타","운전자법규위반","신호위반","교차로","교차로내","승용차","승용차","승용차","승용차","994305","1848308","127.4362992","36.63263943"
"2018","2018052414","57","주","목","1","1","0","0","0","충북","청주시","차량단독","공작물충돌","공작물충돌","운전자법규위반","안전운전 의무 불이행","단일로","기타단일로","승용차","승용차","없음","없음","995862","1829234","127.4538172","36.46069316"
"2018","2018081313","03","주","월","1","3","0","2","0","충북","청주시","차대차","측면충돌","측면충돌","운전자법규위반","신호위반","교차로","교차로내","이륜차","이륜차","화물차","화물차","996338","1846343","127.4590484","36.61493495"
"2018","2018091613","18","주","일","1","1","0","0","0","충북","청주시","차대차","기타","기타","운전자법규위반","안전운전 의무 불이행","단일로","기타단일로","특수차","특수차","이륜차","이륜차","995639","1852106","127.4511989","36.66688529"
"2018","2018020300","00","야","토","1","6","1","4","0","충북","음성군","차대차","추돌","추돌","운전자법규위반","안전거리 미확보","단일로","기타단일로","특수차","특수차","화물차","화물차","998474","1891553","127.4828443","37.02249557"
"2018","2018060403","34","야","월","1","1","0","0","0","충북","진천군","차량단독","도로이탈","도로이탈 추락","운전자법규위반","안전운전 의무 불이행","단일로","기타단일로","특수차","특수차","없음","없음","998242.6","1873534","127.4802847","36.86006256"
"2018","2018070415","40","주","수","1","9","0","8","0","충북","충주시","차대차","추돌","추돌","운전자법규위반","안전운전 의무 불이행","단일로","기타단일로","승용차","승용차","승용차","승용차","1034734","1878893","127.8899032","36.90773367"
"2018","2018120603","55","야","목","1","20","13","6","0","충북","충주시","차대차","추돌","추돌","운전자법규위반","안전운전 의무 불이행","단일로","터널안","승합차","승합차","건설기계","건설기계","1023200","1893418","127.7608774","37.03902185"
"2018","2018083003","05","야","목","1","1","0","0","0","경기","광주시","차량단독","공작물충돌","공작물충돌","운전자법규위반","안전운전 의무 불이행","단일로","교량위","승용차","승용차","없음","없음","977922","1940416","127.2503452","37.4626871"
"2018","2018040405","19","야","수","1","3","0","2","0","충북","괴산군","차대차","추돌","추돌","운전자법규위반","안전운전 의무 불이행","단일로","기타단일로","화물차","화물차","화물차","화물차","1045118","1861366","128.0054238","36.74929965"
"2018","2018111318","00","야","화","1","3","1","1","0","충북","충주시","차대사람","기타","기타","운전자법규위반","안전운전 의무 불이행","단일로","기타단일로","화물차","화물차","보행자","보행자","1020790","1894186","127.7337991","37.04600131"
"2018","2018112018","00","야","화","1","5","0","4","0","충북","충주시","차대차","추돌","추돌","운전자법규위반","안전거리 미확보","단일로","기타단일로","승용차","승용차","승용차","승용차","1019524","1898849","127.7196833","37.08806201"
"2018","2018021118","10","야","일","1","3","1","1","0","충남","서산시","차대차","정면충돌","정면충돌","운전자법규위반","중앙선 침범","단일로","기타단일로","화물차","화물차","승용차","승용차","913532","1858820","126.5316965","36.72348246"
"2018","2018030121","45","야","목","1","2","0","1","0","충남","천안시","차대사람","차도통행중","차도통행중","운전자법규위반","안전운전 의무 불이행","교차로","교차로내","승합차","승합차","보행자","보행자","966886","1879802","127.1282419","36.91598603"
"2018","2018101722","59","야","수","1","1","0","0","0","충남","천안시","차량단독","기타","기타","운전자법규위반","안전운전 의무 불이행","단일로","기타단일로","이륜차","이륜차","없음","없음","968789","1869750","127.1500193","36.82543763"
"2018","2018041022","25","야","화","1","1","0","0","0","충남","천안시","차대차","측면충돌","측면충돌","운전자법규위반","교차로 통행방법 위반","교차로","교차로내","승용차","승용차","이륜차","이륜차","966214","1867122","127.1212622","36.80165899"
"2018","2018032507","20","주","일","1","1","0","0","0","충남","논산시","차대사람","기타","기타","운전자법규위반","안전운전 의무 불이행","단일로","기타단일로","화물차","화물차","보행자","보행자","967716","1811783","127.1404177","36.30283418"
"2018","2018012907","00","주","월","1","1","0","0","0","충남","논산시","차대차","추돌","추돌","운전자법규위반","안전운전 의무 불이행","단일로","기타단일로","승용차","승용차","건설기계","건설기계","963675","1798309","127.0960352","36.18121746"
"2018","2018060716","00","주","목","1","1","0","0","0","충남","계룡시","차량단독","기타","기타","운전자법규위반","안전운전 의무 불이행","단일로","기타단일로","이륜차","이륜차","없음","없음","975718","1812385","127.229525","36.30849628"
"2018","2018062221","15","야","금","1","1","0","0","0","충남","논산시","차대사람","차도통행중","차도통행중","운전자법규위반","안전운전 의무 불이행","단일로","기타단일로","승용차","승용차","보행자","보행자","962288","1799852","127.0805368","36.19507521"
"2018","2018011018","50","야","수","1","1","0","0","0","충남","홍성군","차대사람","차도통행중","차도통행중","운전자법규위반","안전운전 의무 불이행","단일로","기타단일로","승합차","승합차","보행자","보행자","929667","1847325","126.7134209","36.62119841"
"2018","2018112001","07","야","화","3","5","2","0","0","충남","홍성군","차량단독","공작물충돌","공작물충돌","운전자법규위반","안전운전 의무 불이행","교차로","교차로부근","승용차","승용차","없음","없음","924268","1845606","126.6532157","36.60528942"
"2018","2018090311","00","주","월","1","1","0","0","0","충남","홍성군","차대차","추돌","추돌","운전자법규위반","과속","단일로","기타단일로","승용차","승용차","이륜차","이륜차","918030","1844724","126.5835684","36.5968232"
"2018","2018071010","00","주","화","1","4","0","3","0","충남","홍성군","차대차","측면충돌","측면충돌","운전자법규위반","중앙선 침범","교차로","교차로부근","농기계","농기계","승용차","승용차","923578","1840088","126.6460493","36.55549476"
"2018","2018071521","00","야","일","1","1","0","0","0","충남","아산시","차대사람","길가장자리구역통행중","길가장자리구역통행중","운전자법규위반","안전운전 의무 불이행","단일로","기타단일로","화물차","화물차","보행자","보행자","943350","1861680","126.8653748","36.75151133"
"2018","2018081312","00","주","월","1","1","0","0","0","충남","아산시","차대사람","기타","기타","운전자법규위반","안전운전 의무 불이행","단일로","기타단일로","승용차","승용차","보행자","보행자","955257","1864627","126.9985856","36.77871351"
"2018","2018061416","50","주","목","1","1","0","0","0","충남","아산시","차대사람","횡단중","횡단중","운전자법규위반","보행자 보호의무 위반","단일로","기타단일로","승용차","승용차","보행자","보행자","956135","1864719","127.0084193","36.77958391"
"2018","2018011405","30","야","일","1","1","0","0","0","충남","아산시","차대사람","길가장자리구역통행중","길가장자리구역통행중","운전자법규위반","안전운전 의무 불이행","단일로","기타단일로","농기계","농기계","보행자","보행자","948310","1858532","126.92115","36.72341747"
"2018","2018091523","20","야","토","1","1","0","0","0","충남","아산시","차대차","추돌","추돌","운전자법규위반","과속","단일로","기타단일로","승용차","승용차","이륜차","이륜차","946019","1861852","126.8952608","36.7532175"
"2018","2018080411","21","주","토","1","1","0","0","0","충남","서천군","차량단독","공작물충돌","공작물충돌","운전자법규위반","안전운전 의무 불이행","교차로","교차로내","화물차","화물차","없음","없음","923768","1794361","126.6526509","36.14330743"
"2018","2018062009","35","주","수","1","2","0","1","0","충남","보령시","차량단독","전도","전도","운전자법규위반","안전운전 의무 불이행","단일로","기타단일로","화물차","화물차","없음","없음","923764","1799866","126.6520721","36.19293305"
"2018","2018040419","25","야","수","1","1","0","0","0","충남","보령시","차대사람","횡단중","횡단중","운전자법규위반","안전운전 의무 불이행","단일로","기타단일로","화물차","화물차","보행자","보행자","919076","1829245","126.5968849","36.45738448"
"2018","2018121118","00","야","화","1","1","0","0","0","충남","보령시","차대사람","횡단중","횡단중","운전자법규위반","안전운전 의무 불이행","단일로","기타단일로","승용차","승용차","보행자","보행자","919699","1830458","126.603711","36.46837104"
"2018","2018120308","50","주","월","1","2","0","1","0","충남","공주시","차대차","정면충돌","정면충돌","운전자법규위반","안전운전 의무 불이행","단일로","기타단일로","화물차","화물차","화물차","화물차","959872","1813283","127.0529755","36.3160623"
"2018","2018091705","10","야","월","1","1","0","0","0","충남","공주시","차대차","추돌","추돌","운전자법규위반","과속","교차로","교차로부근","승용차","승용차","사륜오토바이(ATV)","사륜오토바이(ATV)","965721","1843904","127.1167761","36.59233825"
"2018","2018010403","08","야","목","1","1","0","0","0","세종","세종","차대사람","차도통행중","차도통행중","운전자법규위반","과속","단일로","고가도로위","승용차","승용차","보행자","보행자","982019","1844291","127.2989699","36.59627361"
"2018","2018092121","37","야","금","1","1","0","0","0","세종","세종","차대사람","횡단중","횡단중","운전자법규위반","안전운전 의무 불이행","교차로","교차로부근","화물차","화물차","보행자","보행자","970285","1859224","127.1672047","36.73059799"
"2018","2018022114","20","주","수","1","1","0","0","0","충남","당진시","차량단독","공작물충돌","공작물충돌","운전자법규위반","안전운전 의무 불이행","단일로","기타단일로","화물차","화물차","없음","없음","924047","1877744","126.647546","36.89495776"
"2018","2018040421","10","야","수","1","2","1","0","0","충남","당진시","차대사람","차도통행중","차도통행중","운전자법규위반","기타(운전자법규위반)","단일로","기타단일로","화물차","화물차","보행자","보행자","916814","1892117","126.5647932","37.02389568"
"2018","2018090913","00","주","일","1","1","0","0","0","충남","당진시","차대차","기타","기타","운전자법규위반","안전운전 의무 불이행","단일로","기타단일로","이륜차","이륜차","화물차","화물차","927869","1868160","126.6913485","36.80886994"
"2018","2018052910","20","주","화","1","1","0","0","0","충남","당진시","차대차","정면충돌","정면충돌","운전자법규위반","안전운전 의무 불이행","단일로","기타단일로","이륜차","이륜차","화물차","화물차","913849","1886080","126.5321538","36.96921596"
"2018","2018052915","35","주","화","1","1","0","0","0","충남","당진시","차대사람","횡단중","횡단중","운전자법규위반","안전운전 의무 불이행","교차로","교차로내","화물차","화물차","보행자","보행자","936384","1883142","126.7855451","36.94452719"
"2018","2018072407","38","주","화","1","1","0","0","0","충남","금산군","차량단독","도로이탈","도로이탈 기타","운전자법규위반","안전운전 의무 불이행","기타","기타","농기계","농기계","없음","없음","995489","1781021","127.4499323","36.02602363"
"2018","2018071817","02","주","수","1","1","0","0","0","충남","청양군","차대차","측면충돌","측면충돌","운전자법규위반","과속","기타","기타","화물차","화물차","자전거","자전거","938093","1828626","126.8091488","36.45322156"