"발생년","발생년월일시","발생분","주야","요일","사망자수","사상자수","중상자수","경상자수","부상신고자수","발생지시도","발생지시군구","사고유형_대분류","사고유형_중분류","사고유형","법규위반_대분류","법규위반","도로형태_대분류","도로형태","가해자_당사자종별_대분류","가해자_당사자종별","피해자_당사자종별_대분류","피해자_당사자종별","발생위치X_UTMK","발생위치Y_UTMK","경도","위도"
"2018","2018111806","10","주","일","1","1","0","0","0","충남","천안시","차대차","측면충돌","측면충돌","운전자법규위반","신호위반","교차로","교차로내","이륜차","이륜차","승용차","승용차","969104","1866764","127.1536728","36.79853053"
"2018","2018082612","53","주","일","1","1","0","0","0","충남","천안시","차대사람","보도통행중","보도통행중","운전자법규위반","신호위반","교차로","교차로횡단보도내","승용차","승용차","보행자","보행자","968074","1866766","127.1421271","36.79851438"
"2018","2018090713","15","주","금","1","1","0","0","0","충남","천안시","차대사람","기타","기타","운전자법규위반","안전운전 의무 불이행","교차로","교차로부근","건설기계","건설기계","보행자","보행자","978942","1862046","127.2640807","36.7562692"
"2018","2018090417","50","주","화","1","3","1","1","0","충남","태안군","차대차","측면충돌","측면충돌","운전자법규위반","신호위반","교차로","교차로내","승합차","승합차","화물차","화물차","892313","1862284","126.2936321","36.7525329"
"2018","2018110501","48","야","월","1","2","0","0","1","충남","태안군","차대차","정면충돌","정면충돌","운전자법규위반","중앙선 침범","단일로","기타단일로","사륜오토바이(ATV)","사륜오토바이(ATV)","승용차","승용차","893620","1861225","126.3084186","36.74313581"
"2018","2018021317","00","주","화","1","2","1","0","0","충남","태안군","차대차","추돌","추돌","운전자법규위반","안전운전 의무 불이행","단일로","기타단일로","승용차","승용차","이륜차","이륜차","893516","1852495","126.3084692","36.66444132"
"2018","2018092315","25","주","일","1","2","0","0","1","충남","태안군","차대차","측면충돌","측면충돌","운전자법규위반","직진 및 우회전차의 통행방해","교차로","교차로내","사륜오토바이(ATV)","사륜오토바이(ATV)","승용차","승용차","883489","1856539","126.1956793","36.69971294"
"2018","2018050410","50","주","금","2","2","0","0","0","대전","유성구","차량단독","공작물충돌","공작물충돌","운전자법규위반","안전운전 의무 불이행","단일로","기타단일로","승용차","승용차","없음","없음","984855","1818362","127.3311845","36.36256825"
"2018","2018042223","35","야","일","1","1","0","0","0","전북","전주시","차대사람","횡단중","횡단중","운전자법규위반","안전운전 의무 불이행","교차로","교차로내","승용차","승용차","보행자","보행자","965126","1757387","127.1139733","35.8123286"
"2018","2018021019","30","야","토","1","1","0","0","0","전북","전주시","차대사람","기타","기타","운전자법규위반","안전운전 의무 불이행","교차로","교차로횡단보도내","승용차","승용차","보행자","보행자","967929","1757314","127.1450026","35.81176605"
"2018","2018072620","50","야","목","1","1","0","0","0","전북","전주시","차대사람","차도통행중","차도통행중","운전자법규위반","중앙선 침범","단일로","기타단일로","승용차","승용차","보행자","보행자","968036","1759262.1","127.146109","35.82933369"
"2018","2018013001","10","야","화","1","1","0","0","0","전북","전주시","차대차","추돌","추돌","운전자법규위반","과속","단일로","기타단일로","승용차","승용차","승용차","승용차","962153.8","1761666.4","127.0808714","35.85080133"
"2018","2018021413","10","주","수","1","1","0","0","0","전북","전주시","차량단독","공작물충돌","공작물충돌","운전자법규위반","안전운전 의무 불이행","단일로","기타단일로","승용차","승용차","없음","없음","957344","1765623","127.0273949","35.88627579"
"2018","2018100116","11","주","월","1","1","0","0","0","전북","군산시","차대차","기타","기타","운전자법규위반","안전운전 의무 불이행","교차로","교차로내","화물차","화물차","자전거","자전거","936872","1768597","126.8003531","35.91198109"
"2018","2018073105","45","야","화","1","1","0","0","0","전북","군산시","차대차","기타","기타","운전자법규위반","과속","단일로","기타단일로","승용차","승용차","원동기장치자전거","원동기장치자전거","938928.5","1771234.6","126.8229412","35.93589081"
"2018","2018042119","40","야","토","1","1","0","0","0","전북","군산시","차대사람","기타","기타","운전자법규위반","안전운전 의무 불이행","단일로","기타단일로","화물차","화물차","보행자","보행자","932158","1772830","126.7477504","35.94982696"
"2018","2018070921","10","야","월","1","1","0","0","0","전북","군산시","차대사람","횡단중","횡단중","운전자법규위반","안전운전 의무 불이행","교차로","교차로내","승합차","승합차","보행자","보행자","926105","1775431","126.6803968","35.97283578"
"2018","2018022322","17","야","금","1","1","0","0","0","전북","군산시","차대사람","기타","기타","운전자법규위반","안전운전 의무 불이행","교차로","교차로내","승합차","승합차","보행자","보행자","931733.4","1775708.3","126.742795","35.97574584"
"2018","2018083119","55","야","금","1","1","0","0","0","전북","익산시","차량단독","공작물충돌","공작물충돌","운전자법규위반","안전운전 의무 불이행","단일로","기타단일로","승용차","승용차","없음","없음","957030.4","1787769.3","127.0227195","36.0859254"
"2018","2018042901","40","야","일","1","1","0","0","0","전북","익산시","차대사람","기타","기타","운전자법규위반","과속","단일로","기타단일로","승용차","승용차","보행자","보행자","950890.9","1776605.9","126.9552218","35.984991"
"2018","2018022318","50","야","금","1","1","0","0","0","전북","정읍시","차대사람","기타","기타","운전자법규위반","안전운전 의무 불이행","단일로","기타단일로","승용차","승용차","보행자","보행자","943623.5","1739911.6","126.8771963","35.6537738"
"2018","2018010507","07","주","금","1","1","0","0","0","전북","김제시","차대사람","차도통행중","차도통행중","운전자법규위반","안전운전 의무 불이행","단일로","기타단일로","승용차","승용차","보행자","보행자","943263","1757253","126.8719878","35.81009983"
"2018","2018093019","05","야","일","1","1","0","0","0","전북","김제시","차량단독","기타","기타","운전자법규위반","중앙선 침범","단일로","기타단일로","승용차","승용차","없음","없음","956600.4","1751746","127.0199105","35.76112956"
"2018","2018100108","30","주","월","1","1","0","0","0","전북","김제시","차대차","기타","기타","운전자법규위반","중앙선 침범","교차로","교차로부근","이륜차","이륜차","승용차","승용차","958236.1","1754757.8","127.0378471","35.78835477"
"2018","2018091915","45","주","수","1","1","0","0","0","전북","김제시","차대차","측면충돌","측면충돌","운전자법규위반","안전운전 의무 불이행","교차로","교차로내","이륜차","이륜차","승용차","승용차","945337.9","1756043.1","126.895036","35.79930947"
"2018","2018112112","40","주","수","1","1","0","0","0","전북","남원시","차량단독","전도","전도","운전자법규위반","안전운전 의무 불이행","단일로","기타단일로","이륜차","이륜차","없음","없음","991613","1712563","127.4076276","35.40875618"
"2018","2018083018","00","야","목","1","1","0","0","0","전북","남원시","차량단독","도로이탈","도로이탈 추락","운전자법규위반","안전운전 의무 불이행","단일로","교량위","농기계","농기계","없음","없음","979866.4","1709834.7","127.2783214","35.38398747"
"2018","2018112816","03","주","수","2","4","2","0","0","전북","남원시","차대차","측면충돌","측면충돌","운전자법규위반","신호위반","교차로","교차로내","승용차","승용차","건설기계","건설기계","984444","1709614","127.3287265","35.38207941"
"2018","2018041417","48","주","토","1","1","0","0","0","전북","남원시","차대사람","기타","기타","운전자법규위반","안전운전 의무 불이행","단일로","기타단일로","승용차","승용차","보행자","보행자","995449","1718076","127.4498456","35.45849067"
"2018","2018042415","50","주","화","1","1","0","0","0","전북","고창군","차대차","측면충돌","측면충돌","운전자법규위반","신호위반","교차로","교차로내","원동기장치자전거","원동기장치자전거","건설기계","건설기계","913188","1704573","126.5447819","35.33297272"
"2018","2018091514","10","주","토","1","7","6","0","0","전북","고창군","차대차","측면충돌","측면충돌","운전자법규위반","신호위반","교차로","교차로내","승용차","승용차","승용차","승용차","914215","1714912","126.5549946","35.42627425"
"2018","2018102517","30","주","목","1","1","0","0","0","전북","고창군","차대차","측면충돌","측면충돌","운전자법규위반","신호위반","교차로","교차로내","이륜차","이륜차","화물차","화물차","910305","1719126","126.5114633","35.46392055"
"2018","2018072920","27","야","일","1","5","3","1","0","전북","부안군","차대차","정면충돌","정면충돌","운전자법규위반","중앙선 침범","단일로","기타단일로","승용차","승용차","화물차","화물차","907618.6","1736554.8","126.4798724","35.6207986"
"2018","2018012019","05","야","토","1","1","0","0","0","전북","부안군","차대사람","기타","기타","운전자법규위반","안전운전 의무 불이행","주차장","주차장","승용차","승용차","보행자","보행자","931115.8","1748244.7","126.738317","35.72810802"
"2018","2018032216","37","주","목","1","1","0","0","0","전북","순창군","차대차","정면충돌","정면충돌","운전자법규위반","중앙선 침범","기타","기타","이륜차","이륜차","건설기계","건설기계","976201","1716007","127.2377841","35.43956066"
"2018","2018100214","10","주","화","1","1","0","0","0","전북","장수군","차량단독","도로이탈","도로이탈 추락","운전자법규위반","안전운전 의무 불이행","기타","기타","화물차","화물차","없음","없음","1008694","1750656","127.5961633","35.75222144"
"2018","2018052513","40","주","금","1","1","0","0","0","전북","무주군","차량단독","공작물충돌","공작물충돌","운전자법규위반","안전운전 의무 불이행","단일로","지하차도(도로)내","화물차","화물차","없음","없음","1029273.8","1769243.8","127.8244735","35.91941259"
"2018","2018062512","12","주","월","1","1","0","0","0","전북","무주군","차량단독","전도","전도","운전자법규위반","안전운전 의무 불이행","단일로","기타단일로","화물차","화물차","없음","없음","1029294.1","1769247.4","127.8246987","35.91944444"
"2018","2018081707","06","주","금","1","1","0","0","0","전북","완주군","차량단독","기타","기타","운전자법규위반","안전운전 의무 불이행","단일로","기타단일로","승용차","승용차","없음","없음","966233.4","1772717.7","127.1255811","35.95058785"
"2018","2018070314","16","주","화","1","6","4","1","0","전북","완주군","차량단독","공작물충돌","공작물충돌","운전자법규위반","안전운전 의무 불이행","단일로","기타단일로","승합차","승합차","없음","없음","964904","1769650","127.110976","35.9228831"
"2018","2018060803","06","야","금","2","7","3","2","0","경남","함양군","차대차","추돌","추돌","운전자법규위반","안전운전 의무 불이행","단일로","고가도로위","화물차","화물차","화물차","화물차","1023812","1731741","127.762821","35.58142729"
"2018","2018092912","13","주","토","1","1","0","0","0","전북","군산시","차대차","추돌","추돌","운전자법규위반","안전운전 의무 불이행","단일로","기타단일로","화물차","화물차","화물차","화물차","936623","1780279","126.7966603","36.01728191"
"2018","2018092606","00","주","수","1","5","4","0","0","충남","당진시","차대차","기타","기타","운전자법규위반","안전운전 의무 불이행","단일로","기타단일로","화물차","화물차","승용차","승용차","924148","1874063","126.6490477","36.86178676"
"2018","2018092105","30","야","금","1","2","0","1","0","전북","부안군","차대차","추돌","추돌","운전자법규위반","안전운전 의무 불이행","단일로","기타단일로","화물차","화물차","특수차","특수차","927242","1731550","126.6969943","35.57731692"
"2018","2018120906","20","주","일","2","6","0","4","0","전북","군산시","차량단독","기타","기타","운전자법규위반","안전운전 의무 불이행","단일로","기타단일로","승합차","승합차","없음","없음","938445","1777444","126.8170994","35.99184042"
"2018","2018030503","30","야","월","1","1","0","0","0","충남","서산시","차대차","추돌","추돌","운전자법규위반","기타(운전자법규위반)","단일로","기타단일로","화물차","화물차","승용차","승용차","916265","1857620","126.5624294","36.71291111"
"2018","2018032222","22","야","목","1","3","0","2","0","충남","보령시","차대차","측면충돌","측면충돌","운전자법규위반","안전운전 의무 불이행","단일로","기타단일로","승용차","승용차","화물차","화물차","917587","1826988","126.5805097","36.43691277"
"2018","2018101506","00","주","월","1","2","0","1","0","전남","여수시","차대차","정면충돌","정면충돌","운전자법규위반","중앙선 침범","단일로","기타단일로","승용차","승용차","화물차","화물차","1025049.2","1629908.9","127.7733908","34.66316094"
"2018","2018112704","20","야","화","1","1","0","0","0","전남","여수시","차량단독","공작물충돌","공작물충돌","운전자법규위반","안전운전 의무 불이행","단일로","기타단일로","승용차","승용차","없음","없음","1015658.8","1641218.9","127.671113","34.76533929"
"2018","2018092219","22","야","토","1","1","0","0","0","전남","여수시","차대사람","차도통행중","차도통행중","운전자법규위반","안전운전 의무 불이행","기타","기타","승용차","승용차","보행자","보행자","1019314","1640482","127.7110384","34.75863143"
"2018","2018071911","15","주","목","1","1","0","0","0","전남","여수시","차대사람","횡단중","횡단중","운전자법규위반","신호위반","단일로","기타단일로","승용차","승용차","보행자","보행자","1018984.6","1640126.4","127.7074312","34.75543091"
"2018","2018062819","00","야","목","1","2","1","0","0","전남","여수시","차량단독","공작물충돌","공작물충돌","운전자법규위반","안전운전 의무 불이행","단일로","기타단일로","승용차","승용차","없음","없음","1021142","1629141.3","127.7307282","34.65632698"
"2018","2018052317","59","주","수","1","1","0","0","0","전남","여수시","차대사람","횡단중","횡단중","운전자법규위반","안전운전 의무 불이행","교차로","교차로부근","승용차","승용차","보행자","보행자","1021498.9","1639934.4","127.734898","34.75364961"
"2018","2018040419","40","야","수","1","1","0","0","0","전남","여수시","차량단독","전복","전복","운전자법규위반","안전운전 의무 불이행","단일로","기타단일로","화물차","화물차","없음","없음","1012550.6","1646101.7","127.6372209","34.80941406"
"2018","2018051420","50","야","월","1","2","1","0","0","전남","순천시","차대사람","기타","기타","운전자법규위반","안전운전 의무 불이행","단일로","기타단일로","화물차","화물차","보행자","보행자","998995","1650110","127.4890071","34.84563657"
"2018","2018062618","00","야","화","1","3","2","0","0","전남","순천시","차대차","측면충돌","측면충돌","운전자법규위반","과속","교차로","교차로내","승용차","승용차","승용차","승용차","1007741","1656056","127.5847276","34.89922637"
"2018","2018082407","25","주","금","1","1","0","0","0","전남","순천시","차대차","측면충돌","측면충돌","운전자법규위반","직진 및 우회전차의 통행방해","교차로","교차로내","화물차","화물차","이륜차","이륜차","981039","1657736","127.2924285","34.91422817"
"2018","2018091215","00","주","수","1","1","0","0","0","전남","순천시","차량단독","전도","전도","운전자법규위반","안전운전 의무 불이행","단일로","기타단일로","농기계","농기계","없음","없음","978484","1664256","127.2642902","34.97297095"
"2018","2018051708","25","주","목","1","1","0","0","0","전남","순천시","차량단독","공작물충돌","공작물충돌","운전자법규위반","안전운전 의무 불이행","단일로","기타단일로","화물차","화물차","없음","없음","992717","1677056","127.4201015","35.08859604"
"2018","2018062900","10","야","금","1","1","0","0","0","전남","나주시","차대사람","기타","기타","운전자법규위반","안전운전 의무 불이행","기타","기타","화물차","화물차","보행자","보행자","927628.4","1667829.1","126.7068824","35.00282894"
"2018","2018041118","30","야","수","1","1","0","0","0","전남","나주시","차량단독","기타","기타","운전자법규위반","안전운전 의무 불이행","단일로","기타단일로","원동기장치자전거","원동기장치자전거","없음","없음","916727.8","1669374.7","126.5872809","35.01592527"
"2018","2018010620","30","야","토","1","1","0","0","0","전남","나주시","차대사람","횡단중","횡단중","운전자법규위반","안전운전 의무 불이행","단일로","기타단일로","승용차","승용차","보행자","보행자","931996.2","1670086.5","126.7545606","35.02348643"
"2018","2018092306","58","주","일","1","1","0","0","0","전남","장흥군","차대사람","길가장자리구역통행중","길가장자리구역통행중","운전자법규위반","안전운전 의무 불이행","단일로","기타단일로","화물차","화물차","보행자","보행자","949262","1619377","126.9468766","34.56723754"
"2018","2018021016","50","주","토","1","1","0","0","0","전남","해남군","차대사람","기타","기타","운전자법규위반","안전운전 의무 불이행","단일로","기타단일로","화물차","화물차","보행자","보행자","909750","1597494","126.5184905","34.36720925"
"2018","2018022714","12","주","화","1","1","0","0","0","전남","해남군","차량단독","도로이탈","도로이탈 기타","운전자법규위반","안전운전 의무 불이행","단일로","기타단일로","화물차","화물차","없음","없음","917841","1598776","126.6063511","34.37944335"
"2018","2018022212","10","주","목","1","1","0","0","0","전남","해남군","차대차","측면충돌","측면충돌","운전자법규위반","직진 및 우회전차의 통행방해","교차로","교차로내","화물차","화물차","이륜차","이륜차","899033","1620505","126.3992352","34.57369934"
"2018","2018092112","09","주","금","1","1","0","0","0","전남","해남군","차량단독","공작물충돌","공작물충돌","운전자법규위반","안전운전 의무 불이행","단일로","기타단일로","화물차","화물차","없음","없음","924711","1630111","126.6782995","34.66252092"
"2018","2018110819","35","야","목","2","2","0","0","0","전남","해남군","차량단독","기타","기타","운전자법규위반","안전운전 의무 불이행","단일로","기타단일로","승합차","승합차","없음","없음","893892","1622918","126.3428951","34.59493719"
"2018","2018010319","08","야","수","1","1","0","0","0","전남","보성군","차대사람","길가장자리구역통행중","길가장자리구역통행중","운전자법규위반","안전운전 의무 불이행","단일로","기타단일로","승용차","승용차","보행자","보행자","961292.6","1644190.6","127.0768887","34.79152223"
"2018","2018121515","55","주","토","1","3","1","1","0","전남","보성군","차대차","추돌","추돌","운전자법규위반","안전운전 의무 불이행","단일로","기타단일로","승용차","승용차","농기계","농기계","967899","1652826","127.1487716","34.86962176"
"2018","2018022713","30","주","화","1","1","0","0","0","전남","보성군","차대차","기타","기타","운전자법규위반","기타(운전자법규위반)","교차로","교차로부근","화물차","화물차","화물차","화물차","975166","1644700","127.2285221","34.7965485"
"2018","2018092811","53","주","금","1","1","0","0","0","전남","영광군","차량단독","공작물충돌","공작물충돌","운전자법규위반","안전운전 의무 불이행","단일로","기타단일로","이륜차","이륜차","없음","없음","904593.1","1694066.9","126.4514452","35.2374708"
"2018","2018021300","35","야","화","1","1","0","0","0","전남","영광군","차량단독","공작물충돌","공작물충돌","운전자법규위반","안전운전 의무 불이행","단일로","기타단일로","승용차","승용차","없음","없음","910516","1695273","126.5163998","35.24889109"
"2018","2018010517","55","주","금","1","1","0","0","0","전남","영광군","차대사람","횡단중","횡단중","운전자법규위반","보행자 보호의무 위반","교차로","교차로횡단보도내","승용차","승용차","보행자","보행자","909338.3","1697998.5","126.5031555","35.27335744"
"2018","2018120514","15","주","수","1","2","0","1","0","전남","화순군","차대차","측면충돌","측면충돌","운전자법규위반","직진 및 우회전차의 통행방해","교차로","교차로내","이륜차","이륜차","화물차","화물차","947619.7","1668378.6","126.92592","35.00901747"
"2018","2018121010","56","주","월","1","1","0","0","0","전남","함평군","차대차","추돌","추돌","운전자법규위반","차로위반(진로변경 위반)","단일로","기타단일로","이륜차","이륜차","승용차","승용차","911898","1672326","126.5340365","35.04212491"
"2018","2018071712","45","주","화","1","1","0","0","0","전남","영암군","차량단독","도로이탈","도로이탈 추락","운전자법규위반","안전운전 의무 불이행","단일로","기타단일로","승용차","승용차","없음","없음","917622.4","1650472.1","126.5989508","34.84556476"
"2018","2018070516","40","주","목","1","1","0","0","0","전남","장성군","차대사람","기타","기타","운전자법규위반","안전운전 의무 불이행","교차로","교차로내","승용차","승용차","보행자","보행자","931153","1696744","126.7430963","35.26378508"
"2018","2018071211","40","주","목","1","3","1","1","0","전남","강진군","차대차","정면충돌","정면충돌","운전자법규위반","중앙선 침범","단일로","기타단일로","승용차","승용차","화물차","화물차","938103","1606810","126.8261457","34.45330229"
"2018","2018011716","46","주","수","2","5","3","0","0","전남","완도군","차량단독","도로이탈","도로이탈 추락","운전자법규위반","안전운전 의무 불이행","단일로","기타단일로","농기계","농기계","없음","없음","943352.4","1597145.9","126.8839306","34.36645506"
"2018","2018031310","11","주","화","1","2","0","1","0","전남","완도군","차대차","정면충돌","정면충돌","운전자법규위반","중앙선 침범","단일로","기타단일로","화물차","화물차","화물차","화물차","935998.8","1601331.3","126.8036492","34.40376905"
"2018","2018012809","40","주","일","1","3","2","0","0","전남","무안군","차대차","정면충돌","정면충돌","운전자법규위반","중앙선 침범","단일로","기타단일로","화물차","화물차","화물차","화물차","894090","1676907.5","126.3382346","35.08171798"
"2018","2018080411","10","주","토","1","2","1","0","0","전남","광양시","차대차","추돌","추돌","운전자법규위반","안전운전 의무 불이행","단일로","기타단일로","화물차","화물차","화물차","화물차","1014859","1663990","127.6627773","34.97069196"
"2018","2018070113","50","주","일","1","1","0","0","0","전남","광양시","차량단독","공작물충돌","공작물충돌","운전자법규위반","안전운전 의무 불이행","단일로","기타단일로","승용차","승용차","없음","없음","1004626.4","1663294.9","127.5506775","34.96452242"
"2018","2018011309","55","주","토","1","1","0","0","0","전남","광양시","차대사람","횡단중","횡단중","운전자법규위반","안전운전 의무 불이행","단일로","기타단일로","승용차","승용차","보행자","보행자","1005457","1663384","127.5597764","34.96532174"
"2018","2018062714","42","주","수","1","1","0","0","0","전남","구례군","차대차","측면충돌","측면충돌","운전자법규위반","직진 및 우회전차의 통행방해","교차로","교차로내","화물차","화물차","이륜차","이륜차","997275","1690206","127.4700619","35.20719513"
"2018","2018071415","50","주","토","1","13","3","9","0","광주","북구","차대차","기타","기타","운전자법규위반","안전운전 의무 불이행","단일로","고가도로위","승용차","승용차","승용차","승용차","948043","1688870","126.9292728","35.19380706"
"2018","2018062602","34","야","화","1","2","0","1","0","전북","정읍시","차대차","추돌","추돌","운전자법규위반","안전운전 의무 불이행","단일로","기타단일로","화물차","화물차","화물차","화물차","938291","1728052","126.8191968","35.54652973"
"2018","2018011606","45","주","화","1","1","0","0","0","경북","경주시","차대차","측면충돌","측면충돌","운전자법규위반","안전운전 의무 불이행","단일로","기타단일로","이륜차","이륜차","승용차","승용차","1156177","1766396","129.2301795","35.8817117"
"2018","2018050221","30","야","수","1","1","0","0","0","경북","경주시","차대차","정면충돌","정면충돌","운전자법규위반","중앙선 침범","단일로","기타단일로","승용차","승용차","승용차","승용차","1161609","1761222","129.2892826","35.83420317"
"2018","2018021200","30","야","월","1","3","1","1","0","경북","경주시","차량단독","공작물충돌","공작물충돌","운전자법규위반","안전운전 의무 불이행","단일로","기타단일로","승용차","승용차","없음","없음","1156334","1760194","129.2307026","35.82579398"
"2018","2018083017","17","주","목","1","1","0","0","0","경북","경주시","차량단독","전도","전도","운전자법규위반","안전운전 의무 불이행","단일로","기타단일로","건설기계","건설기계","없음","없음","1149806","1777981","129.1618111","35.98711435"
"2018","2018080306","10","주","금","1","1","0","0","0","경북","경주시","차대차","측면충돌","측면충돌","운전자법규위반","안전운전 의무 불이행","교차로","교차로내","승용차","승용차","자전거","자전거","1155860","1768757","129.2271313","35.90303955"
"2018","2018031820","20","야","일","1","1","0","0","0","경북","경주시","차대사람","횡단중","횡단중","운전자법규위반","과속","교차로","교차로부근","승용차","승용차","보행자","보행자","1180229","1755222","129.4939787","35.77689327"
"2018","2018030707","15","주","수","1","1","0","0","0","경북","안동시","차량단독","전도","전도","운전자법규위반","안전운전 의무 불이행","단일로","기타단일로","건설기계","건설기계","없음","없음","1119627","1838532","128.8363908","36.5370368"
"2018","2018032119","16","야","수","1","1","0","0","0","경북","안동시","차대사람","차도통행중","차도통행중","운전자법규위반","안전운전 의무 불이행","단일로","기타단일로","승용차","승용차","보행자","보행자","1095875.4","1842989.2","128.5716562","36.57988995"
"2018","2018032519","20","야","일","1","1","0","0","0","경북","김천시","차대사람","차도통행중","차도통행중","운전자법규위반","안전운전 의무 불이행","교차로","교차로내","화물차","화물차","보행자","보행자","1057000","1791384","128.1333758","36.11779084"
"2018","2018102508","50","주","목","1","1","0","0","0","경북","김천시","차대차","측면충돌","측면충돌","운전자법규위반","교차로 통행방법 위반","교차로","교차로내","화물차","화물차","이륜차","이륜차","1052057","1793419","128.0785871","36.13641476"
"2018","2018050121","30","야","화","2","2","0","0","0","경북","김천시","차대차","정면충돌","정면충돌","운전자법규위반","중앙선 침범","단일로","기타단일로","화물차","화물차","승용차","승용차","1064162","1795796","128.2133136","36.15711802"
"2018","2018043020","53","야","월","1","1","0","0","0","경북","상주시","차량단독","도로이탈","도로이탈 추락","운전자법규위반","안전운전 의무 불이행","단일로","기타단일로","농기계","농기계","없음","없음","1054619","1814222","128.1085124","36.32381471"
"2018","2018030716","15","주","수","1","1","0","0","0","경북","상주시","차량단독","도로이탈","도로이탈 추락","운전자법규위반","안전운전 의무 불이행","단일로","기타단일로","농기계","농기계","없음","없음","1037145","1825219","127.914365","36.42378678"
"2018","2018101017","50","주","수","1","1","0","0","0","경북","상주시","차대차","측면충돌","측면충돌","운전자법규위반","안전운전 의무 불이행","교차로","교차로내","화물차","화물차","이륜차","이륜차","1071131","1819013","128.2928969","36.36592545"
"2018","2018091405","00","야","금","1","1","0","0","0","경북","상주시","차량단독","도로이탈","도로이탈 추락","운전자법규위반","안전운전 의무 불이행","단일로","기타단일로","승용차","승용차","없음","없음","1049840","1823411","128.0558606","36.40691243"
"2018","2018092314","35","주","일","1","1","0","0","0","경북","상주시","차량단독","공작물충돌","공작물충돌","운전자법규위반","안전운전 의무 불이행","단일로","기타단일로","이륜차","이륜차","없음","없음","1054265","1812148","128.1044243","36.30513768"
"2018","2018081820","30","야","토","1","1","0","0","0","경북","상주시","차대차","추돌","추돌","운전자법규위반","안전거리 미확보","단일로","기타단일로","승합차","승합차","자전거","자전거","1059098","1827902","128.1594508","36.44687225"
"2018","2018010912","20","주","화","1","1","0","0","0","경북","영주시","차량단독","전복","전복","운전자법규위반","안전운전 의무 불이행","단일로","기타단일로","승용차","승용차","없음","없음","1103972","1887629","128.6682315","36.98137588"
"2018","2018092019","00","야","목","1","1","0","0","0","경북","칠곡군","차대차","측면충돌","측면충돌","운전자법규위반","안전운전 의무 불이행","단일로","기타단일로","승용차","승용차","자전거","자전거","1080842","1776281","128.3967341","35.97994741"
"2018","2018101417","25","주","일","1","1","0","0","0","경북","칠곡군","차량단독","공작물충돌","공작물충돌","운전자법규위반","안전운전 의무 불이행","단일로","기타단일로","승용차","승용차","없음","없음","1095308","1781282","128.5577764","36.02372199"
"2018","2018102618","10","야","금","1","1","0","0","0","경북","영천시","차대사람","횡단중","횡단중","운전자법규위반","안전운전 의무 불이행","단일로","기타단일로","화물차","화물차","보행자","보행자","1125908","1765529","128.8948126","35.87825904"
"2018","2018050601","01","야","일","1","1","0","0","0","경북","경산시","차량단독","기타","기타","운전자법규위반","안전운전 의무 불이행","단일로","기타단일로","이륜차","이륜차","없음","없음","1119596","1764862","128.8248052","35.87303842"
"2018","2018032218","22","야","목","1","1","0","0","0","경북","경산시","차대차","기타","기타","운전자법규위반","안전운전 의무 불이행","단일로","기타단일로","이륜차","이륜차","승용차","승용차","1120790","1766184","128.8382287","35.88480791"
"2018","2018121204","50","야","수","1","1","0","0","0","경북","경산시","차대차","추돌","추돌","운전자법규위반","안전운전 의무 불이행","단일로","교량위","화물차","화물차","승합차","승합차","1121615","1770770","128.8480676","35.92604203"
"2018","2018091501","00","야","토","1","2","0","1","0","경북","경산시","차대차","측면충돌","측면충돌","운전자법규위반","안전운전 의무 불이행","단일로","기타단일로","승용차","승용차","승합차","승합차","1114031","1761415","128.7626807","35.84263127"
"2018","2018102516","35","주","목","1","1","0","0","0","경북","영덕군","차대사람","기타","기타","운전자법규위반","안전운전 의무 불이행","단일로","기타단일로","화물차","화물차","보행자","보행자","1168804","1817914","129.3810425","36.34384089"
"2018","2018050417","40","주","금","1","1","0","0","0","경북","예천군","차대사람","길가장자리구역통행중","길가장자리구역통행중","운전자법규위반","안전운전 의무 불이행","단일로","기타단일로","승용차","승용차","보행자","보행자","1078226","1849840","128.375099","36.64325308"
"2018","2018102917","45","주","월","1","1","0","0","0","경북","청도군","차대사람","횡단중","횡단중","운전자법규위반","안전운전 의무 불이행","기타","기타","화물차","화물차","보행자","보행자","1114777","1740584","128.7679573","35.65477142"
"2018","2018112907","35","주","목","1","2","1","0","0","경북","청도군","차량단독","도로이탈","도로이탈 추락","운전자법규위반","안전운전 의무 불이행","기타","기타","원동기장치자전거","원동기장치자전거","없음","없음","1108088","1739092","128.6938776","35.64207705"
"2018","2018072605","50","야","목","1","1","0","0","0","경북","청도군","차량단독","전복","전복","운전자법규위반","안전운전 의무 불이행","교차로","교차로부근","농기계","농기계","없음","없음","1114202","1744006","128.7620921","35.68568488"
"2018","2018042722","00","야","금","1","1","0","0","0","경북","청도군","차대사람","차도통행중","차도통행중","운전자법규위반","과속","단일로","기타단일로","승용차","승용차","보행자","보행자","1133136","1745236","128.9714856","35.69439626"
"2018","2018070214","30","주","월","1","1","0","0","0","경북","청도군","차량단독","도로이탈","도로이탈 추락","운전자법규위반","안전운전 의무 불이행","교차로","교차로내","사륜오토바이(ATV)","사륜오토바이(ATV)","없음","없음","1125651","1745983","128.8888968","35.70211229"
"2018","2018122418","50","야","월","1","1","0","0","0","경북","성주군","차대사람","횡단중","횡단중","운전자법규위반","안전운전 의무 불이행","단일로","기타단일로","승용차","승용차","보행자","보행자","1073576","1772751","128.3158168","35.94869946"