"발생년","발생년월일시","발생분","주야","요일","사망자수","사상자수","중상자수","경상자수","부상신고자수","발생지시도","발생지시군구","사고유형_대분류","사고유형_중분류","사고유형","법규위반_대분류","법규위반","도로형태_대분류","도로형태","가해자_당사자종별_대분류","가해자_당사자종별","피해자_당사자종별_대분류","피해자_당사자종별","발생위치X_UTMK","발생위치Y_UTMK","경도","위도"
"2018","2018040913","17","주","월","1","1","0","0","0","경기","가평군","차대사람","기타","기타","운전자법규위반","안전운전 의무 불이행","단일로","기타단일로","화물차","화물차","보행자","보행자","987928","1974047","127.3629359","37.76600384"
"2018","2018052006","57","주","일","1","1","0","0","0","경기","고양시","차량단독","공작물충돌","공작물충돌","운전자법규위반","안전운전 의무 불이행","단일로","기타단일로","이륜차","이륜차","없음","없음","936348","1966377","126.7779995","37.69474109"
"2018","2018011701","04","야","수","1","1","0","0","0","경기","고양시","차대사람","횡단중","횡단중","운전자법규위반","기타(운전자법규위반)","교차로","교차로횡단보도내","승용차","승용차","보행자","보행자","932979","1963511","126.7400517","37.66867084"
"2018","2018020723","52","야","수","1","1","0","0","0","서울","종로구","차대사람","차도통행중","차도통행중","운전자법규위반","안전운전 의무 불이행","단일로","기타단일로","승용차","승용차","보행자","보행자","956096","1952534","127.0028223","37.57113118"
"2018","2018082211","20","주","수","1","1","0","0","0","서울","은평구","차대사람","횡단중","횡단중","운전자법규위반","안전운전 의무 불이행","단일로","기타단일로","화물차","화물차","보행자","보행자","950125","1956036","126.9349697","37.60239092"
"2018","2018092823","20","야","금","1","1","0","0","0","서울","은평구","차대차","정면충돌","정면충돌","운전자법규위반","신호위반","교차로","교차로내","승합차","승합차","이륜차","이륜차","946616","1953820","126.8953801","37.58222105"
"2018","2018103006","17","주","화","1","1","0","0","0","서울","강북구","차대사람","횡단중","횡단중","운전자법규위반","안전운전 의무 불이행","단일로","기타단일로","승용차","승용차","보행자","보행자","957010","1958945","127.0127956","37.62895786"
"2018","2018093004","45","야","일","1","1","0","0","0","서울","동대문구","차대사람","기타","기타","운전자법규위반","안전운전 의무 불이행","기타","기타","승용차","승용차","보행자","보행자","961846","1951986","127.0679631","37.56644815"
"2018","2018071217","39","주","목","2","8","1","3","2","서울","광진구","차대사람","길가장자리구역통행중","길가장자리구역통행중","운전자법규위반","안전운전 의무 불이행","단일로","기타단일로","승용차","승용차","보행자","보행자","963978","1950370","127.0921836","37.55196846"
"2018","2018080804","08","야","수","1","1","0","0","0","서울","광진구","차대사람","기타","기타","운전자법규위반","안전운전 의무 불이행","단일로","기타단일로","승용차","승용차","보행자","보행자","961682","1949748","127.0662231","37.54626953"
"2018","2018030906","07","주","금","1","1","0","0","0","서울","마포구","차대차","기타","기타","운전자법규위반","과속","교차로","교차로부근","승합차","승합차","원동기장치자전거","원동기장치자전거","950931","1948948","126.9445751","37.53854919"
"2018","2018040719","58","야","토","1","1","0","0","0","서울","금천구","차대사람","횡단중","횡단중","운전자법규위반","안전운전 의무 불이행","단일로","기타단일로","화물차","화물차","보행자","보행자","947008","1939510","126.9008518","37.45326561"
"2018","2018092900","43","야","토","1","2","0","1","0","서울","관악구","차대사람","기타","기타","운전자법규위반","안전운전 의무 불이행","단일로","기타단일로","승용차","승용차","보행자","보행자","952041.8","1942372.6","126.957577","37.47934194"
"2018","2018120122","19","야","토","1","1","0","0","0","서울","관악구","차대사람","기타","기타","운전자법규위반","안전운전 의무 불이행","교차로","교차로부근","승용차","승용차","보행자","보행자","948753","1941764","126.9204237","37.47367987"
"2018","2018110507","50","주","월","1","4","2","1","0","서울","강남구","차대차","정면충돌","정면충돌","운전자법규위반","신호위반","교차로","교차로내","승용차","승용차","승용차","승용차","958299","1946861","127.0280911","37.52010121"
"2018","2018121505","17","야","토","1","1","0","0","0","서울","강서구","차대차","측면충돌","측면충돌","운전자법규위반","안전운전 의무 불이행","단일로","기타단일로","화물차","화물차","자전거","자전거","940319","1952842","126.8241451","37.57301958"
"2018","2018111906","37","주","월","1","1","0","0","0","서울","강동구","차대사람","기타","기타","운전자법규위반","안전운전 의무 불이행","단일로","기타단일로","승합차","승합차","보행자","보행자","967308","1950672","127.1298694","37.55481469"
"2018","2018112404","17","야","토","1","2","1","0","0","서울","강동구","차대차","기타","기타","운전자법규위반","기타(운전자법규위반)","단일로","기타단일로","승용차","승용차","화물차","화물차","971043","1951552","127.1721207","37.5628715"
"2018","2018032004","26","야","화","1","1","0","0","0","서울","강동구","차대사람","보도통행중","보도통행중","운전자법규위반","보행자 보호의무 위반","교차로","교차로내","승용차","승용차","보행자","보행자","970944","1951153","127.1710156","37.55927202"
"2018","2018041221","20","야","목","1","1","0","0","0","서울","송파구","차대차","정면충돌","정면충돌","운전자법규위반","안전운전 의무 불이행","단일로","기타단일로","승용차","승용차","승용차","승용차","965824","1943541","127.1134001","37.49048609"
"2018","2018072016","21","주","금","1","1","0","0","0","서울","송파구","차대사람","횡단중","횡단중","운전자법규위반","안전운전 의무 불이행","단일로","기타단일로","승용차","승용차","보행자","보행자","966539","1944852","127.1214284","37.50232894"
"2018","2018080606","50","주","월","1","1","0","0","0","서울","송파구","차대사람","기타","기타","운전자법규위반","안전운전 의무 불이행","교차로","교차로부근","승용차","승용차","보행자","보행자","969500","1944188","127.1549555","37.49644659"
"2018","2018042716","50","주","금","1","1","0","0","0","서울","송파구","차대차","측면충돌","측면충돌","운전자법규위반","안전운전 의무 불이행","단일로","기타단일로","승용차","승용차","승용차","승용차","965204","1946065","127.1062673","37.51321288"
"2018","2018101321","12","야","토","1","1","0","0","0","서울","송파구","차대사람","횡단중","횡단중","운전자법규위반","신호위반","단일로","기타단일로","승용차","승용차","보행자","보행자","965793","1944290","127.1130146","37.49723603"
"2018","2018101110","40","주","목","1","1","0","0","0","서울","성북구","차대차","측면충돌","측면충돌","운전자법규위반","신호위반","교차로","교차로내","승용차","승용차","이륜차","이륜차","958721","1956113","127.0323456","37.60351098"
"2018","2018042802","58","야","토","1","1","0","0","0","서울","성북구","차대차","기타","기타","운전자법규위반","신호위반","교차로","교차로부근","이륜차","이륜차","이륜차","이륜차","958854","1955803.8","127.0338697","37.60073006"
"2018","2018021304","50","야","화","1","1","0","0","0","서울","성북구","차대사람","기타","기타","운전자법규위반","안전운전 의무 불이행","단일로","기타단일로","화물차","화물차","보행자","보행자","959121","1956399","127.0368611","37.60610663"
"2018","2018031001","17","야","토","1","1","0","0","0","서울","성북구","차대사람","차도통행중","차도통행중","운전자법규위반","안전운전 의무 불이행","단일로","기타단일로","승용차","승용차","보행자","보행자","959009","1955220","127.0356583","37.59547506"
"2018","2018082106","20","주","화","1","1","0","0","0","서울","구로구","차대차","측면충돌","측면충돌","운전자법규위반","신호위반","교차로","교차로내","승용차","승용차","자전거","자전거","946176","1942533","126.8912244","37.48046447"
"2018","2018032403","47","야","토","1","1","0","0","0","서울","서초구","차대사람","횡단중","횡단중","운전자법규위반","안전운전 의무 불이행","단일로","기타단일로","승용차","승용차","보행자","보행자","956552","1943581","127.0085157","37.49045686"
"2018","2018022308","00","주","금","1","1","0","0","0","서울","양천구","차대차","기타","기타","운전자법규위반","안전운전 의무 불이행","단일로","기타단일로","승용차","승용차","건설기계","건설기계","940550","1946385","126.8272841","37.51483774"
"2018","2018111414","30","주","수","1","1","0","0","0","서울","노원구","차대차","측면충돌","측면충돌","운전자법규위반","직진 및 우회전차의 통행방해","교차로","교차로내","이륜차","이륜차","승용차","승용차","963839","1958244","127.0902211","37.62293375"
"2018","2018060103","35","야","금","1","2","0","1","0","서울","노원구","차량단독","공작물충돌","공작물충돌","운전자법규위반","과속","단일로","기타단일로","이륜차","이륜차","없음","없음","962616","1962794","127.0761294","37.66389487"
"2018","2018031302","00","야","화","1","2","1","0","0","서울","은평구","차대차","측면충돌","측면충돌","운전자법규위반","신호위반","교차로","교차로내","원동기장치자전거","원동기장치자전거","승용차","승용차","948085","1957300","126.9117701","37.61367048"
"2018","2018090123","34","야","토","1","1","0","0","0","서울","서초구","차대사람","기타","기타","운전자법규위반","안전운전 의무 불이행","기타","기타","승용차","승용차","보행자","보행자","955147","1943257","126.9926427","37.48746935"
"2018","2018092818","55","야","금","1","1","0","0","0","서울","서초구","차대사람","횡단중","횡단중","운전자법규위반","안전운전 의무 불이행","불명","불명","승용차","승용차","보행자","보행자","955814","1942162","127.0002529","37.47763189"
"2018","2018070401","28","야","수","1","1","0","0","0","부산","동구","차대사람","기타","기타","운전자법규위반","안전운전 의무 불이행","단일로","기타단일로","승용차","승용차","보행자","보행자","1140345","1680994","129.0400819","35.11434765"
"2018","2018100412","50","주","목","1","1","0","0","0","부산","서구","차대사람","기타","기타","운전자법규위반","안전운전 의무 불이행","기타","기타","화물차","화물차","보행자","보행자","1138207","1679412","129.0163636","35.10038309"
"2018","2018100215","09","주","화","1","2","0","0","1","부산","남구","차대차","추돌","추돌","운전자법규위반","안전운전 의무 불이행","단일로","기타단일로","화물차","화물차","특수차","특수차","1143781.4","1681847.2","129.0779271","35.12155335"
"2018","2018121107","40","주","화","1","1","0","0","0","부산","수영구","차대사람","횡단중","횡단중","운전자법규위반","보행자 보호의무 위반","단일로","기타단일로","승용차","승용차","보행자","보행자","1147590.6","1686177.1","129.1204899","35.16003006"
"2018","2018061909","22","주","화","1","1","0","0","0","부산","남구","차대차","측면충돌","측면충돌","운전자법규위반","안전운전 의무 불이행","단일로","기타단일로","승용차","승용차","자전거","자전거","1144193","1683316","129.0826989","35.13473394"
"2018","2018033113","41","주","토","1","1","0","0","0","부산","남구","차대사람","횡단중","횡단중","운전자법규위반","안전운전 의무 불이행","단일로","기타단일로","이륜차","이륜차","보행자","보행자","1147458","1682340","129.1183496","35.12546336"
"2018","2018040408","15","주","수","1","2","0","1","0","부산","남구","차대차","측면충돌","측면충돌","운전자법규위반","안전운전 의무 불이행","단일로","교량위","특수차","특수차","승용차","승용차","1142727.6","1684246","129.0667803","35.14332579"
"2018","2018082217","35","주","수","1","1","0","0","0","부산","북구","차대차","기타","기타","운전자법규위반","안전운전 의무 불이행","단일로","교량위","승용차","승용차","화물차","화물차","1137762","1694847","129.0140602","35.2395757"
"2018","2018032214","20","주","목","1","1","0","0","0","부산","동래구","차대사람","보도통행중","보도통행중","운전자법규위반","보행자 보호의무 위반","단일로","기타단일로","승합차","승합차","보행자","보행자","1143677","1690903","129.0783583","35.20319517"
"2018","2018051017","53","주","목","1","3","1","1","0","부산","부산진구","차대차","정면충돌","정면충돌","운전자법규위반","중앙선 침범","단일로","기타단일로","이륜차","이륜차","승용차","승용차","1138253","1685186","129.0178337","35.15242409"
"2018","2018011805","05","야","목","1","1","0","0","0","부산","부산진구","차대사람","횡단중","횡단중","운전자법규위반","과속","단일로","기타단일로","승용차","승용차","보행자","보행자","1142539.9","1686764","129.0651552","35.16604926"
"2018","2018090115","20","주","토","1","1","0","0","0","부산","부산진구","차대차","측면충돌","측면충돌","운전자법규위반","안전거리 미확보","단일로","기타단일로","승용차","승용차","이륜차","이륜차","1142866","1687220","129.0688137","35.17011324"
"2018","2018030322","10","야","토","1","1","0","0","0","부산","금정구","차대사람","횡단중","횡단중","운전자법규위반","안전운전 의무 불이행","교차로","교차로내","승용차","승용차","보행자","보행자","1144814.1","1696123.9","129.0917646","35.25009091"
"2018","2018010920","20","야","화","1","2","0","1","0","부산","사하구","차대사람","횡단중","횡단중","운전자법규위반","신호위반","교차로","교차로횡단보도내","이륜차","이륜차","보행자","보행자","1134909","1675406","128.9795375","35.06471892"
"2018","2018122403","22","야","월","1","1","0","0","0","부산","연제구","차대사람","차도통행중","차도통행중","운전자법규위반","과속","단일로","기타단일로","승용차","승용차","보행자","보행자","1145534","1689236","129.0984568","35.18790185"
"2018","2018071613","30","주","월","2","3","0","1","0","부산","강서구","차대차","측면충돌","측면충돌","운전자법규위반","중앙선 침범","교차로","교차로부근","특수차","특수차","특수차","특수차","1121694","1676258","128.8347715","35.07408074"
"2018","2018042322","55","야","월","1","1","0","0","0","부산","사상구","차대사람","횡단중","횡단중","운전자법규위반","과속","단일로","기타단일로","승용차","승용차","보행자","보행자","1134895.1","1686269.4","128.9811565","35.16264623"
"2018","2018082503","05","야","토","1","1","0","0","0","경남","밀양시","차대차","추돌","추돌","운전자법규위반","안전운전 의무 불이행","단일로","기타단일로","화물차","화물차","특수차","특수차","1115713","1717648","128.7750169","35.44790845"
"2018","2018111803","00","야","일","1","1","0","0","0","경기","수원시","차대차","기타","기타","운전자법규위반","안전거리 미확보","교차로","교차로부근","이륜차","이륜차","화물차","화물차","955675","1921898","126.9998955","37.29497576"
"2018","2018060806","45","주","금","1","5","1","2","1","경기","수원시","차대차","기타","기타","운전자법규위반","안전운전 의무 불이행","단일로","기타단일로","화물차","화물차","승합차","승합차","955897","1923105","127.0023285","37.30586577"
"2018","2018032312","20","주","금","1","1","0","0","0","경기","수원시","차대사람","기타","기타","운전자법규위반","안전운전 의무 불이행","교차로","교차로내","승합차","승합차","보행자","보행자","957023","1921580","127.0151225","37.2921727"
"2018","2018101812","04","주","목","1","5","4","0","0","경기","성남시","차량단독","전도","전도","운전자법규위반","안전운전 의무 불이행","단일로","기타단일로","승합차","승합차","없음","없음","964941","1937878","127.1036813","37.43940951"
"2018","2018041100","43","야","수","1","1","0","0","0","경기","성남시","차대사람","기타","기타","운전자법규위반","안전운전 의무 불이행","단일로","기타단일로","화물차","화물차","보행자","보행자","967936","1938211","127.1375226","37.4425197"
"2018","2018011003","56","야","수","1","1","0","0","0","경기","성남시","차대사람","차도통행중","차도통행중","운전자법규위반","안전운전 의무 불이행","단일로","기타단일로","승용차","승용차","보행자","보행자","967140","1937281","127.1285656","37.43410914"
"2018","2018040718","00","야","토","1","1","0","0","0","경기","평택시","차대사람","횡단중","횡단중","운전자법규위반","보행자 보호의무 위반","교차로","교차로내","승용차","승용차","보행자","보행자","963602","1888821","127.0909399","36.9971646"
"2018","2018052117","05","주","월","1","1","0","0","0","경기","평택시","차량단독","전도","전도","운전자법규위반","안전운전 의무 불이행","단일로","기타단일로","이륜차","이륜차","없음","없음","964298","1902972","127.0980894","37.12475003"
"2018","2018090905","55","야","일","1","5","0","4","0","경기","평택시","차대차","기타","기타","운전자법규위반","과속","교차로","교차로내","승용차","승용차","승합차","승합차","958172","1890948","127.0297983","37.01611164"
"2018","2018102416","05","주","수","1","1","0","0","0","경기","평택시","차대사람","차도통행중","차도통행중","운전자법규위반","안전운전 의무 불이행","교차로","교차로부근","건설기계","건설기계","보행자","보행자","950034","1888141","126.9385063","36.99041167"
"2018","2018110906","20","주","금","1","1","0","0","0","경기","평택시","차대차","기타","기타","운전자법규위반","안전운전 의무 불이행","단일로","기타단일로","승용차","승용차","승용차","승용차","963955","1891071","127.0947993","37.01746014"
"2018","2018112605","33","야","월","1","1","0","0","0","경기","평택시","차량단독","공작물충돌","공작물충돌","운전자법규위반","안전운전 의무 불이행","단일로","기타단일로","승용차","승용차","없음","없음","950051","1883632","126.9389957","36.94976826"
"2018","2018122005","10","야","목","1","1","0","0","0","경기","평택시","차대사람","횡단중","횡단중","운전자법규위반","과속","교차로","교차로내","승용차","승용차","보행자","보행자","963064","1889684","127.0848514","37.00492285"
"2018","2018051815","10","주","금","1","3","0","2","0","경기","안성시","차대차","추돌","추돌","운전자법규위반","안전운전 의무 불이행","단일로","기타단일로","화물차","화물차","화물차","화물차","976978","1885602","127.2413629","36.96857021"
"2018","2018070312","00","주","화","1","1","0","0","0","경기","광주시","차량단독","공작물충돌","공작물충돌","운전자법규위반","안전운전 의무 불이행","단일로","기타단일로","특수차","특수차","없음","없음","977335","1933573","127.2439178","37.40099227"
"2018","2018080820","06","야","수","1","1","0","0","0","경기","광주시","차대사람","횡단중","횡단중","운전자법규위반","안전운전 의무 불이행","기타","기타","승용차","승용차","보행자","보행자","973551","1934787","127.201121","37.41183457"
"2018","2018122220","00","야","토","1","1","0","0","0","경기","여주시","차대사람","차도통행중","차도통행중","운전자법규위반","안전운전 의무 불이행","단일로","기타단일로","승용차","승용차","보행자","보행자","1011512","1932413","127.6300516","37.39074203"
"2018","2018090601","20","야","목","1","2","0","0","1","경기","여주시","차량단독","도로이탈","도로이탈 추락","운전자법규위반","과속","단일로","기타단일로","승용차","승용차","없음","없음","1011800","1921133","127.6331255","37.28906176"
"2018","2018101222","47","야","금","1","1","0","0","0","경기","용인시","차대차","측면충돌","측면충돌","운전자법규위반","안전운전 의무 불이행","단일로","교량위","승용차","승용차","화물차","화물차","973991","1906958","127.207067","37.16099992"
"2018","2018111400","45","야","수","1","1","0","0","0","경기","용인시","차대차","측면충돌","측면충돌","운전자법규위반","안전운전 의무 불이행","단일로","기타단일로","승용차","승용차","화물차","화물차","978307","1914126","127.2554683","37.22572283"
"2018","2018071415","13","주","토","1","1","0","0","0","경기","용인시","차량단독","도로이탈","도로이탈 추락","운전자법규위반","안전운전 의무 불이행","단일로","기타단일로","자전거","자전거","없음","없음","973765","1907810","127.2044918","37.16867358"
"2018","2018070409","25","주","수","1","1","0","0","0","경기","용인시","차대사람","기타","기타","운전자법규위반","안전운전 의무 불이행","단일로","기타단일로","건설기계","건설기계","보행자","보행자","961955","1914720","127.0711158","37.23055305"
"2018","2018040511","18","주","목","1","1","0","0","0","경기","김포시","차대차","추돌","추돌","운전자법규위반","안전운전 의무 불이행","교차로","교차로부근","이륜차","이륜차","화물차","화물차","930801","1960015","126.7156891","37.63700114"
"2018","2018052920","24","야","화","1","1","0","0","0","경기","양평군","차대차","기타","기타","운전자법규위반","안전운전 의무 불이행","단일로","기타단일로","원동기장치자전거","원동기장치자전거","건설기계","건설기계","1022122","1953786","127.750555","37.58319715"
"2018","2018101617","37","주","화","1","1","0","0","0","경기","화성시","차량단독","공작물충돌","공작물충돌","운전자법규위반","안전운전 의무 불이행","교차로","교차로부근","사륜오토바이(ATV)","사륜오토바이(ATV)","없음","없음","953601","1909770","126.9772516","37.18555658"
"2018","2018012306","28","주","화","1","1","0","0","0","경기","부천시","차대차","기타","기타","운전자법규위반","안전운전 의무 불이행","단일로","기타단일로","승용차","승용차","승용차","승용차","934411","1943500","126.7580797","37.48841945"
"2018","2018083123","42","야","금","1","2","1","0","0","경기","부천시","차대사람","기타","기타","운전자법규위반","안전운전 의무 불이행","교차로","교차로부근","승합차","승합차","보행자","보행자","936228","1944147","126.7785753","37.49437812"
"2018","2018090700","23","야","금","1","1","0","0","0","경기","안산시","차대차","추돌","추돌","운전자법규위반","안전운전 의무 불이행","단일로","기타단일로","승용차","승용차","자전거","자전거","917522","1920528","126.5696196","37.28002678"
"2018","2018082010","22","주","월","1","1","0","0","0","경기","안산시","차대사람","횡단중","횡단중","운전자법규위반","과속","단일로","기타단일로","승용차","승용차","보행자","보행자","937286","1926444","126.7920466","37.33489159"
"2018","2018040910","30","주","월","1","2","1","0","0","경기","안산시","차대차","기타","기타","운전자법규위반","안전운전 의무 불이행","단일로","기타단일로","건설기계","건설기계","승용차","승용차","916715","1914444","126.5611982","37.22512082"
"2018","2018040221","05","야","월","1","1","0","0","0","경기","안산시","차대사람","횡단중","횡단중","운전자법규위반","안전운전 의무 불이행","단일로","기타단일로","승합차","승합차","보행자","보행자","922342","1915569","126.6245024","37.23574624"
"2018","2018021605","46","야","금","1","1","0","0","0","경기","안산시","차대사람","횡단중","횡단중","운전자법규위반","안전운전 의무 불이행","단일로","기타단일로","승용차","승용차","보행자","보행자","941081","1924392","126.8350472","37.31664483"
"2018","2018101714","22","주","수","1","1","0","0","0","경기","수원시","차대사람","기타","기타","운전자법규위반","안전운전 의무 불이행","단일로","기타단일로","승합차","승합차","보행자","보행자","962954","1918628","127.0821829","37.26581928"
"2018","2018111705","50","야","토","1","1","0","0","0","경기","수원시","차대사람","차도통행중","차도통행중","운전자법규위반","안전운전 의무 불이행","단일로","기타단일로","화물차","화물차","보행자","보행자","956683","1917063","127.0115497","37.2514421"
"2018","2018090202","50","야","일","1","2","0","1","0","경기","군포시","차대사람","횡단중","횡단중","운전자법규위반","과속","교차로","교차로내","승용차","승용차","보행자","보행자","949178","1928207","126.9261629","37.35150941"
"2018","2018021502","10","야","목","1","3","0","2","0","경기","성남시","차대차","기타","기타","운전자법규위반","안전운전 의무 불이행","단일로","기타단일로","승용차","승용차","승용차","승용차","971600","1937222","127.1789809","37.433725"
"2018","2018010603","42","야","토","1","3","1","1","0","경기","시흥시","차대차","측면충돌","측면충돌","운전자법규위반","신호위반","교차로","교차로내","승용차","승용차","승용차","승용차","938319","1940253","126.8025545","37.45942345"
"2018","2018041102","43","야","수","1","1","0","0","0","경기","시흥시","차대사람","길가장자리구역통행중","길가장자리구역통행중","운전자법규위반","안전운전 의무 불이행","단일로","기타단일로","승용차","승용차","보행자","보행자","935575","1936501","126.7718573","37.4254194"
"2018","2018122405","32","야","월","1","1","0","0","0","경기","안산시","차대사람","횡단중","횡단중","운전자법규위반","안전운전 의무 불이행","단일로","기타단일로","화물차","화물차","보행자","보행자","943301","1926126","126.8599678","37.33241215"
"2018","2018011123","00","야","목","1","3","2","0","0","경기","안성시","차대차","기타","기타","운전자법규위반","안전운전 의무 불이행","단일로","기타단일로","승용차","승용차","화물차","화물차","979371","1885731","127.268243","36.96978859"
"2018","2018032405","04","야","토","1","1","0","0","0","경기","성남시","차량단독","공작물충돌","공작물충돌","운전자법규위반","안전운전 의무 불이행","단일로","기타단일로","승용차","승용차","없음","없음","961245","1929892","127.0623204","37.36727982"
"2018","2018040402","27","야","수","1","1","0","0","0","경기","용인시","차대차","기타","기타","운전자법규위반","안전운전 의무 불이행","단일로","기타단일로","화물차","화물차","화물차","화물차","979038","1916425","127.2636437","37.24646273"
"2018","2018080703","30","야","화","1","1","0","0","0","경기","군포시","차량단독","공작물충돌","공작물충돌","운전자법규위반","안전운전 의무 불이행","단일로","기타단일로","승용차","승용차","없음","없음","949691","1930899","126.931772","37.37580152"
"2018","2018011122","10","야","목","1","1","0","0","0","경기","안산시","차대사람","기타","기타","운전자법규위반","안전운전 의무 불이행","단일로","기타단일로","화물차","화물차","보행자","보행자","946592","1923075","126.8973351","37.30510725"
"2018","2018112506","50","주","일","1","4","0","0","3","경기","남양주시","차대차","기타","기타","운전자법규위반","안전운전 의무 불이행","단일로","기타단일로","승합차","승합차","승용차","승용차","966907","1966664","127.1246052","37.69894073"
"2018","2018081823","25","야","토","1","2","1","0","0","경기","의왕시","차량단독","공작물충돌","공작물충돌","운전자법규위반","안전운전 의무 불이행","기타","기타","승용차","승용차","없음","없음","956205.1","1932237.5","127.0052653","37.38819671"
"2018","2018122419","50","야","월","1","1","0","0","0","경기","성남시","차대사람","차도통행중","차도통행중","운전자법규위반","안전운전 의무 불이행","단일로","기타단일로","승용차","승용차","보행자","보행자","963087.8","1935433.6","127.0828549","37.41730472"
"2018","2018032603","50","야","월","1","1","0","0","0","경기","용인시","차대차","추돌","추돌","운전자법규위반","안전운전 의무 불이행","단일로","기타단일로","화물차","화물차","화물차","화물차","967738","1921131","127.1360287","37.288559"
"2018","2018112820","35","야","수","1","2","1","0","0","경기","화성시","차대차","추돌","추돌","운전자법규위반","안전운전 의무 불이행","단일로","기타단일로","승용차","승용차","화물차","화물차","941773","1903381","126.8444975","37.12730584"
"2018","2018112301","45","야","금","1","1","0","0","0","경기","화성시","차대차","측면충돌","측면충돌","운전자법규위반","안전운전 의무 불이행","단일로","기타단일로","특수차","특수차","화물차","화물차","945435","1908881","126.8853199","37.17710185"
"2018","2018081002","17","야","금","1","1","0","0","0","경기","화성시","차대사람","차도통행중","차도통행중","운전자법규위반","안전운전 의무 불이행","기타","기타","승용차","승용차","보행자","보행자","947818","1921411","126.9112857","37.29017843"
"2018","2018091408","10","주","금","1","1","0","0","0","경기","화성시","차대차","측면충돌","측면충돌","운전자법규위반","안전운전 의무 불이행","교차로","교차로내","이륜차","이륜차","건설기계","건설기계","943350","1915446","126.8613349","37.23615166"
"2018","2018050900","17","야","수","1","1","0","0","0","경기","하남시","차대사람","횡단중","횡단중","운전자법규위반","안전운전 의무 불이행","교차로","교차로횡단보도내","승용차","승용차","보행자","보행자","973835","1949371","127.2038118","37.54329669"
"2018","2018020116","30","주","목","1","1","0","0","0","경기","안양시","차대사람","기타","기타","운전자법규위반","안전운전 의무 불이행","단일로","기타단일로","건설기계","건설기계","보행자","보행자","945772","1934208","126.8872674","37.40540564"
"2018","2018122800","30","야","금","1","1","0","0","0","경기","용인시","차대사람","횡단중","횡단중","운전자법규위반","안전운전 의무 불이행","단일로","기타단일로","승합차","승합차","보행자","보행자","963611","1924589","127.0893006","37.31957617"
"2018","2018110414","15","주","일","1","1","0","0","0","강원","춘천시","차량단독","공작물충돌","공작물충돌","운전자법규위반","안전운전 의무 불이행","단일로","기타단일로","승용차","승용차","없음","없음","1024592.2","1996408.1","127.7799773","37.96729331"
"2018","2018122610","20","주","수","1","1","0","0","0","강원","춘천시","차대차","정면충돌","정면충돌","운전자법규위반","신호위반","교차로","교차로내","승용차","승용차","이륜차","이륜차","1019601.8","1988140.5","127.7229379","37.89289943"
"2018","2018031320","17","야","화","1","4","3","0","0","강원","강릉시","차대차","기타","기타","운전자법규위반","안전운전 의무 불이행","교차로","교차로내","승용차","승용차","화물차","화물차","1120947.4","1982281.1","128.8744176","37.83227874"
"2018","2018112206","10","주","목","1","1","0","0","0","강원","강릉시","차대사람","횡단중","횡단중","운전자법규위반","안전운전 의무 불이행","단일로","기타단일로","승합차","승합차","보행자","보행자","1123197.3","1973910.6","128.8985552","37.75655507"
"2018","2018021314","00","주","화","1","1","0","0","0","강원","원주시","차량단독","전도","전도","운전자법규위반","안전운전 의무 불이행","단일로","기타단일로","승용차","승용차","없음","없음","1023579","1909642","127.7656495","37.18525817"
"2018","2018072105","00","야","토","1","1","0","0","0","강원","원주시","차량단독","공작물충돌","공작물충돌","운전자법규위반","안전운전 의무 불이행","단일로","기타단일로","이륜차","이륜차","없음","없음","1038502","1925740","127.9346066","37.32986573"
"2018","2018122021","00","야","목","1","2","1","0","0","강원","원주시","차량단독","공작물충돌","공작물충돌","운전자법규위반","안전운전 의무 불이행","단일로","기타단일로","승용차","승용차","없음","없음","1035312","1916674","127.8981682","37.24827367"
"2018","2018111501","25","야","목","1","1","0","0","0","강원","원주시","차대차","추돌","추돌","운전자법규위반","안전운전 의무 불이행","단일로","기타단일로","승용차","승용차","화물차","화물차","1038454","1926951","127.9341276","37.34078326"
"2018","2018011215","05","주","금","1","1","0","0","0","강원","원주시","차대사람","횡단중","횡단중","운전자법규위반","안전운전 의무 불이행","교차로","교차로횡단보도내","승용차","승용차","보행자","보행자","1038589","1928752","127.9357455","37.35701122"
"2018","2018102506","10","주","목","1","1","0","0","0","강원","속초시","차대사람","횡단중","횡단중","운전자법규위반","안전운전 의무 불이행","단일로","기타단일로","화물차","화물차","보행자","보행자","1095816","2024495","128.594529","38.21566393"
"2018","2018091914","13","주","수","1","1","0","0","0","강원","양양군","차대사람","횡단중","횡단중","운전자법규위반","안전운전 의무 불이행","기타","기타","화물차","화물차","보행자","보행자","1098785","2013763","128.6269486","38.11863793"
"2018","2018091718","45","야","월","1","1","0","0","0","강원","양양군","차대사람","길가장자리구역통행중","길가장자리구역통행중","운전자법규위반","안전운전 의무 불이행","단일로","지하차도(도로)내","화물차","화물차","보행자","보행자","1099001","2010814","128.6290033","38.09204088"
"2018","2018051722","25","야","목","1","1","0","0","0","강원","홍천군","차량단독","공작물충돌","공작물충돌","운전자법규위반","안전운전 의무 불이행","교차로","교차로부근","승용차","승용차","없음","없음","1044758","1981027","128.0085997","37.82789765"