"발생년","발생년월일시","발생분","주야","요일","사망자수","사상자수","중상자수","경상자수","부상신고자수","발생지시도","발생지시군구","사고유형_대분류","사고유형_중분류","사고유형","법규위반_대분류","법규위반","도로형태_대분류","도로형태","가해자_당사자종별_대분류","가해자_당사자종별","피해자_당사자종별_대분류","피해자_당사자종별","발생위치X_UTMK","발생위치Y_UTMK","경도","위도"
"2018","2018091704","48","야","월","1","1","0","0","0","강원","평창군","차량단독","전도","전도","운전자법규위반","안전운전 의무 불이행","단일로","기타단일로","화물차","화물차","없음","없음","1106376","1964392","128.7062475","37.67289106"
"2018","2018022318","15","야","금","1","2","1","0","0","강원","평창군","차량단독","공작물충돌","공작물충돌","운전자법규위반","안전운전 의무 불이행","교차로","교차로내","승용차","승용차","없음","없음","1096207","1963735","128.5908699","37.66809323"
"2018","2018081322","17","야","월","1","3","0","2","0","강원","태백시","차대차","측면충돌","측면충돌","운전자법규위반","신호위반","교차로","교차로내","승용차","승용차","승용차","승용차","1132028","1907309","128.9868416","37.1551981"
"2018","2018112710","34","주","화","1","1","0","0","0","강원","태백시","차대사람","차도통행중","차도통행중","운전자법규위반","안전운전 의무 불이행","기타","기타","승용차","승용차","보행자","보행자","1129700","1904519","128.9601491","37.13038262"
"2018","2018022815","05","주","수","1","2","0","1","0","강원","태백시","차대차","측면충돌","측면충돌","운전자법규위반","안전운전 의무 불이행","단일로","기타단일로","승용차","승용차","건설기계","건설기계","1131578","1917135","128.9835075","37.24380463"
"2018","2018120315","50","주","월","1","1","0","0","0","강원","정선군","차대차","측면충돌","측면충돌","운전자법규위반","과속","단일로","기타단일로","승용차","승용차","농기계","농기계","1121046","1934280","128.8675914","37.39973256"
"2018","2018100119","00","야","월","1","1","0","0","0","강원","횡성군","차대사람","횡단중","횡단중","운전자법규위반","안전운전 의무 불이행","단일로","기타단일로","승용차","승용차","보행자","보행자","1059329.1","1943090.9","128.1710822","37.48515565"
"2018","2018040223","50","야","월","1","1","0","0","0","강원","인제군","차대사람","차도통행중","차도통행중","운전자법규위반","안전운전 의무 불이행","단일로","기타단일로","승합차","승합차","보행자","보행자","1059941","2008475","128.1834072","38.07439689"
"2018","2018022020","45","야","화","1","1","0","0","0","강원","고성군","차량단독","공작물충돌","공작물충돌","운전자법규위반","안전운전 의무 불이행","기타","기타","승용차","승용차","없음","없음","1088041","2023396.8","128.5055903","38.20656232"
"2018","2018090813","30","주","토","1","5","4","0","0","강원","고성군","차량단독","공작물충돌","공작물충돌","운전자법규위반","안전운전 의무 불이행","단일로","기타단일로","화물차","화물차","없음","없음","1079442","2049835","128.4103613","38.44560399"
"2018","2018020602","20","야","화","1","2","1","0","0","강원","철원군","차량단독","공작물충돌","공작물충돌","운전자법규위반","안전운전 의무 불이행","교차로","교차로내","승용차","승용차","없음","없음","994424.1","2026783.9","127.4362818","38.24137835"
"2018","2018112017","29","주","화","1","1","0","0","0","강원","양구군","차량단독","기타","기타","운전자법규위반","안전운전 의무 불이행","기타","기타","사륜오토바이(ATV)","사륜오토바이(ATV)","없음","없음","1046803.5","2020534.4","128.0344209","38.18385543"
"2018","2018090518","10","야","수","1","2","0","1","0","강원","양구군","차대차","정면충돌","정면충돌","운전자법규위반","중앙선 침범","단일로","기타단일로","승용차","승용차","승용차","승용차","1054407.1","2029583.6","128.1219313","38.2649798"
"2018","2018012218","00","야","월","1","1","0","0","0","충북","청주시","차대사람","횡단중","횡단중","운전자법규위반","안전운전 의무 불이행","단일로","기타단일로","승용차","승용차","보행자","보행자","996390","1848769","127.4596185","36.63680553"
"2018","2018091421","00","야","금","1","2","0","1","0","충북","청주시","차대차","기타","기타","운전자법규위반","안전운전 의무 불이행","교차로","교차로내","이륜차","이륜차","승용차","승용차","993416","1857095","127.4262798","36.71184781"
"2018","2018031416","55","주","수","1","2","0","1","0","충북","충주시","차대차","기타","기타","운전자법규위반","신호위반","교차로","교차로내","승용차","승용차","이륜차","이륜차","1036135","1884549","127.9058999","36.95866593"
"2018","2018021422","57","야","수","1","1","0","0","0","충북","충주시","차대사람","기타","기타","운전자법규위반","안전운전 의무 불이행","단일로","기타단일로","승용차","승용차","보행자","보행자","1040246","1897607","127.9527748","37.0762055"
"2018","2018121817","52","주","화","1","1","0","0","0","충북","충주시","차대사람","횡단중","횡단중","운전자법규위반","신호위반","단일로","기타단일로","승용차","승용차","보행자","보행자","1036273","1885983","127.9075189","36.97158706"
"2018","2018112218","45","야","목","1","1","0","0","0","충북","제천시","차대차","추돌","추돌","운전자법규위반","안전운전 의무 불이행","단일로","기타단일로","승용차","승용차","건설기계","건설기계","1058126","1903842","128.1544013","37.13146741"
"2018","2018100810","16","주","월","1","3","1","1","0","충북","영동군","차대차","측면충돌","측면충돌","운전자법규위반","안전운전 의무 불이행","교차로","교차로내","화물차","화물차","화물차","화물차","1015670","1789892","127.6740975","36.10588716"
"2018","2018020704","41","야","수","1","1","0","0","0","충북","영동군","차량단독","전도","전도","운전자법규위반","안전운전 의무 불이행","단일로","기타단일로","화물차","화물차","없음","없음","1016141","1802396","127.6795874","36.21861119"
"2018","2018052016","05","주","일","1","1","0","0","0","충북","괴산군","차량단독","도로이탈","도로이탈 추락","운전자법규위반","안전운전 의무 불이행","단일로","기타단일로","승용차","승용차","없음","없음","1037501","1872993","127.9206713","36.85444291"
"2018","2018112119","05","야","수","1","1","0","0","0","충북","음성군","차대사람","횡단중","횡단중","운전자법규위반","안전운전 의무 불이행","단일로","기타단일로","승용차","승용차","보행자","보행자","1009975","1888305","127.6120987","36.99316506"
"2018","2018092810","23","주","금","1","1","0","0","0","충북","음성군","차대차","기타","기타","운전자법규위반","교차로 통행방법 위반","교차로","교차로내","화물차","화물차","이륜차","이륜차","996967","1890778","127.4659053","37.01550576"
"2018","2018070814","45","주","일","1","3","1","1","0","충북","단양군","차대차","정면충돌","정면충돌","운전자법규위반","중앙선 침범","단일로","기타단일로","승용차","승용차","승용차","승용차","1083032","1896701","128.4339817","37.06522564"
"2018","2018082823","10","야","화","1","1","0","0","0","충북","진천군","차대차","추돌","추돌","운전자법규위반","안전운전 의무 불이행","단일로","기타단일로","승용차","승용차","승용차","승용차","994137","1866722","127.4342788","36.79863797"
"2018","2018020917","00","주","금","1","2","1","0","0","충북","청주시","차대차","정면충돌","정면충돌","운전자법규위반","중앙선 침범","단일로","기타단일로","승용차","승용차","승용차","승용차","987565","1850344","127.3608767","36.65092971"
"2018","2018053000","18","야","수","1","1","0","0","0","충북","청주시","차대사람","차도통행중","차도통행중","운전자법규위반","과속","단일로","기타단일로","승용차","승용차","보행자","보행자","997003","1850084","127.4664704","36.64866234"
"2018","2018122004","50","야","목","1","1","0","0","0","충북","청주시","차대차","측면충돌","측면충돌","운전자법규위반","안전운전 의무 불이행","교차로","교차로횡단보도내","승용차","승용차","자전거","자전거","993705","1847600","127.4295937","36.62625305"
"2018","2018121906","32","주","수","1","1","0","0","0","충북","충주시","차대차","기타","기타","운전자법규위반","안전운전 의무 불이행","단일로","기타단일로","화물차","화물차","화물차","화물차","1020234","1895237","127.7275748","37.05548748"
"2018","2018040405","40","야","수","1","1","0","0","0","경기","이천시","차대차","추돌","추돌","운전자법규위반","안전운전 의무 불이행","단일로","기타단일로","승합차","승합차","화물차","화물차","1000193","1916207","127.5021761","37.24473353"
"2018","2018042815","00","주","토","1","5","0","4","0","경기","이천시","차대차","추돌","추돌","운전자법규위반","안전운전 의무 불이행","단일로","기타단일로","화물차","화물차","화물차","화물차","992913","1916794","127.420087","37.24999783"
"2018","2018012519","43","야","목","1","3","2","0","0","경기","이천시","차대차","기타","기타","운전자법규위반","안전운전 의무 불이행","단일로","기타단일로","승합차","승합차","승용차","승용차","993354","1915869","127.425068","37.24166309"
"2018","2018042618","50","야","목","1","10","1","8","0","충북","괴산군","차대차","추돌","추돌","운전자법규위반","안전운전 의무 불이행","단일로","터널안","화물차","화물차","화물차","화물차","1045664","1861040","128.0115205","36.7463348"
"2018","2018101216","22","주","금","1","13","3","9","0","충북","음성군","차대차","추돌","추돌","운전자법규위반","안전운전 의무 불이행","단일로","기타단일로","화물차","화물차","승용차","승용차","997480.1","1887301","127.4716848","36.9841641"
"2018","2018041210","05","주","목","1","1","0","0","0","충북","진천군","차량단독","전복","전복","운전자법규위반","안전운전 의무 불이행","단일로","기타단일로","특수차","특수차","없음","없음","997806","1874640","127.4753835","36.87003183"
"2018","2018073014","40","주","월","1","1","0","0","0","충남","서산시","차대차","측면충돌","측면충돌","운전자법규위반","안전운전 의무 불이행","교차로","교차로부근","화물차","화물차","자전거","자전거","907414","1864509","126.4625043","36.77418227"
"2018","2018030602","05","야","화","1","1","0","0","0","충남","서산시","차대차","기타","기타","운전자법규위반","안전운전 의무 불이행","단일로","기타단일로","이륜차","이륜차","승용차","승용차","911714","1869720","126.5100781","36.82156148"
"2018","2018100322","00","야","수","1","1","0","0","0","충남","서산시","차대사람","횡단중","횡단중","운전자법규위반","과속","단일로","기타단일로","승용차","승용차","보행자","보행자","914320","1855667","126.540873","36.69513402"
"2018","2018102723","58","야","토","1","1","0","0","0","충남","서산시","차대사람","횡단중","횡단중","운전자법규위반","과속","교차로","교차로내","승용차","승용차","보행자","보행자","907307","1864325","126.4613279","36.77251337"
"2018","2018062216","00","주","금","1","1","0","0","0","충남","천안시","차대차","측면충돌","측면충돌","운전자법규위반","안전거리 미확보","교차로","교차로부근","이륜차","이륜차","승용차","승용차","965412","1867144","127.112271","36.80182834"
"2018","2018020217","10","주","금","1","1","0","0","0","충남","천안시","차대사람","횡단중","횡단중","운전자법규위반","안전운전 의무 불이행","교차로","교차로부근","승합차","승합차","보행자","보행자","967336","1870896","127.1336773","36.83571918"
"2018","2018090911","24","주","일","1","1","0","0","0","충남","천안시","차량단독","기타","기타","운전자법규위반","안전운전 의무 불이행","단일로","기타단일로","이륜차","이륜차","없음","없음","980310","1877277","127.2790122","36.89360041"
"2018","2018081221","00","야","일","1","1","0","0","0","충남","천안시","차대차","기타","기타","운전자법규위반","안전운전 의무 불이행","단일로","기타단일로","승용차","승용차","자전거","자전거","967506","1879450","127.1352173","36.91283454"
"2018","2018110206","40","주","금","1","2","1","0","0","충남","천안시","차대차","측면충돌","측면충돌","운전자법규위반","신호위반","교차로","교차로내","화물차","화물차","승용차","승용차","964289","1866991","127.0996897","36.80040742"
"2018","2018032612","58","주","월","1","1","0","0","0","충남","논산시","차대사람","횡단중","횡단중","운전자법규위반","안전운전 의무 불이행","교차로","교차로내","화물차","화물차","보행자","보행자","956067","1795163","127.0116063","36.15253974"
"2018","2018060215","30","주","토","1","1","0","0","0","충남","논산시","차대차","측면충돌","측면충돌","운전자법규위반","부당한 회전","교차로","교차로부근","자전거","자전거","승용차","승용차","964207","1801449","127.101808","36.20954573"
"2018","2018041218","35","야","목","1","1","0","0","0","충남","계룡시","차대사람","횡단중","횡단중","운전자법규위반","안전운전 의무 불이행","교차로","교차로내","승용차","승용차","보행자","보행자","976301","1811423","127.2360481","36.29983799"
"2018","2018092717","00","주","목","1","1","0","0","0","충남","논산시","차대사람","기타","기타","운전자법규위반","안전운전 의무 불이행","단일로","기타단일로","승용차","승용차","보행자","보행자","964866","1805504","127.1089572","36.24612731"
"2018","2018102115","00","주","일","1","2","1","0","0","충남","논산시","차대차","기타","기타","운전자법규위반","안전운전 의무 불이행","교차로","교차로부근","승용차","승용차","이륜차","이륜차","959682","1797310","127.0516821","36.172053"
"2018","2018073117","34","주","화","1","1","0","0","0","충남","홍성군","차량단독","전도","전도","운전자법규위반","안전운전 의무 불이행","단일로","기타단일로","이륜차","이륜차","없음","없음","925382","1848786","126.6653615","36.63404195"
"2018","2018072916","49","주","일","1","1","0","0","0","충남","홍성군","차량단독","전복","전복","운전자법규위반","안전운전 의무 불이행","단일로","기타단일로","농기계","농기계","없음","없음","923371","1839347","126.6438102","36.54879872"
"2018","2018080212","20","주","목","1","8","7","0","0","충남","아산시","차대차","정면충돌","정면충돌","운전자법규위반","중앙선 침범","단일로","기타단일로","화물차","화물차","승합차","승합차","954331","1855602","126.9887485","36.69731375"
"2018","2018033120","30","야","토","1","1","0","0","0","충남","아산시","차대사람","횡단중","횡단중","운전자법규위반","안전운전 의무 불이행","단일로","기타단일로","승용차","승용차","보행자","보행자","963208","1870568","127.0873992","36.83261079"
"2018","2018011420","45","야","일","1","1","0","0","0","충남","아산시","차대차","정면충돌","정면충돌","운전자법규위반","신호위반","교차로","교차로내","승합차","승합차","이륜차","이륜차","960835","1880664","127.0602667","36.92352434"
"2018","2018022403","20","야","토","1","2","0","1","0","충남","아산시","차대차","정면충돌","정면충돌","운전자법규위반","중앙선 침범","교차로","교차로부근","승용차","승용차","화물차","화물차","958525","1879547","127.0343926","36.91335657"
"2018","2018110815","30","주","목","1","6","4","1","0","충남","서천군","차량단독","도로이탈","도로이탈 추락","운전자법규위반","안전운전 의무 불이행","단일로","기타단일로","승합차","승합차","없음","없음","923151","1792738","126.645952","36.1286278"
"2018","2018122118","02","야","금","1","1","0","0","0","충남","서천군","차대차","정면충돌","정면충돌","운전자법규위반","중앙선 침범","단일로","기타단일로","승용차","승용차","자전거","자전거","928895","1788873","126.7101302","36.09422326"
"2018","2018020418","32","야","일","1","1","0","0","0","충남","서천군","차대사람","차도통행중","차도통행중","운전자법규위반","안전운전 의무 불이행","교차로","교차로내","승용차","승용차","보행자","보행자","927365","1779336","126.6940128","36.00813424"
"2018","2018081105","40","야","토","1","1","0","0","0","충남","공주시","차대사람","횡단중","횡단중","운전자법규위반","신호위반","교차로","교차로부근","승용차","승용차","보행자","보행자","967343","1830714","127.1354674","36.47348791"
"2018","2018082110","25","주","화","1","1","0","0","0","세종","세종","차대차","정면충돌","정면충돌","운전자법규위반","안전운전 의무 불이행","단일로","기타단일로","농기계","농기계","승용차","승용차","982131","1841940","127.3002767","36.57508144"
"2018","2018102507","30","주","목","1","2","0","1","0","충남","예산군","차대차","추돌","추돌","운전자법규위반","안전운전 의무 불이행","기타","기타","화물차","화물차","승용차","승용차","943386","1853265","126.8664013","36.67565805"
"2018","2018080222","30","야","목","1","1","0","0","0","충남","예산군","차대차","추돌","추돌","운전자법규위반","안전운전 의무 불이행","단일로","기타단일로","승용차","승용차","원동기장치자전거","원동기장치자전거","927317","1854975","126.6864165","36.68997945"
"2018","2018040914","45","주","월","1","1","0","0","0","충남","부여군","차대사람","횡단중","횡단중","운전자법규위반","안전운전 의무 불이행","교차로","교차로내","승용차","승용차","보행자","보행자","949880","1808711","126.9419629","36.27437735"
"2018","2018122018","53","야","목","1","1","0","0","0","충남","부여군","차대사람","길가장자리구역통행중","길가장자리구역통행중","운전자법규위반","안전운전 의무 불이행","단일로","기타단일로","특수차","특수차","보행자","보행자","944732","1808369","126.884672","36.27101304"
"2018","2018032022","22","야","화","1","1","0","0","0","충남","당진시","차대사람","횡단중","횡단중","운전자법규위반","과속","교차로","교차로내","승용차","승용차","보행자","보행자","934348","1867717","126.7640163","36.80534845"
"2018","2018072020","20","야","금","1","1","0","0","0","충남","당진시","차대사람","길가장자리구역통행중","길가장자리구역통행중","운전자법규위반","안전운전 의무 불이행","단일로","기타단일로","승용차","승용차","보행자","보행자","925692","1868781","126.6668841","36.81429903"
"2018","2018102120","30","야","일","1","1","0","0","0","충남","당진시","차대차","추돌","추돌","운전자법규위반","과속","단일로","기타단일로","승용차","승용차","이륜차","이륜차","940912","1876627","126.8369033","36.88609631"
"2018","2018051113","40","주","금","1","1","0","0","0","충남","금산군","차대차","측면충돌","측면충돌","운전자법규위반","교차로 통행방법 위반","교차로","교차로내","화물차","화물차","이륜차","이륜차","998769","1789543","127.4863238","36.10286635"
"2018","2018032920","13","야","목","1","1","0","0","0","충남","청양군","차대사람","차도통행중","차도통행중","운전자법규위반","안전운전 의무 불이행","교차로","교차로내","승용차","승용차","보행자","보행자","937330","1827994","126.8006858","36.44747476"
"2018","2018102218","32","야","월","1","1","0","0","0","충남","청양군","차대사람","차도통행중","차도통행중","운전자법규위반","안전운전 의무 불이행","단일로","기타단일로","승용차","승용차","보행자","보행자","929539","1826495","126.7138919","36.4334212"
"2018","2018010318","20","야","수","1","1","0","0","0","충남","천안시","차대사람","횡단중","횡단중","운전자법규위반","안전운전 의무 불이행","단일로","기타단일로","화물차","화물차","보행자","보행자","980057","1857676","127.2766864","36.7168988"
"2018","2018100415","19","주","목","1","1","0","0","0","충남","천안시","차대차","측면충돌","측면충돌","운전자법규위반","중앙선 침범","단일로","기타단일로","이륜차","이륜차","승합차","승합차","978046","1863560","127.253999","36.76989714"
"2018","2018050700","00","야","월","1","1","0","0","0","충남","태안군","차대사람","기타","기타","운전자법규위반","안전운전 의무 불이행","단일로","기타단일로","불명","불명","보행자","보행자","898788","1825549","126.3709885","36.4221428"
"2018","2018120301","30","야","월","1","4","0","3","0","충남","천안시","차대차","추돌","추돌","운전자법규위반","안전운전 의무 불이행","단일로","기타단일로","승용차","승용차","승용차","승용차","971093.8","1885104.1","127.1752777","36.96391958"
"2018","2018052222","05","야","화","1","1","0","0","0","전북","전주시","차대사람","횡단중","횡단중","운전자법규위반","안전운전 의무 불이행","교차로","교차로부근","승용차","승용차","보행자","보행자","963955","1758401","127.1009658","35.8214285"
"2018","2018121905","31","야","수","1","1","0","0","0","전북","군산시","차대사람","횡단중","횡단중","운전자법규위반","안전운전 의무 불이행","단일로","기타단일로","승용차","승용차","보행자","보행자","922164.4","1773971.5","126.6368374","35.95937195"
"2018","2018073008","05","주","월","1","2","0","1","0","전북","군산시","차대차","측면충돌","측면충돌","운전자법규위반","신호위반","교차로","교차로내","승용차","승용차","승용차","승용차","916000","1772578.1","126.5686322","35.94629959"
"2018","2018032505","45","야","일","1","1","0","0","0","충남","서천군","차대차","기타","기타","운전자법규위반","안전운전 의무 불이행","단일로","기타단일로","화물차","화물차","화물차","화물차","931656","1780507","126.7415224","36.01900145"
"2018","2018013112","20","주","수","1","3","2","0","0","전북","군산시","차대차","정면충돌","정면충돌","운전자법규위반","중앙선 침범","교차로","교차로부근","승용차","승용차","승용차","승용차","933239.9","1779684.8","126.7591685","36.01169906"
"2018","2018121019","30","야","월","1","1","0","0","0","전북","군산시","차대차","기타","기타","운전자법규위반","안전운전 의무 불이행","단일로","기타단일로","승용차","승용차","특수차","특수차","922884","1776118","126.6446079","35.97877974"
"2018","2018082400","25","야","금","1","1","0","0","0","전북","익산시","차대사람","횡단중","횡단중","운전자법규위반","안전운전 의무 불이행","교차로","교차로부근","승용차","승용차","보행자","보행자","954685.2","1773887","126.9974667","35.96066211"
"2018","2018110906","40","주","금","1","1","0","0","0","전북","익산시","차대사람","횡단중","횡단중","운전자법규위반","과속","단일로","기타단일로","승용차","승용차","보행자","보행자","952415","1773663","126.9723049","35.95853455"
"2018","2018032111","50","주","수","1","1","0","0","0","전북","정읍시","차대차","측면충돌","측면충돌","운전자법규위반","중앙선 침범","단일로","기타단일로","이륜차","이륜차","승용차","승용차","942556.6","1742866.6","126.8651998","35.68035423"
"2018","2018031106","55","주","일","1","1","0","0","0","전북","김제시","차대차","측면충돌","측면충돌","운전자법규위반","안전거리 미확보","단일로","기타단일로","이륜차","이륜차","승합차","승합차","958692.5","1755285.2","127.0428701","35.7931291"
"2018","2018072716","00","주","금","1","1","0","0","0","전북","김제시","차대차","측면충돌","측면충돌","운전자법규위반","부당한 회전","단일로","기타단일로","이륜차","이륜차","승용차","승용차","944949","1757300","126.8906456","35.81061961"
"2018","2018112518","09","야","일","1","1","0","0","0","전북","남원시","차량단독","전도","전도","운전자법규위반","안전운전 의무 불이행","기타","기타","농기계","농기계","없음","없음","975134.7","1706563","127.2263237","35.35438043"
"2018","2018060211","35","주","토","1","2","1","0","0","전북","남원시","차대차","측면충돌","측면충돌","운전자법규위반","교차로 통행방법 위반","교차로","교차로내","이륜차","이륜차","승용차","승용차","987071","1703938","127.3577398","35.33093713"
"2018","2018070806","40","주","일","1","1","0","0","0","전북","남원시","차대차","측면충돌","측면충돌","운전자법규위반","안전운전 의무 불이행","단일로","기타단일로","사륜오토바이(ATV)","사륜오토바이(ATV)","화물차","화물차","1007983","1718126","127.5879773","35.45891987"
"2018","2018041215","55","주","목","1","1","0","0","0","전북","남원시","차량단독","도로이탈","도로이탈 추락","운전자법규위반","안전운전 의무 불이행","단일로","기타단일로","농기계","농기계","없음","없음","1000481.4","1718555.6","127.5053056","35.46282541"
"2018","2018051723","15","야","목","1","2","0","1","0","전북","고창군","차대차","추돌","추돌","운전자법규위반","안전운전 의무 불이행","교차로","교차로부근","화물차","화물차","화물차","화물차","914201.8","1714929.7","126.5548473","35.42643268"
"2018","2018081514","09","주","수","1","1","0","0","0","전북","고창군","차량단독","공작물충돌","공작물충돌","운전자법규위반","안전운전 의무 불이행","단일로","기타단일로","원동기장치자전거","원동기장치자전거","없음","없음","909440","1721355","126.5016829","35.48393735"
"2018","2018070115","10","주","일","1","1","0","0","0","전북","고창군","차량단독","도로이탈","도로이탈 추락","운전자법규위반","안전운전 의무 불이행","단일로","기타단일로","이륜차","이륜차","없음","없음","912983.4","1705197.1","126.5424646","35.3385816"
"2018","2018092516","10","주","화","1","1","0","0","0","전북","부안군","차대사람","길가장자리구역통행중","길가장자리구역통행중","운전자법규위반","안전운전 의무 불이행","단일로","기타단일로","승용차","승용차","보행자","보행자","935956","1743534","126.7922089","35.68596466"
"2018","2018011806","05","주","목","1","1","0","0","0","전북","진안군","차대사람","길가장자리구역통행중","길가장자리구역통행중","운전자법규위반","안전운전 의무 불이행","단일로","기타단일로","화물차","화물차","보행자","보행자","992839","1754255","127.4207608","35.7846834"
"2018","2018031108","07","주","일","1","1","0","0","0","전북","무주군","차량단독","도로이탈","도로이탈 추락","운전자법규위반","안전운전 의무 불이행","단일로","기타단일로","승용차","승용차","없음","없음","1019317","1774103","127.7142305","35.96347051"
"2018","2018071206","30","주","목","1","1","0","0","0","전북","완주군","차대사람","길가장자리구역통행중","길가장자리구역통행중","운전자법규위반","안전운전 의무 불이행","단일로","기타단일로","승용차","승용차","보행자","보행자","968865.6","1764683.7","127.1550822","35.87824154"
"2018","2018111312","25","주","화","1","5","1","3","0","전북","완주군","차대차","측면충돌","측면충돌","운전자법규위반","신호위반","교차로","교차로내","승용차","승용차","승용차","승용차","979535.2","1760670.4","127.2733857","35.84233853"
"2018","2018062604","05","야","화","1","8","4","3","0","전북","완주군","차대차","추돌","추돌","운전자법규위반","안전운전 의무 불이행","단일로","기타단일로","화물차","화물차","화물차","화물차","977422","1757137","127.2500856","35.81043457"
"2018","2018102319","00","야","화","2","6","4","0","0","충남","홍성군","차대차","기타","기타","운전자법규위반","기타(운전자법규위반)","단일로","기타단일로","화물차","화물차","승용차","승용차","915321.4","1847681.3","126.5529638","36.62324299"
"2018","2018091405","40","야","금","1","1","0","0","0","전북","고창군","차량단독","공작물충돌","공작물충돌","운전자법규위반","안전운전 의무 불이행","단일로","기타단일로","화물차","화물차","없음","없음","925484","1720707","126.6785905","35.47942864"
"2018","2018110706","13","주","수","1","1","0","0","0","전남","목포시","차대사람","기타","기타","운전자법규위반","안전운전 의무 불이행","단일로","기타단일로","승용차","승용차","보행자","보행자","898884","1646001","126.394559","34.80356236"
"2018","2018021104","35","야","일","1","1","0","0","0","전남","목포시","차대사람","차도통행중","차도통행중","운전자법규위반","안전운전 의무 불이행","단일로","기타단일로","승용차","승용차","보행자","보행자","899739","1644323","126.4041049","34.7885179"
"2018","2018110801","15","야","목","1","1","0","0","0","전남","여수시","차대사람","횡단중","횡단중","운전자법규위반","안전운전 의무 불이행","교차로","교차로내","승용차","승용차","보행자","보행자","1018455","1641392","127.7016724","34.76685348"
"2018","2018101014","08","주","수","1","1","0","0","0","전남","여수시","차대사람","횡단중","횡단중","운전자법규위반","신호위반","교차로","교차로부근","건설기계","건설기계","보행자","보행자","1014898.8","1643385","127.6628465","34.784884"
"2018","2018092805","57","야","금","1","1","0","0","0","전남","여수시","차대사람","횡단중","횡단중","운전자법규위반","안전운전 의무 불이행","교차로","교차로내","승용차","승용차","보행자","보행자","1019293.1","1640545.6","127.7108115","34.75920536"
"2018","2018032816","25","주","수","1","3","2","0","0","전남","여수시","차대사람","보도통행중","보도통행중","운전자법규위반","중앙선 침범","교차로","교차로부근","승합차","승합차","보행자","보행자","1014070.4","1639978.7","127.653735","34.75417861"
"2018","2018092904","05","야","토","1","1","0","0","0","전남","순천시","차대사람","기타","기타","운전자법규위반","안전운전 의무 불이행","단일로","기타단일로","승용차","승용차","보행자","보행자","1002558","1662274","127.5280171","34.9553238"
"2018","2018040817","30","주","일","1","1","0","0","0","전남","순천시","차량단독","도로이탈","도로이탈 추락","운전자법규위반","안전운전 의무 불이행","단일로","기타단일로","농기계","농기계","없음","없음","973998","1676631","127.2147588","35.08445454"
"2018","2018090204","55","야","일","3","3","0","0","0","전남","순천시","차대차","추돌","추돌","운전자법규위반","과속","단일로","기타단일로","승용차","승용차","원동기장치자전거","원동기장치자전거","998694","1657379","127.4857034","34.91118532"
"2018","2018111910","35","주","월","1","1","0","0","0","전남","나주시","차대차","측면충돌","측면충돌","운전자법규위반","안전운전 의무 불이행","단일로","기타단일로","이륜차","이륜차","승용차","승용차","940077.8","1672281.7","126.842985","35.04379191"
"2018","2018061102","21","야","월","1","1","0","0","0","전남","장흥군","차량단독","전도","전도","운전자법규위반","안전운전 의무 불이행","단일로","기타단일로","이륜차","이륜차","없음","없음","950315","1614260","126.9586544","34.52114537"
"2018","2018041919","40","야","목","1","1","0","0","0","전남","고흥군","차대사람","길가장자리구역통행중","길가장자리구역통행중","운전자법규위반","안전운전 의무 불이행","단일로","기타단일로","승용차","승용차","보행자","보행자","972458","1610204","127.2000416","34.48539911"
"2018","2018080201","20","야","목","1","1","0","0","0","전남","고흥군","차대차","추돌","추돌","운전자법규위반","안전운전 의무 불이행","단일로","기타단일로","이륜차","이륜차","화물차","화물차","980757","1624366","127.2901045","34.61330115"
"2018","2018041618","00","야","월","1","1","0","0","0","전남","해남군","차량단독","전도","전도","운전자법규위반","안전운전 의무 불이행","단일로","기타단일로","농기계","농기계","없음","없음","910637","1602697","126.5275934","34.41420189"
"2018","2018062207","38","주","금","1","1","0","0","0","전남","해남군","차대차","기타","기타","운전자법규위반","중앙선 침범","단일로","기타단일로","이륜차","이륜차","건설기계","건설기계","897336","1635789","126.3788839","34.71133537"
"2018","2018031314","48","주","화","1","1","0","0","0","전남","보성군","차대사람","길가장자리구역통행중","길가장자리구역통행중","운전자법규위반","안전운전 의무 불이행","기타","기타","화물차","화물차","보행자","보행자","966300","1634753","127.1320013","34.70659543"
"2018","2018122410","15","주","월","1","1","0","0","0","전남","영광군","차량단독","공작물충돌","공작물충돌","운전자법규위반","안전운전 의무 불이행","단일로","기타단일로","원동기장치자전거","원동기장치자전거","없음","없음","912993","1697391","126.543399","35.26820476"
"2018","2018120707","48","주","금","1","1","0","0","0","전남","화순군","차량단독","도로이탈","도로이탈 추락","운전자법규위반","안전운전 의무 불이행","단일로","기타단일로","이륜차","이륜차","없음","없음","949862","1667247","126.9505625","34.99892755"
"2018","2018091308","45","주","목","1","1","0","0","0","전남","화순군","차대차","측면충돌","측면충돌","운전자법규위반","교차로 통행방법 위반","교차로","교차로내","이륜차","이륜차","건설기계","건설기계","953302","1659708","126.9886809","34.93111214"
"2018","2018031720","10","야","토","1","1","0","0","0","전남","함평군","차대사람","횡단중","횡단중","운전자법규위반","안전운전 의무 불이행","단일로","기타단일로","승용차","승용차","보행자","보행자","918333.5","1679856.3","126.6038463","35.11056099"
"2018","2018112120","15","야","수","1","4","2","1","0","전남","영암군","차대차","추돌","추돌","운전자법규위반","안전운전 의무 불이행","단일로","기타단일로","승용차","승용차","화물차","화물차","914752.4","1637182.3","126.5689099","34.72549983"