"발생년","발생년월일시","발생분","주야","요일","사망자수","사상자수","중상자수","경상자수","부상신고자수","발생지시도","발생지시군구","사고유형_대분류","사고유형_중분류","사고유형","법규위반_대분류","법규위반","도로형태_대분류","도로형태","가해자_당사자종별_대분류","가해자_당사자종별","피해자_당사자종별_대분류","피해자_당사자종별","발생위치X_UTMK","발생위치Y_UTMK","경도","위도"
"2018","2018040414","50","주","수","1","1","0","0","0","전남","영암군","차량단독","공작물충돌","공작물충돌","운전자법규위반","안전운전 의무 불이행","단일로","기타단일로","화물차","화물차","없음","없음","902737.7","1639592.1","126.4374238","34.74615368"
"2018","2018102719","10","야","토","1","1","0","0","0","전남","영암군","차대사람","횡단중","횡단중","운전자법규위반","안전운전 의무 불이행","단일로","기타단일로","승용차","승용차","보행자","보행자","925955","1654961.5","126.6896876","34.8866855"
"2018","2018022809","00","주","수","1","2","1","0","0","전남","영암군","차대차","측면충돌","측면충돌","운전자법규위반","안전운전 의무 불이행","교차로","교차로부근","원동기장치자전거","원동기장치자전거","화물차","화물차","908506","1638831","126.5005155","34.73982476"
"2018","2018110814","20","주","목","1","1","0","0","0","전남","영암군","차량단독","기타","기타","운전자법규위반","안전운전 의무 불이행","단일로","기타단일로","화물차","화물차","없음","없음","925277","1659026","126.6819051","34.92328404"
"2018","2018120714","32","주","금","1","2","0","1","0","전남","장성군","차대차","정면충돌","정면충돌","운전자법규위반","중앙선 침범","단일로","기타단일로","승용차","승용차","화물차","화물차","937908","1694397","126.8175332","35.2430653"
"2018","2018080210","01","주","목","1","1","0","0","0","전남","담양군","차량단독","전도","전도","운전자법규위반","안전운전 의무 불이행","단일로","기타단일로","이륜차","이륜차","없음","없음","955950.1","1693051.1","127.0159024","35.23188539"
"2018","2018112919","50","야","목","1","1","0","0","0","전남","담양군","차대사람","횡단중","횡단중","운전자법규위반","안전운전 의무 불이행","단일로","기타단일로","승용차","승용차","보행자","보행자","957800","1694870","127.0361384","35.24836562"
"2018","2018071615","35","주","월","1","1","0","0","0","전남","완도군","차량단독","전도","전도","운전자법규위반","안전운전 의무 불이행","교차로","교차로내","화물차","화물차","없음","없음","949196.7","1601936.8","126.9472035","34.40996245"
"2018","2018052015","17","주","일","2","3","0","1","0","전남","무안군","차대차","정면충돌","정면충돌","운전자법규위반","중앙선 침범","단일로","기타단일로","승용차","승용차","건설기계","건설기계","894893.4","1675451.4","126.3472304","35.06867461"
"2018","2018100205","00","야","화","1","1","0","0","0","전남","진도군","차량단독","도로이탈","도로이탈 추락","운전자법규위반","안전운전 의무 불이행","단일로","기타단일로","사륜오토바이(ATV)","사륜오토바이(ATV)","없음","없음","884216.2","1611883.6","126.2389042","34.49440584"
"2018","2018060719","00","야","목","1","2","1","0","0","전남","광양시","차대차","측면충돌","측면충돌","운전자법규위반","과속","교차로","교차로내","승용차","승용차","특수차","특수차","1013591","1656040","127.6487572","34.89902059"
"2018","2018082223","18","야","수","1","1","0","0","0","전남","광양시","차대차","정면충돌","정면충돌","운전자법규위반","안전운전 의무 불이행","교차로","교차로횡단보도내","승용차","승용차","자전거","자전거","1007452","1664012","127.5816354","34.970972"
"2018","2018060310","43","주","일","1","1","0","0","0","전남","광양시","차량단독","전도","전도","운전자법규위반","안전운전 의무 불이행","단일로","기타단일로","이륜차","이륜차","없음","없음","1014344","1684796","127.6574955","35.15831357"
"2018","2018092207","25","주","토","1","1","0","0","0","전남","구례군","차량단독","전복","전복","운전자법규위반","안전운전 의무 불이행","단일로","기타단일로","사륜오토바이(ATV)","사륜오토바이(ATV)","없음","없음","1006679.2","1690224.3","127.573381","35.2073416"
"2018","2018041402","29","야","토","2","2","0","0","0","전남","장흥군","차량단독","공작물충돌","공작물충돌","운전자법규위반","안전운전 의무 불이행","단일로","기타단일로","승용차","승용차","없음","없음","954996","1641422","127.0082107","34.76629784"
"2018","2018051013","46","주","목","1","1","0","0","0","전북","익산시","차대사람","기타","기타","운전자법규위반","안전운전 의무 불이행","단일로","기타단일로","특수차","특수차","보행자","보행자","964208","1782363","127.1026872","36.03747517"
"2018","2018122820","10","야","금","1","1","0","0","0","경북","경주시","차대사람","횡단중","횡단중","운전자법규위반","안전운전 의무 불이행","단일로","지하차도(도로)내","승용차","승용차","보행자","보행자","1164504","1750401","129.3190968","35.73620611"
"2018","2018020414","25","주","일","1","2","1","0","0","경북","경주시","차량단독","공작물충돌","공작물충돌","운전자법규위반","중앙선 침범","단일로","기타단일로","승용차","승용차","없음","없음","1154538","1759837","129.2107589","35.82286125"
"2018","2018102407","25","주","수","1","1","0","0","0","경북","경주시","차대사람","차도통행중","차도통행중","운전자법규위반","안전운전 의무 불이행","단일로","기타단일로","승용차","승용차","보행자","보행자","1163425","1755666","129.3082441","35.78383304"
"2018","2018080118","46","야","수","1","1","0","0","0","경북","경주시","차대차","측면충돌","측면충돌","운전자법규위반","중앙선 침범","단일로","기타단일로","자전거","자전거","승용차","승용차","1154428","1763490","129.2102483","35.8558"
"2018","2018042022","00","야","금","1","1","0","0","0","경북","경주시","차대사람","차도통행중","차도통행중","운전자법규위반","안전운전 의무 불이행","단일로","기타단일로","사륜오토바이(ATV)","사륜오토바이(ATV)","보행자","보행자","1155098","1762112","129.2173975","35.84327548"
"2018","2018122420","10","야","월","1","1","0","0","0","경북","경주시","차대사람","차도통행중","차도통행중","운전자법규위반","안전운전 의무 불이행","단일로","기타단일로","화물차","화물차","보행자","보행자","1153748","1748044","129.1997533","35.71670326"
"2018","2018121008","58","주","월","1","1","0","0","0","경북","포항시","차대차","측면충돌","측면충돌","운전자법규위반","안전운전 의무 불이행","교차로","교차로내","승용차","승용차","자전거","자전거","1167266","1782554","129.3563759","36.02548393"
"2018","2018111705","48","야","토","1","2","1","0","0","경북","포항시","차대차","측면충돌","측면충돌","운전자법규위반","중앙선 침범","단일로","기타단일로","승용차","승용차","농기계","농기계","1158898","1794575","129.265967","36.13521309"
"2018","2018082518","47","야","토","1","2","1","0","0","경북","포항시","차대차","정면충돌","정면충돌","운전자법규위반","신호위반","교차로","교차로내","특수차","특수차","승합차","승합차","1166248","1792489","129.3471758","36.11518399"
"2018","2018100905","40","야","화","1","1","0","0","0","경북","포항시","차대차","추돌","추돌","운전자법규위반","안전운전 의무 불이행","단일로","기타단일로","화물차","화물차","농기계","농기계","1149137","1789570","129.1565792","36.09165825"
"2018","2018101216","56","주","금","1","1","0","0","0","경북","포항시","차량단독","공작물충돌","공작물충돌","운전자법규위반","안전운전 의무 불이행","단일로","기타단일로","이륜차","이륜차","없음","없음","1142478","1795230","129.0836628","36.14366755"
"2018","2018122219","20","야","토","1","1","0","0","0","경북","포항시","차대사람","차도통행중","차도통행중","운전자법규위반","안전운전 의무 불이행","단일로","기타단일로","승용차","승용차","보행자","보행자","1168831","1786884","129.3746616","36.06423165"
"2018","2018101013","13","주","수","1","1","0","0","0","경북","안동시","차대사람","차도통행중","차도통행중","운전자법규위반","안전운전 의무 불이행","교차로","교차로내","승용차","승용차","보행자","보행자","1111295","1841407","128.7437472","36.56395577"
"2018","2018031406","12","주","수","1","1","0","0","0","경북","안동시","차대사람","횡단중","횡단중","운전자법규위반","안전운전 의무 불이행","교차로","교차로부근","승합차","승합차","보행자","보행자","1109236","1841508","128.7207565","36.56510389"
"2018","2018090105","52","야","토","1","2","1","0","0","경북","안동시","차대차","측면충돌","측면충돌","운전자법규위반","안전운전 의무 불이행","단일로","기타단일로","승용차","승용차","농기계","농기계","1113416","1847723","128.7683761","36.62063124"
"2018","2018101720","09","야","수","1","1","0","0","0","경북","김천시","차대사람","차도통행중","차도통행중","운전자법규위반","안전운전 의무 불이행","단일로","기타단일로","승용차","승용차","보행자","보행자","1064696","1800320","128.2196227","36.19786621"
"2018","2018071607","00","주","월","1","1","0","0","0","경북","상주시","차대차","측면충돌","측면충돌","운전자법규위반","안전운전 의무 불이행","교차로","교차로내","화물차","화물차","자전거","자전거","1052815","1842661","128.0903546","36.58028675"
"2018","2018021015","40","주","토","1","1","0","0","0","경북","상주시","철길건널목","철길건널목","철길건널목","운전자법규위반","철길건널목 통과방법위반","철길건널목","철길건널목","이륜차","이륜차","기타","기타","1059820","1824482","128.1672429","36.41599727"
"2018","2018042501","55","야","수","1","1","0","0","0","경북","상주시","차대차","추돌","추돌","운전자법규위반","안전운전 의무 불이행","단일로","기타단일로","승용차","승용차","화물차","화물차","1061084","1842808","128.1827898","36.58111831"
"2018","2018073010","10","주","월","1","1","0","0","0","경북","의성군","차대차","측면충돌","측면충돌","운전자법규위반","안전운전 의무 불이행","기타","기타","건설기계","건설기계","농기계","농기계","1104638","1816353","128.665983","36.33888725"
"2018","2018102918","00","야","월","1","1","0","0","0","경북","영주시","차대사람","횡단중","횡단중","운전자법규위반","보행자 보호의무 위반","교차로","교차로횡단보도내","화물차","화물차","보행자","보행자","1101311","1869498","128.635913","36.81825521"
"2018","2018092209","45","주","토","1","1","0","0","0","경북","영천시","차대차","측면충돌","측면충돌","운전자법규위반","신호위반","교차로","교차로내","이륜차","이륜차","특수차","특수차","1133237","1776927","128.9778909","35.98001967"
"2018","2018060919","48","야","토","1","2","0","1","0","경북","영천시","차대차","추돌","추돌","운전자법규위반","안전운전 의무 불이행","단일로","기타단일로","승용차","승용차","농기계","농기계","1138786","1779368","129.0398495","36.00124582"
"2018","2018063009","05","주","토","1","1","0","0","0","경북","문경시","차량단독","전도","전도","운전자법규위반","안전운전 의무 불이행","단일로","기타단일로","사륜오토바이(ATV)","사륜오토바이(ATV)","없음","없음","1052039","1860791","128.0829121","36.74376185"
"2018","2018033015","30","주","금","1","1","0","0","0","경북","문경시","차량단독","도로이탈","도로이탈 추락","운전자법규위반","안전운전 의무 불이행","단일로","기타단일로","승용차","승용차","없음","없음","1056496","1850960","128.1321082","36.6548869"
"2018","2018100321","45","야","수","1","1","0","0","0","경북","경산시","차대사람","횡단중","횡단중","운전자법규위반","안전운전 의무 불이행","교차로","교차로내","승용차","승용차","보행자","보행자","1119638","1766032","128.825446","35.88357933"
"2018","2018021719","23","야","토","1","1","0","0","0","경북","경산시","차대사람","횡단중","횡단중","운전자법규위반","과속","교차로","교차로내","승용차","승용차","보행자","보행자","1122105","1751764","128.8505902","35.75466717"
"2018","2018041009","50","주","화","1","1","0","0","0","경북","경산시","차대차","추돌","추돌","운전자법규위반","중앙선 침범","단일로","기타단일로","이륜차","이륜차","승합차","승합차","1112212","1759718","128.7423044","35.82754434"
"2018","2018061318","30","야","수","1","1","0","0","0","경북","영덕군","차량단독","전복","전복","운전자법규위반","안전운전 의무 불이행","단일로","기타단일로","농기계","농기계","없음","없음","1162959","1841098","129.3208169","36.55375261"
"2018","2018091518","30","야","토","1","1","0","0","0","경북","예천군","차대차","측면충돌","측면충돌","운전자법규위반","안전운전 의무 불이행","교차로","교차로내","승용차","승용차","이륜차","이륜차","1088948","1842629","128.4941938","36.57731414"
"2018","2018050105","45","야","화","1","7","5","1","0","경북","청도군","차대차","측면충돌","측면충돌","운전자법규위반","교차로 통행방법 위반","교차로","교차로내","승용차","승용차","승용차","승용차","1113208","1740071","128.750556","35.65032831"
"2018","2018042517","20","주","수","1","3","1","1","0","경북","성주군","차대차","정면충돌","정면충돌","운전자법규위반","안전운전 의무 불이행","교차로","교차로내","승용차","승용차","승용차","승용차","1075787","1759843","128.3391015","35.83216293"
"2018","2018061013","30","주","일","1","1","0","0","0","경북","성주군","차량단독","공작물충돌","공작물충돌","운전자법규위반","안전운전 의무 불이행","단일로","기타단일로","승용차","승용차","없음","없음","1077295","1766732","128.3564641","35.89415051"
"2018","2018021614","50","주","금","1","1","0","0","0","경북","성주군","차량단독","공작물충돌","공작물충돌","운전자법규위반","안전운전 의무 불이행","기타","기타","승용차","승용차","없음","없음","1062653","1763005","128.1939428","35.86159724"
"2018","2018071808","51","주","수","1","1","0","0","0","경북","울진군","차량단독","공작물충돌","공작물충돌","운전자법규위반","안전운전 의무 불이행","교차로","교차로부근","승용차","승용차","없음","없음","1170488","1855146","129.408018","36.67901115"
"2018","2018081012","05","주","금","1","2","1","0","0","경북","울진군","차대차","측면충돌","측면충돌","운전자법규위반","신호위반","교차로","교차로내","승용차","승용차","승용차","승용차","1170804","1877570","129.4165783","36.88098841"
"2018","2018092707","00","주","목","1","1","0","0","0","경북","울진군","차량단독","도로이탈","도로이탈 추락","운전자법규위반","안전운전 의무 불이행","단일로","기타단일로","승용차","승용차","없음","없음","1174957","1864316","129.4601055","36.76081719"
"2018","2018042813","10","주","토","1","3","0","2","0","경북","고령군","차량단독","공작물충돌","공작물충돌","운전자법규위반","안전운전 의무 불이행","단일로","기타단일로","승용차","승용차","없음","없음","1072494","1754294","128.302142","35.78238578"
"2018","2018112107","50","주","수","1","2","1","0","0","경북","구미시","차대차","측면충돌","측면충돌","운전자법규위반","안전운전 의무 불이행","교차로","교차로내","화물차","화물차","승용차","승용차","1069986","1813689","128.2796561","36.31801579"
"2018","2018050908","49","주","수","1","1","0","0","0","경북","구미시","차대차","측면충돌","측면충돌","운전자법규위반","안전운전 의무 불이행","단일로","기타단일로","화물차","화물차","이륜차","이륜차","1081498","1790838","128.4055115","36.1111205"
"2018","2018051701","10","야","목","1","1","0","0","0","경북","구미시","차대차","추돌","추돌","운전자법규위반","안전운전 의무 불이행","단일로","교량위","승용차","승용차","승용차","승용차","1079797","1792268","128.386759","36.12415285"
"2018","2018042209","10","주","일","1","9","7","1","0","경북","구미시","차대차","측면충돌","측면충돌","운전자법규위반","직진 및 우회전차의 통행방해","교차로","교차로내","화물차","화물차","승용차","승용차","1076979","1798962","128.3561024","36.18472498"
"2018","2018121523","36","야","토","1","1","0","0","0","경북","구미시","차대사람","횡단중","횡단중","운전자법규위반","안전운전 의무 불이행","교차로","교차로내","승용차","승용차","보행자","보행자","1074608","1793601","128.3292273","36.13658254"
"2018","2018082219","40","야","수","1","1","0","0","0","경북","포항시","차대사람","횡단중","횡단중","운전자법규위반","안전운전 의무 불이행","교차로","교차로횡단보도내","승용차","승용차","보행자","보행자","1184589","1778436","129.5475673","35.98525058"
"2018","2018121714","35","주","월","1","1","0","0","0","경북","포항시","차대차","기타","기타","운전자법규위반","안전운전 의무 불이행","교차로","교차로부근","화물차","화물차","자전거","자전거","1167842","1776838","129.3615542","35.97387697"
"2018","2018072007","45","주","금","1","5","2","2","0","경북","포항시","차대차","추돌","추돌","운전자법규위반","안전운전 의무 불이행","교차로","교차로부근","승용차","승용차","승합차","승합차","1172627","1773570","129.413888","35.94359421"
"2018","2018062310","40","주","토","1","10","0","9","0","경북","영천시","차대차","기타","기타","운전자법규위반","안전운전 의무 불이행","단일로","기타단일로","승용차","승용차","승용차","승용차","1122492","1778029","128.858907","35.99136124"
"2018","2018070108","46","주","일","1","2","1","0","0","경북","군위군","차량단독","공작물충돌","공작물충돌","운전자법규위반","안전운전 의무 불이행","단일로","기타단일로","화물차","화물차","없음","없음","1095013","1800080","128.5567705","36.19320062"
"2018","2018070323","02","야","화","1","1","0","0","0","대구","달성군","차량단독","기타","기타","운전자법규위반","안전운전 의무 불이행","단일로","기타단일로","승용차","승용차","없음","없음","1088794","1756500","128.4827238","35.8009345"
"2018","2018052402","30","야","목","1","1","0","0","0","경북","성주군","차대차","추돌","추돌","운전자법규위반","안전운전 의무 불이행","단일로","기타단일로","화물차","화물차","특수차","특수차","1073830","1763627","128.3177861","35.86642595"
"2018","2018080701","00","야","화","1","1","0","0","0","대구","수성구","차대사람","횡단중","횡단중","운전자법규위반","안전운전 의무 불이행","단일로","기타단일로","화물차","화물차","보행자","보행자","1107759","1760519","128.6931229","35.83526416"
"2018","2018051913","10","주","토","1","1","0","0","0","경남","창원시(통합)","차대차","기타","기타","운전자법규위반","안전운전 의무 불이행","단일로","기타단일로","승용차","승용차","승용차","승용차","1081919","1678100","128.3987504","35.09470536"
"2018","2018052111","45","주","월","1","1","0","0","0","경남","창원시(통합)","차대사람","횡단중","횡단중","운전자법규위반","안전운전 의무 불이행","교차로","교차로부근","승용차","승용차","보행자","보행자","1089830","1680412","128.4857836","35.11487587"
"2018","2018021403","57","야","수","1","1","0","0","0","경남","창원시(통합)","차대사람","기타","기타","운전자법규위반","안전운전 의무 불이행","단일로","기타단일로","승용차","승용차","보행자","보행자","1096519","1688153","128.5600819","35.18404708"
"2018","2018121906","10","주","수","1","1","0","0","0","경남","진주시","차량단독","전도","전도","운전자법규위반","안전운전 의무 불이행","교차로","교차로부근","이륜차","이륜차","없음","없음","1051826","1686764","128.0691559","35.17482462"
"2018","2018092915","20","주","토","1","1","0","0","0","경남","진주시","차대사람","횡단중","횡단중","운전자법규위반","안전운전 의무 불이행","단일로","기타단일로","승용차","승용차","보행자","보행자","1051430","1688702","128.0649281","35.19231939"
"2018","2018112114","10","주","수","1","1","0","0","0","경남","창원시(통합)","차대사람","기타","기타","운전자법규위반","안전운전 의무 불이행","단일로","기타단일로","화물차","화물차","보행자","보행자","1115471","1680738","128.767156","35.11520028"
"2018","2018081310","10","주","월","1","1","0","0","0","경남","밀양시","차대사람","횡단중","횡단중","운전자법규위반","안전운전 의무 불이행","단일로","기타단일로","승합차","승합차","보행자","보행자","1108064","1717123","128.6906813","35.44403632"
"2018","2018062010","10","주","수","1","1","0","0","0","경남","밀양시","차량단독","도로이탈","도로이탈 추락","운전자법규위반","안전운전 의무 불이행","단일로","기타단일로","화물차","화물차","없음","없음","1107825","1725665","128.6891823","35.52106647"
"2018","2018020906","40","주","금","1","1","0","0","0","경남","김해시","차대사람","횡단중","횡단중","운전자법규위반","신호위반","교차로","교차로횡단보도내","건설기계","건설기계","보행자","보행자","1124806","1694591","128.8716678","35.23896538"
"2018","2018121206","38","주","수","1","1","0","0","0","경남","김해시","차대사람","횡단중","횡단중","운전자법규위반","안전운전 의무 불이행","교차로","교차로부근","승용차","승용차","보행자","보행자","1128737","1694804","128.9148929","35.24038816"
"2018","2018122220","05","야","토","1","1","0","0","0","경남","김해시","차대사람","횡단중","횡단중","운전자법규위반","보행자 보호의무 위반","단일로","기타단일로","승합차","승합차","보행자","보행자","1125817","1693213","128.8825655","35.22641703"
"2018","2018042620","50","야","목","1","1","0","0","0","경남","거창군","차량단독","공작물충돌","공작물충돌","운전자법규위반","안전운전 의무 불이행","단일로","기타단일로","원동기장치자전거","원동기장치자전거","없음","없음","1040469","1740047","127.9470825","35.65577515"
"2018","2018052322","25","야","수","1","1","0","0","0","경남","합천군","차대사람","길가장자리구역통행중","길가장자리구역통행중","운전자법규위반","과속","단일로","기타단일로","승용차","승용차","보행자","보행자","1061025","1732383","128.1735842","35.58562027"
"2018","2018050909","40","주","수","1","1","0","0","0","경남","창녕군","차대사람","기타","기타","운전자법규위반","안전운전 의무 불이행","단일로","기타단일로","화물차","화물차","보행자","보행자","1089525","1729639","128.4878237","35.55871411"
"2018","2018062514","24","주","월","1","2","1","0","0","경남","함양군","차대차","정면충돌","정면충돌","운전자법규위반","중앙선 침범","단일로","기타단일로","화물차","화물차","화물차","화물차","1022244","1736122","127.7456353","35.6209649"
"2018","2018061600","15","야","토","1","1","0","0","0","경남","함양군","차대사람","기타","기타","운전자법규위반","안전운전 의무 불이행","교차로","교차로내","승용차","승용차","보행자","보행자","1018228","1722166","127.7009735","35.49521214"
"2018","2018090409","36","주","화","1","1","0","0","0","경남","함양군","차대차","측면충돌","측면충돌","운전자법규위반","신호위반","교차로","교차로횡단보도내","화물차","화물차","자전거","자전거","1025524","1725056","127.781506","35.52110925"
"2018","2018080621","05","야","월","1","1","0","0","0","경남","함양군","차대차","추돌","추돌","운전자법규위반","안전운전 의무 불이행","단일로","기타단일로","화물차","화물차","농기계","농기계","1019585","1722740","127.7159489","35.50036184"
"2018","2018020710","45","주","수","1","2","0","1","0","경남","양산시","차대차","측면충돌","측면충돌","운전자법규위반","안전운전 의무 불이행","단일로","기타단일로","화물차","화물차","화물차","화물차","1142492","1705878","129.0679442","35.33834366"
"2018","2018061406","45","주","목","1","1","0","0","0","경남","양산시","차대사람","횡단중","횡단중","운전자법규위반","안전운전 의무 불이행","단일로","기타단일로","승용차","승용차","보행자","보행자","1143029","1702875","129.0733266","35.3111992"
"2018","2018121206","50","주","수","1","1","0","0","0","경남","양산시","차대차","정면충돌","정면충돌","운전자법규위반","중앙선 침범","단일로","기타단일로","화물차","화물차","이륜차","이륜차","1151058","1713580","129.1635922","35.40650326"
"2018","2018030519","25","야","월","1","2","1","0","0","경남","고성군","차대차","정면충돌","정면충돌","운전자법규위반","과속","단일로","기타단일로","승용차","승용차","승용차","승용차","1073104","1665199","128.3009122","34.97906175"
"2018","2018090408","20","주","화","2","17","8","7","0","경남","고성군","차량단독","공작물충돌","공작물충돌","운전자법규위반","안전운전 의무 불이행","단일로","기타단일로","승합차","승합차","없음","없음","1065608","1666726","128.218914","34.99334422"
"2018","2018090213","10","주","일","3","8","4","1","0","경남","고성군","차대차","정면충돌","정면충돌","운전자법규위반","중앙선 침범","교차로","교차로부근","승용차","승용차","승용차","승용차","1078090","1672400","128.3562089","35.04361639"
"2018","2018092517","15","주","화","1","1","0","0","0","경남","하동군","차대차","측면충돌","측면충돌","운전자법규위반","안전운전 의무 불이행","교차로","교차로내","원동기장치자전거","원동기장치자전거","화물차","화물차","1037149","1669486","127.9072013","35.01967783"
"2018","2018072013","40","주","금","1","2","1","0","0","경남","남해군","차대차","정면충돌","정면충돌","운전자법규위반","중앙선 침범","단일로","기타단일로","화물차","화물차","건설기계","건설기계","1044311","1646578","127.9844885","34.81282207"
"2018","2018042106","00","주","토","1","2","0","1","0","경남","함안군","차대차","측면충돌","측면충돌","운전자법규위반","신호위반","교차로","교차로내","이륜차","이륜차","화물차","화물차","1084325","1694440","128.4268143","35.24182844"
"2018","2018040220","32","야","월","1","1","0","0","0","경남","함안군","차대차","추돌","추돌","운전자법규위반","안전운전 의무 불이행","단일로","기타단일로","승용차","승용차","자전거","자전거","1082609","1694556","128.4079675","35.24301725"
"2018","2018102118","20","야","일","1","1","0","0","0","경남","함안군","차대차","추돌","추돌","운전자법규위반","안전운전 의무 불이행","단일로","기타단일로","화물차","화물차","자전거","자전거","1083549","1707055","128.4195721","35.35562819"
"2018","2018110506","20","주","월","1","1","0","0","0","경남","의령군","차대사람","차도통행중","차도통행중","운전자법규위반","안전운전 의무 불이행","단일로","지하차도(도로)내","건설기계","건설기계","보행자","보행자","1077948","1706590","128.3578874","35.35188909"
"2018","2018021304","00","야","화","1","1","0","0","0","경남","창원시(통합)","차대사람","횡단중","횡단중","운전자법규위반","신호위반","단일로","기타단일로","승용차","승용차","보행자","보행자","1108467","1692298","128.6918305","35.22019547"
"2018","2018080521","00","야","일","1","1","0","0","0","경남","창원시(통합)","차대사람","차도통행중","차도통행중","운전자법규위반","안전운전 의무 불이행","단일로","기타단일로","승용차","승용차","보행자","보행자","1106125","1694412","128.6663743","35.23950425"
"2018","2018032701","48","야","화","1","1","0","0","0","경남","창원시(통합)","차량단독","공작물충돌","공작물충돌","운전자법규위반","안전운전 의무 불이행","교차로","교차로내","이륜차","이륜차","없음","없음","1091792","1694954","128.5089304","35.24580625"
"2018","2018010118","28","야","월","1","1","0","0","0","경남","창원시(통합)","차대사람","횡단중","횡단중","운전자법규위반","안전운전 의무 불이행","교차로","교차로부근","승용차","승용차","보행자","보행자","1108112","1698821","128.6887888","35.27903946"
"2018","2018112017","10","주","화","1","1","0","0","0","경남","창원시(통합)","차대사람","기타","기타","운전자법규위반","안전운전 의무 불이행","기타","기타","승용차","승용차","보행자","보행자","1102121","1696945","128.6226906","35.26275614"
"2018","2018110619","20","야","화","1","2","0","0","1","경남","김해시","차대차","측면충돌","측면충돌","운전자법규위반","신호위반","교차로","교차로내","이륜차","이륜차","승용차","승용차","1119996","1687132","128.8177298","35.17231195"
"2018","2018041411","50","주","토","1","5","2","2","0","경남","김해시","차대차","측면충돌","측면충돌","운전자법규위반","중앙선 침범","교차로","교차로부근","승용차","승용차","승용차","승용차","1120936","1690856","128.8285964","35.20577008"
"2018","2018022705","04","야","화","1","3","1","1","0","경남","창녕군","차대차","추돌","추돌","운전자법규위반","안전운전 의무 불이행","단일로","기타단일로","화물차","화물차","화물차","화물차","1088751","1726965","128.4789914","35.53467685"
"2018","2018081705","23","야","금","1","1","0","0","0","경남","김해시","차량단독","전복","전복","운전자법규위반","안전운전 의무 불이행","단일로","기타단일로","특수차","특수차","없음","없음","1110814","1698873","128.7185008","35.27921265"
"2018","2018091802","08","야","화","1","1","0","0","0","제주","제주시","차대사람","기타","기타","운전자법규위반","안전운전 의무 불이행","교차로","교차로내","승용차","승용차","보행자","보행자","910121","1500751","126.532442","33.49484048"
"2018","2018081603","47","야","목","1","1","0","0","0","제주","제주시","차대사람","기타","기타","운전자법규위반","과속","단일로","기타단일로","승용차","승용차","보행자","보행자","916128","1500042","126.5971672","33.48893438"
"2018","2018110820","58","야","목","1","1","0","0","0","제주","서귀포시","차대사람","횡단중","횡단중","운전자법규위반","안전운전 의무 불이행","교차로","교차로내","승용차","승용차","보행자","보행자","920666","1475953","126.6481324","33.27202619"
"2018","2018070400","23","야","수","1","1","0","0","0","제주","서귀포시","차량단독","기타","기타","운전자법규위반","안전운전 의무 불이행","단일로","기타단일로","이륜차","이륜차","없음","없음","911086","1472639","126.5456017","33.2413907"
"2018","2018020101","15","야","목","1","1","0","0","0","제주","서귀포시","차대사람","기타","기타","운전자법규위반","안전운전 의무 불이행","단일로","기타단일로","승용차","승용차","보행자","보행자","945106","1497106","126.9092598","33.46433395"
"2018","2018112916","50","주","목","1","2","1","0","0","제주","서귀포시","차대차","추돌","추돌","운전자법규위반","안전운전 의무 불이행","단일로","기타단일로","승용차","승용차","농기계","농기계","886548","1474188","126.2820644","33.25305992"
"2018","2018102807","17","주","일","1","1","0","0","0","제주","제주시","차량단독","전도","전도","운전자법규위반","안전운전 의무 불이행","단일로","기타단일로","자전거","자전거","없음","없음","875641","1482179","126.1639036","33.32391705"
"2018","2018111419","25","야","수","1","1","0","0","0","대구","남구","차대사람","횡단중","횡단중","운전자법규위반","안전운전 의무 불이행","교차로","교차로횡단보도내","승용차","승용차","보행자","보행자","1099153","1762666","128.5981192","35.85552649"
"2018","2018121413","55","주","금","1","1","0","0","0","대구","동구","차대사람","횡단중","횡단중","운전자법규위반","보행자 보호의무 위반","단일로","기타단일로","화물차","화물차","보행자","보행자","1103305","1766885","128.6446415","35.89312893"
"2018","2018083105","45","야","금","1","1","0","0","0","대구","동구","차대사람","기타","기타","운전자법규위반","안전운전 의무 불이행","교차로","교차로횡단보도내","승용차","승용차","보행자","보행자","1100711","1764079","128.6155496","35.86810497"
"2018","2018050409","11","주","금","1","1","0","0","0","대구","수성구","차대사람","횡단중","횡단중","운전자법규위반","안전운전 의무 불이행","단일로","기타단일로","승용차","승용차","보행자","보행자","1102124","1759369","128.6305955","35.82550073"
"2018","2018042105","30","야","토","1","2","0","1","0","대구","수성구","차대사람","기타","기타","운전자법규위반","안전운전 의무 불이행","단일로","기타단일로","승용차","승용차","보행자","보행자","1101304.2","1763115","128.6219967","35.85935388"
"2018","2018060209","10","주","토","1","1","0","0","0","대구","달성군","차대사람","보도통행중","보도통행중","운전자법규위반","보행자 보호의무 위반","교차로","교차로횡단보도내","화물차","화물차","보행자","보행자","1084060","1752407","128.4299069","35.7644526"
"2018","2018060600","30","야","수","1","1","0","0","0","대구","달성군","차대사람","기타","기타","운전자법규위반","안전운전 의무 불이행","단일로","기타단일로","승용차","승용차","보행자","보행자","1080389","1765329","128.3906017","35.88125308"
"2018","2018012103","10","야","일","1","1","0","0","0","대구","북구","차대사람","횡단중","횡단중","운전자법규위반","안전운전 의무 불이행","교차로","교차로횡단보도내","승용차","승용차","보행자","보행자","1100343","1765603","128.611666","35.88188074"