"발생년","발생년월일시","발생분","주야","요일","사망자수","사상자수","중상자수","경상자수","부상신고자수","발생지시도","발생지시군구","사고유형_대분류","사고유형_중분류","사고유형","법규위반_대분류","법규위반","도로형태_대분류","도로형태","가해자_당사자종별_대분류","가해자_당사자종별","피해자_당사자종별_대분류","피해자_당사자종별","발생위치X_UTMK","발생위치Y_UTMK","경도","위도"
"2018","2018082718","05","야","월","1","7","3","3","0","경남","양산시","차대차","측면충돌","측면충돌","운전자법규위반","안전운전 의무 불이행","단일로","기타단일로","승합차","승합차","화물차","화물차","1140915","1710231","129.0513475","35.37780364"
"2018","2018042305","10","야","월","1","6","3","2","0","경남","김해시","차대차","측면충돌","측면충돌","운전자법규위반","안전운전 의무 불이행","단일로","기타단일로","승용차","승용차","승용차","승용차","1127859","1708031","128.907309","35.35973232"
"2018","2018100515","05","주","금","1","1","0","0","0","경기","수원시","차대사람","횡단중","횡단중","운전자법규위반","안전운전 의무 불이행","단일로","기타단일로","승용차","승용차","보행자","보행자","958375","1920295","127.0304476","37.28065162"
"2018","2018120918","56","야","일","1","2","0","1","0","경기","수원시","차대사람","횡단중","횡단중","운전자법규위반","안전운전 의무 불이행","단일로","기타단일로","승용차","승용차","보행자","보행자","956446","1922056","127.0085849","37.29643635"
"2018","2018042211","00","주","일","1","1","0","0","0","경기","수원시","차대사람","횡단중","횡단중","운전자법규위반","안전운전 의무 불이행","단일로","기타단일로","승용차","승용차","보행자","보행자","955789","1921725","127.001192","37.29342183"
"2018","2018081523","25","야","수","1","1","0","0","0","경기","성남시","차대사람","기타","기타","운전자법규위반","안전운전 의무 불이행","단일로","기타단일로","승용차","승용차","보행자","보행자","966312","1937308","127.1192052","37.43432273"
"2018","2018121721","10","야","월","1","1","0","0","0","경기","성남시","차대사람","기타","기타","운전자법규위반","안전운전 의무 불이행","교차로","교차로내","승용차","승용차","보행자","보행자","969922","1939268","127.1599305","37.45211378"
"2018","2018050420","20","야","금","1","2","0","1","0","경기","평택시","차대차","기타","기타","운전자법규위반","신호위반","교차로","교차로내","승용차","승용차","승용차","승용차","948712","1888076","126.9236554","36.98975457"
"2018","2018121906","40","주","수","1","1","0","0","0","경기","평택시","차대사람","횡단중","횡단중","운전자법규위반","안전운전 의무 불이행","교차로","교차로내","승용차","승용차","보행자","보행자","958711","1897197","127.0355141","37.07246438"
"2018","2018072904","45","야","일","1","1","0","0","0","경기","평택시","차대사람","횡단중","횡단중","운전자법규위반","과속","단일로","기타단일로","승용차","승용차","보행자","보행자","960258","1883484","127.0536402","36.94892037"
"2018","2018071000","00","야","화","1","1","0","0","0","경기","평택시","차대사람","기타","기타","운전자법규위반","안전운전 의무 불이행","교차로","교차로내","승용차","승용차","보행자","보행자","942779","1885175","126.8572074","36.96326284"
"2018","2018100218","06","야","화","1","1","0","0","0","경기","평택시","차대차","기타","기타","운전자법규위반","앞지르기 방법위반","단일로","기타단일로","이륜차","이륜차","화물차","화물차","946201","1887860","126.895455","36.98766721"
"2018","2018061407","30","주","목","1","1","0","0","0","경기","안성시","차대차","측면충돌","측면충돌","운전자법규위반","안전거리 미확보","단일로","기타단일로","이륜차","이륜차","승용차","승용차","978599","1891686","127.2594009","37.02345183"
"2018","2018022114","12","주","수","1","1","0","0","0","경기","안성시","차대사람","차도통행중","차도통행중","운전자법규위반","안전운전 의무 불이행","교차로","교차로부근","화물차","화물차","보행자","보행자","981762","1895560","127.2948666","37.05844003"
"2018","2018040615","01","주","금","1","1","0","0","0","경기","안양시","차대사람","횡단중","횡단중","운전자법규위반","안전운전 의무 불이행","교차로","교차로부근","화물차","화물차","보행자","보행자","953694","1933762","126.9768039","37.40181564"
"2018","2018100218","10","야","화","1","1","0","0","0","경기","이천시","차대차","측면충돌","측면충돌","운전자법규위반","중앙선 침범","단일로","기타단일로","자전거","자전거","승용차","승용차","994183","1923487","127.4343551","37.31033731"
"2018","2018072816","29","주","토","1","1","0","0","0","경기","광주시","차량단독","공작물충돌","공작물충돌","운전자법규위반","안전운전 의무 불이행","단일로","기타단일로","이륜차","이륜차","없음","없음","983384","1928115","127.312385","37.35192318"
"2018","2018062119","22","야","목","1","1","0","0","0","경기","여주시","차량단독","공작물충돌","공작물충돌","운전자법규위반","안전운전 의무 불이행","단일로","기타단일로","이륜차","이륜차","없음","없음","1018993","1928163","127.7144553","37.35231023"
"2018","2018032713","45","주","화","1","1","0","0","0","경기","여주시","차대차","정면충돌","정면충돌","운전자법규위반","안전운전 의무 불이행","교차로","교차로내","화물차","화물차","화물차","화물차","1005010","1913631","127.5564715","37.22149983"
"2018","2018051113","40","주","금","1","1","0","0","0","경기","여주시","차량단독","기타","기타","운전자법규위반","안전운전 의무 불이행","단일로","고가도로위","원동기장치자전거","원동기장치자전거","없음","없음","1010866","1933759","127.6227735","37.40288241"
"2018","2018030916","50","주","금","1","2","0","0","1","경기","용인시","차량단독","공작물충돌","공작물충돌","운전자법규위반","안전운전 의무 불이행","단일로","교량위","승용차","승용차","없음","없음","963370","1919367","127.0868382","37.27249693"
"2018","2018061210","20","주","화","1","2","0","1","0","경기","김포시","차대차","기타","기타","운전자법규위반","신호위반","교차로","교차로내","화물차","화물차","승용차","승용차","924512","1961570","126.6442549","37.65052013"
"2018","2018122007","35","주","목","1","1","0","0","0","경기","김포시","차대차","기타","기타","운전자법규위반","부당한 회전","단일로","기타단일로","특수차","특수차","화물차","화물차","919932","1968384","126.5915924","37.7115416"
"2018","2018082515","32","주","토","1","2","1","0","0","경기","김포시","차대사람","보도통행중","보도통행중","운전자법규위반","기타(운전자법규위반)","교차로","교차로부근","승용차","승용차","보행자","보행자","931277","1956001","126.721461","37.6008601"
"2018","2018111310","50","주","화","1","1","0","0","0","경기","김포시","차대사람","차도통행중","차도통행중","운전자법규위반","과속","단일로","교량위","화물차","화물차","보행자","보행자","924263","1960433","126.6415504","37.64025249"
"2018","2018052016","12","주","일","1","1","0","0","0","경기","양평군","차량단독","전도","전도","운전자법규위반","안전운전 의무 불이행","단일로","고가도로위","이륜차","이륜차","없음","없음","997507","1944862","127.4717943","37.50302232"
"2018","2018082422","20","야","금","1","1","0","0","0","경기","오산시","차대차","측면충돌","측면충돌","운전자법규위반","신호위반","교차로","교차로내","승용차","승용차","이륜차","이륜차","961787","1904179","127.0697612","37.13553071"
"2018","2018121211","13","주","수","1","1","0","0","0","경기","오산시","차대사람","기타","기타","운전자법규위반","교차로 통행방법 위반","교차로","교차로내","승용차","승용차","보행자","보행자","961613","1905087","127.0677557","37.14370826"
"2018","2018062514","13","주","월","1","4","3","0","0","경기","광명시","차대차","추돌","추돌","운전자법규위반","안전운전 의무 불이행","교차로","교차로부근","승합차","승합차","승용차","승용차","945893","1939431","126.8882516","37.45248898"
"2018","2018042101","05","야","토","1","1","0","0","0","경기","광명시","차대차","추돌","추돌","운전자법규위반","안전운전 의무 불이행","단일로","기타단일로","승용차","승용차","화물차","화물차","946902","1937712","126.8997828","37.43705369"
"2018","2018071723","00","야","화","1","1","0","0","0","경기","안산시","차대사람","횡단중","횡단중","운전자법규위반","안전운전 의무 불이행","단일로","기타단일로","승용차","승용차","보행자","보행자","938166","1925106","126.8020915","37.32289087"
"2018","2018011023","30","야","수","1","1","0","0","0","경기","안산시","차대사람","횡단중","횡단중","운전자법규위반","과속","단일로","기타단일로","승용차","승용차","보행자","보행자","940581","1923712","126.829459","37.31048392"
"2018","2018042404","30","야","화","1","1","0","0","0","경기","과천시","차대사람","차도통행중","차도통행중","운전자법규위반","안전운전 의무 불이행","단일로","기타단일로","승용차","승용차","보행자","보행자","954874","1935538","126.9900273","37.41788176"
"2018","2018032210","00","주","목","1","1","0","0","0","경기","성남시","차대사람","기타","기타","운전자법규위반","안전운전 의무 불이행","단일로","기타단일로","승합차","승합차","보행자","보행자","968533","1937704","127.1442931","37.43797032"
"2018","2018040916","05","주","월","1","1","0","0","0","경기","시흥시","차대사람","횡단중","횡단중","운전자법규위반","안전운전 의무 불이행","교차로","교차로내","승용차","승용차","보행자","보행자","931966","1929778","126.7316898","37.36456663"
"2018","2018051207","55","주","토","1","2","0","1","0","경기","시흥시","차대차","정면충돌","정면충돌","운전자법규위반","중앙선 침범","단일로","기타단일로","승용차","승용차","승용차","승용차","938321","1938878","126.8026922","37.44703061"
"2018","2018030711","55","주","수","1","2","0","1","0","경기","안산시","차대차","측면충돌","측면충돌","운전자법규위반","부당한 회전","교차로","교차로내","자전거","자전거","승용차","승용차","942404","1924451","126.8499729","37.31725957"
"2018","2018082901","22","야","수","1","1","0","0","0","경기","수원시","차대사람","횡단중","횡단중","운전자법규위반","안전운전 의무 불이행","단일로","기타단일로","승용차","승용차","보행자","보행자","956025","1918874","127.0040232","37.26773507"
"2018","2018060216","49","주","토","1","1","0","0","0","경기","수원시","차대차","측면충돌","측면충돌","운전자법규위반","신호위반","교차로","교차로내","승용차","승용차","이륜차","이륜차","953871","1919827","126.9796709","37.2762208"
"2018","2018092110","55","주","금","1","2","0","1","0","경기","성남시","차대차","정면충돌","정면충돌","운전자법규위반","안전운전 의무 불이행","단일로","기타단일로","화물차","화물차","화물차","화물차","964480","1933753","127.0986686","37.40221096"
"2018","2018121417","20","주","금","1","3","0","2","0","경기","남양주시","차대차","추돌","추돌","운전자법규위반","안전운전 의무 불이행","단일로","기타단일로","승용차","승용차","승용차","승용차","965713.8","1963202.4","127.1112332","37.66769685"
"2018","2018100920","30","야","화","2","2","0","0","0","경기","화성시","차대차","기타","기타","운전자법규위반","중앙선 침범","단일로","기타단일로","이륜차","이륜차","승용차","승용차","927949","1902506","126.688968","37.11845656"
"2018","2018032206","25","주","목","1","1","0","0","0","경기","화성시","차량단독","공작물충돌","공작물충돌","운전자법규위반","안전운전 의무 불이행","단일로","기타단일로","화물차","화물차","없음","없음","949028","1901653","126.9262857","37.11215347"
"2018","2018102113","15","주","일","1","2","1","0","0","경기","화성시","차량단독","공작물충돌","공작물충돌","운전자법규위반","안전운전 의무 불이행","단일로","기타단일로","승용차","승용차","없음","없음","926627","1907646","126.6735846","37.16468206"
"2018","2018081213","50","주","일","1","1","0","0","0","경기","화성시","차대차","측면충돌","측면충돌","운전자법규위반","안전운전 의무 불이행","교차로","교차로내","승용차","승용차","이륜차","이륜차","931200","1911812","126.7247031","37.20257955"
"2018","2018010912","48","주","화","1","1","0","0","0","경기","화성시","차대사람","횡단중","횡단중","운전자법규위반","안전운전 의무 불이행","단일로","기타단일로","화물차","화물차","보행자","보행자","944591","1911125","126.8756461","37.19727868"
"2018","2018080320","00","야","금","1","1","0","0","0","경기","의왕시","차대사람","차도통행중","차도통행중","운전자법규위반","안전운전 의무 불이행","교차로","교차로부근","승용차","승용차","보행자","보행자","952585","1926491","126.9647399","37.33622258"
"2018","2018042513","30","주","수","1","1","0","0","0","경기","하남시","차대사람","횡단중","횡단중","운전자법규위반","과속","단일로","기타단일로","승용차","승용차","보행자","보행자","976515","1943671","127.2343314","37.4919917"
"2018","2018052408","56","주","목","1","1","0","0","0","경기","하남시","차대사람","기타","기타","운전자법규위반","신호위반","교차로","교차로부근","승용차","승용차","보행자","보행자","973459","1949238","127.1995604","37.54208715"
"2018","2018031818","55","야","일","1","1","0","0","0","경기","안양시","차대사람","횡단중","횡단중","운전자법규위반","안전운전 의무 불이행","단일로","기타단일로","승합차","승합차","보행자","보행자","947925","1933877","126.9116167","37.40254579"
"2018","2018081223","22","야","일","1","1","0","0","0","강원","춘천시","차량단독","전도","전도","운전자법규위반","안전운전 의무 불이행","단일로","지하차도(도로)내","자전거","자전거","없음","없음","1023994","1978461","127.7725701","37.80555261"
"2018","2018042216","39","주","일","1","1","0","0","0","강원","강릉시","차대사람","차도통행중","차도통행중","운전자법규위반","안전운전 의무 불이행","교차로","교차로내","화물차","화물차","보행자","보행자","1123277","1973172","128.8993343","37.74988911"
"2018","2018120913","15","주","일","1","1","0","0","0","강원","강릉시","차대차","기타","기타","운전자법규위반","안전운전 의무 불이행","단일로","기타단일로","자전거","자전거","승용차","승용차","1115234","1991382","128.8109605","37.91502422"
"2018","2018112606","45","주","월","1","1","0","0","0","강원","속초시","차대차","추돌","추돌","운전자법규위반","안전운전 의무 불이행","단일로","기타단일로","승용차","승용차","농기계","농기계","1096778","2019777","128.6048737","38.17304744"
"2018","2018121207","41","주","수","1","1","0","0","0","강원","삼척시","차량단독","공작물충돌","공작물충돌","운전자법규위반","안전운전 의무 불이행","단일로","기타단일로","승용차","승용차","없음","없음","1149354.9","1937648.5","129.1879948","37.42595129"
"2018","2018032813","20","주","수","1","2","1","0","0","강원","영월군","차대차","측면충돌","측면충돌","운전자법규위반","서행 및 일시정지위반","교차로","교차로내","화물차","화물차","이륜차","이륜차","1081373.8","1912936.4","128.4170965","37.21170172"
"2018","2018051515","45","주","화","2","2","0","0","0","강원","홍천군","차량단독","도로이탈","도로이탈 추락","운전자법규위반","안전운전 의무 불이행","단일로","기타단일로","화물차","화물차","없음","없음","1042637.8","1963669.4","127.9834891","37.67155583"
"2018","2018090115","05","주","토","1","1","0","0","0","강원","평창군","차대사람","기타","기타","운전자법규위반","안전운전 의무 불이행","단일로","기타단일로","승용차","승용차","보행자","보행자","1071566.7","1937076.7","128.3089083","37.4300834"
"2018","2018093010","23","주","일","1","1","0","0","0","강원","평창군","차대차","정면충돌","정면충돌","운전자법규위반","안전운전 의무 불이행","단일로","기타단일로","자전거","자전거","화물차","화물차","1108150.4","1958048.9","128.7254246","37.61552351"
"2018","2018122211","15","주","토","2","8","4","2","0","강원","평창군","차대차","정면충돌","정면충돌","운전자법규위반","중앙선 침범","단일로","기타단일로","승용차","승용차","승용차","승용차","1081260.1","1935501.2","128.4182858","37.41508353"
"2018","2018091212","15","주","수","1","1","0","0","0","강원","화천군","차량단독","공작물충돌","공작물충돌","운전자법규위반","안전운전 의무 불이행","단일로","터널안","이륜차","이륜차","없음","없음","1020014","2014163","127.7283524","38.12742638"
"2018","2018031305","00","야","화","2","2","0","0","0","강원","태백시","차량단독","도로이탈","도로이탈 추락","운전자법규위반","안전운전 의무 불이행","단일로","기타단일로","승용차","승용차","없음","없음","1135884","1900835","129.029078","37.09630811"
"2018","2018011917","49","주","금","1","1","0","0","0","강원","태백시","차량단독","전도","전도","운전자법규위반","안전운전 의무 불이행","단일로","기타단일로","사륜오토바이(ATV)","사륜오토바이(ATV)","없음","없음","1136247","1904495","129.0338267","37.12923571"
"2018","2018040820","26","야","일","1","1","0","0","0","강원","정선군","차량단독","공작물충돌","공작물충돌","운전자법규위반","안전운전 의무 불이행","단일로","기타단일로","화물차","화물차","없음","없음","1116673","1914274","128.8150526","37.22000816"
"2018","2018090818","24","야","토","1","1","0","0","0","강원","인제군","차량단독","기타","기타","운전자법규위반","안전운전 의무 불이행","단일로","교량위","이륜차","이륜차","없음","없음","1051148","1997398","128.0823697","37.97510677"
"2018","2018121119","52","야","화","1","1","0","0","0","강원","인제군","차대사람","횡단중","횡단중","운전자법규위반","안전운전 의무 불이행","교차로","교차로내","승용차","승용차","보행자","보행자","1065229","2015686","128.244352","38.13901622"
"2018","2018072814","27","주","토","1","1","0","0","0","강원","인제군","차량단독","도로이탈","도로이탈 추락","운전자법규위반","안전운전 의무 불이행","단일로","기타단일로","이륜차","이륜차","없음","없음","1056036","2001964","128.1383779","38.01596845"
"2018","2018082023","40","야","월","2","6","2","1","1","강원","고성군","차대차","정면충돌","정면충돌","운전자법규위반","중앙선 침범","단일로","기타단일로","승용차","승용차","승용차","승용차","1085093","2024012","128.471997","38.21238962"
"2018","2018021010","40","주","토","1","2","1","0","0","충북","단양군","차대차","추돌","추돌","운전자법규위반","안전운전 의무 불이행","단일로","기타단일로","승용차","승용차","특수차","특수차","1064853.8","1894665","128.2293466","37.04830766"
"2018","2018080720","35","야","화","1","7","4","2","0","강원","양양군","차대차","추돌","추돌","운전자법규위반","안전운전 의무 불이행","단일로","기타단일로","특수차","특수차","승용차","승용차","1095643.4","2008836.9","128.5904552","38.07458657"
"2018","2018010900","55","야","화","1","1","0","0","0","강원","홍천군","차량단독","공작물충돌","공작물충돌","운전자법규위반","안전운전 의무 불이행","단일로","기타단일로","화물차","화물차","없음","없음","1044338.8","1973200.3","128.0033576","37.75737709"
"2018","2018012913","38","주","월","1","1","0","0","0","충북","청주시","차대사람","기타","기타","운전자법규위반","안전운전 의무 불이행","교차로","교차로내","화물차","화물차","보행자","보행자","1003225","1858213","127.5361146","36.72194377"
"2018","2018092503","40","야","화","1","1","0","0","0","충북","청주시","차량단독","기타","기타","운전자법규위반","안전운전 의무 불이행","단일로","기타단일로","이륜차","이륜차","없음","없음","998545","1849420","127.4837231","36.64268001"
"2018","2018060821","14","야","금","1","1","0","0","0","충북","청주시","차대사람","기타","기타","운전자법규위반","안전운전 의무 불이행","교차로","교차로부근","승용차","승용차","보행자","보행자","999274","1851800","127.4918761","36.66413644"
"2018","2018112313","15","주","금","1","1","0","0","0","충북","청주시","차대차","기타","기타","운전자법규위반","신호위반","교차로","교차로내","승합차","승합차","이륜차","이륜차","998512","1852960","127.4833471","36.67459287"
"2018","2018070812","50","주","일","1","1","0","0","0","충북","충주시","차량단독","공작물충돌","공작물충돌","운전자법규위반","안전운전 의무 불이행","단일로","기타단일로","이륜차","이륜차","없음","없음","1029934","1887972","127.8363818","36.98973958"
"2018","2018072705","10","야","금","1","1","0","0","0","충북","충주시","차량단독","기타","기타","운전자법규위반","안전운전 의무 불이행","기타","기타","자전거","자전거","없음","없음","1039717","1886772","127.9462519","36.97856015"
"2018","2018062208","43","주","금","1","1","0","0","0","충북","충주시","차대차","측면충돌","측면충돌","운전자법규위반","안전운전 의무 불이행","교차로","교차로횡단보도내","승용차","승용차","자전거","자전거","1037385","1885475","127.9199865","36.96696429"
"2018","2018060517","55","주","화","1","1","0","0","0","충북","충주시","차대차","정면충돌","정면충돌","운전자법규위반","안전운전 의무 불이행","교차로","교차로내","원동기장치자전거","원동기장치자전거","화물차","화물차","1036764","1898428","127.9136429","37.08374913"
"2018","2018120419","28","야","화","1","9","0","7","1","충북","제천시","차대차","측면충돌","측면충돌","운전자법규위반","안전운전 의무 불이행","단일로","기타단일로","승용차","승용차","승합차","승합차","1062164","1903883","128.1998628","37.1315773"
"2018","2018031900","30","야","월","1","1","0","0","0","충북","제천시","차대차","추돌","추돌","운전자법규위반","안전운전 의무 불이행","교차로","교차로부근","화물차","화물차","화물차","화물차","1064056.5","1904440.1","128.2212153","37.13647103"
"2018","2018080206","40","주","목","1","2","1","0","0","충북","제천시","차대차","추돌","추돌","운전자법규위반","안전운전 의무 불이행","단일로","기타단일로","화물차","화물차","농기계","농기계","1067291","1899606","128.2571959","37.09267188"
"2018","2018081018","55","야","금","1","3","2","0","0","충북","제천시","차대차","정면충돌","정면충돌","운전자법규위반","과속","교차로","교차로부근","승용차","승용차","화물차","화물차","1065232","1901969","128.2342342","37.11411651"
"2018","2018070418","00","야","수","1","1","0","0","0","충북","제천시","차대차","측면충돌","측면충돌","운전자법규위반","안전운전 의무 불이행","교차로","교차로내","이륜차","이륜차","승용차","승용차","1059357","1889365","128.1671156","37.00089854"
"2018","2018072408","40","주","화","1","1","0","0","0","충북","영동군","차대차","측면충돌","측면충돌","운전자법규위반","안전운전 의무 불이행","단일로","기타단일로","화물차","화물차","이륜차","이륜차","1023598","1796288","127.7623707","36.16339087"
"2018","2018121212","40","주","수","1","1","0","0","0","충북","괴산군","차량단독","기타","기타","정비불량","정비불량 제차의 운전금지위반","단일로","기타단일로","화물차","화물차","없음","없음","1028509","1867633","127.8196032","36.80643911"
"2018","2018051410","40","주","월","1","1","0","0","0","충북","괴산군","차량단독","도로이탈","도로이탈 추락","운전자법규위반","안전운전 의무 불이행","교차로","교차로부근","원동기장치자전거","원동기장치자전거","없음","없음","1019035","1866694","127.7133713","36.79821233"
"2018","2018051719","00","야","목","1","1","0","0","0","충북","보은군","차량단독","도로이탈","도로이탈 추락","운전자법규위반","안전운전 의무 불이행","단일로","지하차도(도로)내","이륜차","이륜차","없음","없음","1021796.7","1833821.5","127.7433937","36.50181113"
"2018","2018013118","46","야","수","1","1","0","0","0","충북","음성군","차대차","추돌","추돌","운전자법규위반","안전운전 의무 불이행","단일로","기타단일로","화물차","화물차","승합차","승합차","1013908","1889485","127.6563193","37.00375208"
"2018","2018103113","40","주","수","1","1","0","0","0","충북","옥천군","차대차","측면충돌","측면충돌","운전자법규위반","교차로 통행방법 위반","교차로","교차로내","이륜차","이륜차","승용차","승용차","1002168","1809841","127.5241422","36.28586438"
"2018","2018112607","00","주","월","1","1","0","0","0","충북","옥천군","차대사람","길가장자리구역통행중","길가장자리구역통행중","운전자법규위반","안전운전 의무 불이행","단일로","기타단일로","승용차","승용차","보행자","보행자","1014323","1805195","127.6594113","36.24387439"
"2018","2018070121","15","야","일","1","1","0","0","0","충북","옥천군","차대사람","횡단중","횡단중","운전자법규위반","안전운전 의무 불이행","교차로","교차로부근","승용차","승용차","보행자","보행자","1009424","1808275","127.6049239","36.27170248"
"2018","2018101018","37","야","수","1","1","0","0","0","충북","옥천군","차대사람","횡단중","횡단중","운전자법규위반","안전운전 의무 불이행","단일로","기타단일로","승용차","승용차","보행자","보행자","1015071","1822132","127.6680638","36.39655722"
"2018","2018020908","40","주","금","1","2","1","0","0","충북","단양군","차대차","기타","기타","운전자법규위반","안전거리 미확보","단일로","기타단일로","화물차","화물차","승용차","승용차","1075078","1886093","128.3434633","36.97028196"
"2018","2018020623","10","야","화","1","1","0","0","0","충북","진천군","차량단독","공작물충돌","공작물충돌","운전자법규위반","안전운전 의무 불이행","단일로","기타단일로","승용차","승용차","없음","없음","994845","1875875","127.442153","36.88115336"
"2018","2018090801","30","야","토","1","1","0","0","0","충북","진천군","차대사람","기타","기타","운전자법규위반","안전운전 의무 불이행","단일로","기타단일로","화물차","화물차","보행자","보행자","994133","1867688","127.4342265","36.80734617"
"2018","2018012310","45","주","화","1","3","0","2","0","충북","청주시","차대차","기타","기타","운전자법규위반","안전운전 의무 불이행","교차로","교차로부근","화물차","화물차","화물차","화물차","996998","1843154","127.4664416","36.58618831"
"2018","2018101915","45","주","금","1","1","0","0","0","충북","청주시","차대차","측면충돌","측면충돌","운전자법규위반","신호위반","교차로","교차로내","승용차","승용차","화물차","화물차","985051","1848713","127.3327819","36.63619018"
"2018","2018112813","30","주","수","1","1","0","0","0","충북","청주시","차대차","측면충돌","측면충돌","운전자법규위반","신호위반","단일로","기타단일로","자전거","자전거","승용차","승용차","998859","1846357","127.4872404","36.61506751"
"2018","2018040117","55","주","일","1","1","0","0","0","충북","청주시","차량단독","전도","전도","운전자법규위반","안전운전 의무 불이행","단일로","기타단일로","화물차","화물차","없음","없음","1019274","1847851","127.7155752","36.62834159"
"2018","2018122006","34","주","목","1","2","0","1","0","충북","청주시","차대사람","횡단중","횡단중","운전자법규위반","안전운전 의무 불이행","교차로","교차로횡단보도내","승용차","승용차","보행자","보행자","1000227","1845104","127.5025381","36.60377234"
"2018","2018061008","24","주","일","1","1","0","0","0","충북","청주시","차대사람","횡단중","횡단중","운전자법규위반","안전운전 의무 불이행","교차로","교차로내","건설기계","건설기계","보행자","보행자","997940","1846656","127.4769625","36.61776146"
"2018","2018050807","20","주","화","1","1","0","0","0","충북","청주시","차대사람","기타","기타","운전자법규위반","보행자 보호의무 위반","교차로","교차로횡단보도내","화물차","화물차","보행자","보행자","1001043","1846051","127.5116633","36.61230903"
"2018","2018010807","25","주","월","1","1","0","0","0","충북","청주시","차대사람","횡단중","횡단중","운전자법규위반","안전운전 의무 불이행","교차로","교차로부근","승용차","승용차","보행자","보행자","999971","1847710","127.4996756","36.6272655"
"2018","2018081711","45","주","금","1","3","0","2","0","충북","진천군","차대차","추돌","추돌","운전자법규위반","안전운전 의무 불이행","단일로","기타단일로","승용차","승용차","승용차","승용차","997869","1877808","127.4760815","36.89859024"
"2018","2018083100","15","야","금","1","1","0","0","0","충북","청주시","차대차","추돌","추돌","운전자법규위반","안전운전 의무 불이행","단일로","기타단일로","화물차","화물차","화물차","화물차","998810","1838293","127.4867049","36.54236993"
"2018","2018102909","40","주","월","1","19","4","13","1","경기","이천시","차대차","추돌","추돌","운전자법규위반","안전거리 미확보","단일로","기타단일로","승합차","승합차","승용차","승용차","993385","1915782","127.4254182","37.24087909"
"2018","2018092318","42","야","일","1","4","1","0","2","충북","충주시","차대차","기타","기타","운전자법규위반","안전거리 미확보","단일로","기타단일로","불명","불명","승용차","승용차","1021618","1893793","127.7430992","37.04243998"
"2018","2018102023","59","야","토","1","3","2","0","0","충북","보은군","차대차","추돌","추돌","운전자법규위반","안전운전 의무 불이행","단일로","기타단일로","승용차","승용차","화물차","화물차","1009731","1832134","127.6086407","36.4867968"
"2018","2018080716","30","주","화","1","1","0","0","0","충남","서산시","차대사람","기타","기타","운전자법규위반","안전운전 의무 불이행","단일로","기타단일로","건설기계","건설기계","보행자","보행자","905614","1863247","126.4424933","36.76262996"
"2018","2018041916","50","주","목","1","1","0","0","0","충남","서산시","차대차","측면충돌","측면충돌","운전자법규위반","신호위반","교차로","교차로내","자전거","자전거","화물차","화물차","914571","1856452","126.5435948","36.70223232"
"2018","2018091719","10","야","월","1","1","0","0","0","충남","서산시","차대사람","횡단중","횡단중","운전자법규위반","안전운전 의무 불이행","단일로","기타단일로","화물차","화물차","보행자","보행자","910641","1870398","126.4979689","36.82757174"
"2018","2018090116","35","주","토","1","1","0","0","0","충남","천안시","차대차","측면충돌","측면충돌","운전자법규위반","안전운전 의무 불이행","교차로","교차로내","화물차","화물차","이륜차","이륜차","975102","1878289","127.2205283","36.90259998"
"2018","2018091004","35","야","월","1","1","0","0","0","충남","천안시","차대사람","횡단중","횡단중","운전자법규위반","안전운전 의무 불이행","단일로","기타단일로","승용차","승용차","보행자","보행자","967633","1869633","127.1370619","36.82434407"
"2018","2018021318","40","야","화","1","1","0","0","0","충남","논산시","차대차","추돌","추돌","운전자법규위반","안전운전 의무 불이행","단일로","교량위","승용차","승용차","자전거","자전거","955644","1795340","127.0068941","36.15411619"
"2018","2018050500","15","야","토","1","1","0","0","0","충남","논산시","차량단독","공작물충돌","공작물충돌","운전자법규위반","안전운전 의무 불이행","교차로","교차로부근","승용차","승용차","없음","없음","974540","1801510","127.2167577","36.21042294"
"2018","2018071712","00","주","화","1","1","0","0","0","충남","논산시","차량단독","전도","전도","운전자법규위반","안전운전 의무 불이행","단일로","기타단일로","원동기장치자전거","원동기장치자전거","없음","없음","958616","1804972","127.0394245","36.24108357"
"2018","2018090410","00","주","화","1","1","0","0","0","충남","논산시","차량단독","공작물충돌","공작물충돌","운전자법규위반","안전운전 의무 불이행","단일로","기타단일로","이륜차","이륜차","없음","없음","959820","1797406","127.0532117","36.17292422"
"2018","2018090617","30","주","목","1","2","0","1","0","충남","논산시","차량단독","공작물충돌","공작물충돌","운전자법규위반","안전운전 의무 불이행","단일로","기타단일로","화물차","화물차","없음","없음","963325","1787131","127.0926641","36.0804288"
"2018","2018043012","15","주","월","1","2","1","0","0","충남","논산시","차대사람","기타","기타","운전자법규위반","안전운전 의무 불이행","단일로","기타단일로","승용차","승용차","보행자","보행자","962742","1800978","127.0855329","36.20524415"
"2018","2018040113","13","주","일","1","2","1","0","0","충남","논산시","차량단독","공작물충돌","공작물충돌","운전자법규위반","안전운전 의무 불이행","단일로","기타단일로","화물차","화물차","없음","없음","966732","1792078","127.1302947","36.12515161"
"2018","2018090106","40","주","토","1","1","0","0","0","충남","홍성군","차대차","측면충돌","측면충돌","운전자법규위반","교차로 통행방법 위반","교차로","교차로내","승용차","승용차","이륜차","이륜차","925092","1846655","126.6623259","36.61481027"