"발생년","발생년월일시","발생분","주야","요일","사망자수","사상자수","중상자수","경상자수","부상신고자수","발생지시도","발생지시군구","사고유형_대분류","사고유형_중분류","사고유형","법규위반_대분류","법규위반","도로형태_대분류","도로형태","가해자_당사자종별_대분류","가해자_당사자종별","피해자_당사자종별_대분류","피해자_당사자종별","발생위치X_UTMK","발생위치Y_UTMK","경도","위도"
"2018","2018041422","35","야","토","1","1","0","0","0","광주","광산구","차대차","측면충돌","측면충돌","운전자법규위반","중앙선 침범","단일로","기타단일로","승용차","승용차","이륜차","이륜차","938033","1687780","126.8194052","35.18341096"
"2018","2018102119","25","야","일","1","1","0","0","0","광주","광산구","차대사람","차도통행중","차도통행중","운전자법규위반","안전운전 의무 불이행","단일로","기타단일로","승용차","승용차","보행자","보행자","934332","1682108","126.7792105","35.13203419"
"2018","2018032710","20","주","화","1","1","0","0","0","광주","광산구","차대차","기타","기타","운전자법규위반","신호위반","교차로","교차로내","승용차","승용차","이륜차","이륜차","936676","1687089","126.804555","35.17709588"
"2018","2018103005","43","야","화","1","1","0","0","0","대전","중구","차대사람","차도통행중","차도통행중","운전자법규위반","안전운전 의무 불이행","단일로","기타단일로","승용차","승용차","보행자","보행자","989806","1812036","127.386454","36.30560192"
"2018","2018020303","11","야","토","1","1","0","0","0","대전","중구","차대사람","횡단중","횡단중","운전자법규위반","과속","단일로","기타단일로","승용차","승용차","보행자","보행자","994467","1812704","127.4383659","36.31166229"
"2018","2018070120","45","야","일","1","1","0","0","0","대전","동구","차대사람","기타","기타","운전자법규위반","안전운전 의무 불이행","단일로","기타단일로","승합차","승합차","보행자","보행자","994367","1815143","127.4372343","36.3336504"
"2018","2018071200","35","야","목","1","1","0","0","0","대전","동구","차대사람","횡단중","횡단중","운전자법규위반","안전운전 의무 불이행","단일로","교량위","승용차","승용차","보행자","보행자","992695","1815694","127.4185989","36.33860666"
"2018","2018061214","39","주","화","1","1","0","0","0","대전","동구","차대사람","횡단중","횡단중","운전자법규위반","보행자 보호의무 위반","교차로","교차로내","승용차","승용차","보행자","보행자","994842","1816276","127.4425195","36.34386754"
"2018","2018011906","55","주","금","1","1","0","0","0","대전","동구","차대차","기타","기타","운전자법규위반","부당한 회전","단일로","기타단일로","자전거","자전거","화물차","화물차","993052","1815509","127.4225786","36.33694145"
"2018","2018062511","54","주","월","1","1","0","0","0","대전","서구","차대차","측면충돌","측면충돌","운전자법규위반","신호위반","교차로","교차로내","화물차","화물차","이륜차","이륜차","988748","1814533","127.3746335","36.32810171"
"2018","2018041621","40","야","월","1","1","0","0","0","대전","서구","차대사람","기타","기타","운전자법규위반","안전운전 의무 불이행","교차로","교차로내","승용차","승용차","보행자","보행자","986348","1812324","127.3479321","36.30815558"
"2018","2018090700","18","야","금","1","1","0","0","0","대전","서구","차대사람","차도통행중","차도통행중","운전자법규위반","안전운전 의무 불이행","단일로","기타단일로","승용차","승용차","보행자","보행자","988828","1815710","127.3755079","36.33871379"
"2018","2018100306","45","주","수","1","1","0","0","0","대전","서구","차량단독","전복","전복","운전자법규위반","안전운전 의무 불이행","단일로","기타단일로","이륜차","이륜차","없음","없음","986390","1812005","127.3484055","36.30528025"
"2018","2018060713","41","주","목","1","4","0","3","0","대전","대덕구","차대차","추돌","추돌","운전자법규위반","안전운전 의무 불이행","단일로","기타단일로","화물차","화물차","건설기계","건설기계","992129","1820461","127.4122436","36.38157856"
"2018","2018083000","08","야","목","1","1","0","0","0","대전","대덕구","차량단독","기타","기타","운전자법규위반","안전운전 의무 불이행","단일로","고가도로위","승용차","승용차","없음","없음","990729","1826673","127.3965603","36.43756919"
"2018","2018092121","30","야","금","1","1","0","0","0","대전","유성구","차대사람","보도통행중","보도통행중","운전자법규위반","보행자 보호의무 위반","교차로","교차로횡단보도내","화물차","화물차","보행자","보행자","983888","1811733","127.3205428","36.30278946"
"2018","2018042103","42","야","토","1","1","0","0","0","울산","중구","차대차","추돌","추돌","운전자법규위반","안전운전 의무 불이행","교차로","교차로부근","승용차","승용차","이륜차","이륜차","1165647","1730713","129.3276835","35.5585888"
"2018","2018061721","50","야","일","1","1","0","0","0","울산","남구","차대사람","횡단중","횡단중","운전자법규위반","안전운전 의무 불이행","단일로","기타단일로","승용차","승용차","보행자","보행자","1162004","1729340","129.287231","35.54681758"
"2018","2018110217","25","주","금","1","2","0","1","0","울산","남구","차대사람","기타","기타","운전자법규위반","안전운전 의무 불이행","단일로","기타단일로","화물차","화물차","보행자","보행자","1164063","1728608","129.3097876","35.53988195"
"2018","2018082111","20","주","화","1","1","0","0","0","울산","남구","차량단독","전도","전도","운전자법규위반","안전운전 의무 불이행","단일로","기타단일로","특수차","특수차","없음","없음","1168470","1723188","129.3572532","35.49029811"
"2018","2018020806","54","주","목","1","1","0","0","0","울산","동구","차대사람","횡단중","횡단중","운전자법규위반","신호위반","교차로","교차로내","화물차","화물차","보행자","보행자","1174599","1724885","129.4251522","35.50453207"
"2018","2018061822","04","야","월","1","1","0","0","0","울산","북구","차대사람","횡단중","횡단중","운전자법규위반","보행자 보호의무 위반","단일로","기타단일로","승용차","승용차","보행자","보행자","1177290","1736320","129.4573125","35.60709973"
"2018","2018111818","05","야","일","1","1","0","0","0","울산","동구","차대사람","차도통행중","차도통행중","운전자법규위반","과속","단일로","기타단일로","승용차","승용차","보행자","보행자","1174813","1723875","129.4272931","35.49539271"
"2018","2018081014","50","주","금","1","2","0","1","0","울산","울주군","차대차","추돌","추돌","운전자법규위반","안전운전 의무 불이행","단일로","기타단일로","자전거","자전거","자전거","자전거","1153151","1729989","129.1897264","35.55407467"
"2018","2018101212","55","주","금","1","1","0","0","0","경기","의정부시","차대차","측면충돌","측면충돌","운전자법규위반","신호위반","교차로","교차로내","자전거","자전거","승용차","승용차","959787","1970048","127.0436537","37.72915613"
"2018","2018062305","35","야","토","1","4","3","0","0","경기","의정부시","차대차","정면충돌","정면충돌","운전자법규위반","중앙선 침범","단일로","기타단일로","승용차","승용차","승용차","승용차","956802","1970904","127.0097295","37.73673524"
"2018","2018043015","10","주","월","1","1","0","0","0","경기","고양시","차량단독","공작물충돌","공작물충돌","운전자법규위반","안전운전 의무 불이행","단일로","기타단일로","원동기장치자전거","원동기장치자전거","없음","없음","936701","1962203","126.7823657","37.65714657"
"2018","2018062601","08","야","화","1","1","0","0","0","경기","고양시","차대사람","기타","기타","운전자법규위반","과속","교차로","교차로횡단보도내","승용차","승용차","보행자","보행자","937442","1960376","126.7909226","37.64073109"
"2018","2018021917","46","주","월","1","1","0","0","0","경기","고양시","차대사람","횡단중","횡단중","운전자법규위반","안전운전 의무 불이행","교차로","교차로내","화물차","화물차","보행자","보행자","937113","1963968","126.7868841","37.67308234"
"2018","2018050511","35","주","토","1","2","0","1","0","경기","남양주시","차대차","정면충돌","정면충돌","운전자법규위반","중앙선 침범","교차로","교차로부근","승용차","승용차","승합차","승합차","972650","1971981","127.1895508","37.74705327"
"2018","2018060907","40","주","토","1","2","0","1","0","경기","남양주시","차대차","추돌","추돌","운전자법규위반","안전운전 의무 불이행","단일로","기타단일로","승용차","승용차","화물차","화물차","969604","1960363","127.1554611","37.64224172"
"2018","2018122004","48","야","목","1","1","0","0","0","경기","남양주시","차대사람","횡단중","횡단중","운전자법규위반","안전운전 의무 불이행","교차로","교차로내","승용차","승용차","보행자","보행자","965765","1961282","127.1119038","37.65038978"
"2018","2018120307","25","주","월","1","1","0","0","0","경기","파주시","차대사람","횡단중","횡단중","운전자법규위반","보행자 보호의무 위반","교차로","교차로횡단보도내","승용차","승용차","보행자","보행자","936133","1973433","126.7749412","37.75831901"
"2018","2018070819","20","야","일","1","6","0","5","0","경기","양주시","차대차","측면충돌","측면충돌","운전자법규위반","중앙선 침범","단일로","기타단일로","승용차","승용차","승용차","승용차","960501","1980648","127.0511789","37.82472465"
"2018","2018092706","40","주","목","1","1","0","0","0","경기","양주시","차대사람","횡단중","횡단중","운전자법규위반","안전운전 의무 불이행","단일로","기타단일로","화물차","화물차","보행자","보행자","955684","1977176","126.9966583","37.79321077"
"2018","2018120102","42","야","토","1","3","2","0","0","경기","양주시","차대차","정면충돌","정면충돌","운전자법규위반","중앙선 침범","단일로","기타단일로","승용차","승용차","승용차","승용차","951453","1969921","126.9490897","37.72760745"
"2018","2018061000","04","야","일","1","1","0","0","0","경기","동두천시","차대사람","횡단중","횡단중","운전자법규위반","안전운전 의무 불이행","단일로","기타단일로","승용차","승용차","보행자","보행자","961150","1990307","127.0580335","37.91180748"
"2018","2018060407","50","주","월","1","1","0","0","0","경기","동두천시","차량단독","기타","기타","운전자법규위반","안전운전 의무 불이행","단일로","기타단일로","기타","기타","없음","없음","958883","1989580","127.0322858","37.90515555"
"2018","2018091413","30","주","금","1","1","0","0","0","경기","동두천시","차대사람","횡단중","횡단중","운전자법규위반","보행자 보호의무 위반","단일로","기타단일로","승용차","승용차","보행자","보행자","960743","1988021","127.053528","37.89118679"
"2018","2018081819","50","야","토","1","1","0","0","0","경기","동두천시","차대사람","횡단중","횡단중","운전자법규위반","안전운전 의무 불이행","단일로","기타단일로","승용차","승용차","보행자","보행자","961611","1989480","127.0633218","37.90437349"
"2018","2018122802","20","야","금","2","5","1","2","0","경기","구리시","차대차","정면충돌","정면충돌","운전자법규위반","중앙선 침범","단일로","기타단일로","승용차","승용차","승용차","승용차","967961.9","1955392.9","127.1370661","37.59738888"
"2018","2018032419","00","야","토","1","1","0","0","0","경기","가평군","차대차","측면충돌","측면충돌","운전자법규위반","중앙선 침범","단일로","기타단일로","사륜오토바이(ATV)","사륜오토바이(ATV)","승용차","승용차","998176","1959954","127.4793258","37.6390565"
"2018","2018051823","43","야","금","1","1","0","0","0","서울","서대문구","차대사람","횡단중","횡단중","운전자법규위반","안전운전 의무 불이행","단일로","기타단일로","승용차","승용차","보행자","보행자","948336","1952410","126.9149591","37.56961078"
"2018","2018081100","40","야","토","1","1","0","0","0","서울","용산구","차대사람","횡단중","횡단중","운전자법규위반","보행자 보호의무 위반","단일로","기타단일로","승용차","승용차","보행자","보행자","955810","1948639","126.9998183","37.53601092"
"2018","2018101720","20","야","수","1","1","0","0","0","서울","성북구","차대사람","횡단중","횡단중","운전자법규위반","신호위반","교차로","교차로내","화물차","화물차","보행자","보행자","956678","1957451","127.0091217","37.61547662"
"2018","2018072220","45","야","일","1","1","0","0","0","서울","강북구","차대사람","횡단중","횡단중","운전자법규위반","보행자 보호의무 위반","교차로","교차로내","승합차","승합차","보행자","보행자","957079","1959504","127.0135447","37.63399943"
"2018","2018032617","10","주","월","1","1","0","0","0","서울","동대문구","차대차","측면충돌","측면충돌","운전자법규위반","교차로 통행방법 위반","교차로","교차로내","화물차","화물차","자전거","자전거","961933","1954537","127.0688157","37.58944466"
"2018","2018111906","10","주","월","1","1","0","0","0","서울","동대문구","차대차","기타","기타","운전자법규위반","안전운전 의무 불이행","교차로","교차로내","화물차","화물차","자전거","자전거","961188.5","1955305.2","127.0603422","37.59633754"
"2018","2018100912","12","주","화","1","1","0","0","0","서울","동대문구","차대차","기타","기타","운전자법규위반","안전거리 미확보","교차로","교차로횡단보도내","자전거","자전거","화물차","화물차","958590","1952836","127.0310469","37.57396874"
"2018","2018121117","20","주","화","1","1","0","0","0","서울","동대문구","차대사람","기타","기타","운전자법규위반","보행자 보호의무 위반","교차로","교차로부근","이륜차","이륜차","보행자","보행자","959962","1952954","127.0465774","37.57509301"
"2018","2018071101","12","야","수","1","1","0","0","0","서울","광진구","차대사람","차도통행중","차도통행중","운전자법규위반","안전운전 의무 불이행","기타","기타","승용차","승용차","보행자","보행자","961461","1948201","127.0638025","37.53231667"
"2018","2018030308","10","주","토","1","1","0","0","0","서울","광진구","차량단독","공작물충돌","공작물충돌","운전자법규위반","안전운전 의무 불이행","단일로","교량위","승용차","승용차","없음","없음","965454.9","1949710.3","127.1089348","37.5460789"
"2018","2018102602","35","야","금","1","1","0","0","0","서울","마포구","차량단독","공작물충돌","공작물충돌","운전자법규위반","안전운전 의무 불이행","단일로","기타단일로","승용차","승용차","없음","없음","946642","1951330","126.8958559","37.55978005"
"2018","2018082703","20","야","월","1","1","0","0","0","서울","마포구","차량단독","공작물충돌","공작물충돌","운전자법규위반","안전운전 의무 불이행","단일로","기타단일로","승용차","승용차","없음","없음","946689","1951370","126.8963851","37.56014329"
"2018","2018051900","50","야","토","1","1","0","0","0","서울","영등포구","차대차","기타","기타","운전자법규위반","중앙선 침범","단일로","교량위","승용차","승용차","원동기장치자전거","원동기장치자전거","945392","1947321","126.8820019","37.52357336"
"2018","2018010721","51","야","일","1","1","0","0","0","서울","영등포구","차대사람","횡단중","횡단중","운전자법규위반","과속","단일로","기타단일로","승용차","승용차","보행자","보행자","948462","1946568","126.9167962","37.51696312"
"2018","2018082720","28","야","월","1","1","0","0","0","서울","관악구","차량단독","기타","기타","운전자법규위반","안전운전 의무 불이행","단일로","기타단일로","자전거","자전거","없음","없음","947812","1942891","126.9097021","37.48378509"
"2018","2018082604","00","야","일","1","1","0","0","0","서울","관악구","차대사람","횡단중","횡단중","운전자법규위반","신호위반","교차로","교차로내","이륜차","이륜차","보행자","보행자","947823","1942588","126.909848","37.48105471"
"2018","2018110122","35","야","목","1","1","0","0","0","서울","금천구","차대사람","횡단중","횡단중","운전자법규위반","신호위반","교차로","교차로횡단보도내","승용차","승용차","보행자","보행자","946765","1941301","126.897975","37.46939434"
"2018","2018041405","04","야","토","1","1","0","0","0","서울","동작구","차대사람","기타","기타","운전자법규위반","안전운전 의무 불이행","단일로","기타단일로","이륜차","이륜차","보행자","보행자","952659","1945575","126.9643514","37.50823792"
"2018","2018030304","50","야","토","1","2","0","1","0","서울","중랑구","차대사람","횡단중","횡단중","운전자법규위반","과속","교차로","교차로횡단보도내","승용차","승용차","보행자","보행자","962906","1952859","127.0799215","37.57436009"
"2018","2018112312","30","주","금","1","2","0","1","0","서울","중랑구","차대차","측면충돌","측면충돌","운전자법규위반","신호위반","교차로","교차로내","이륜차","이륜차","승용차","승용차","964432","1955676","127.0970658","37.59981081"
"2018","2018081315","23","주","월","1","1","0","0","0","서울","중랑구","차대사람","횡단중","횡단중","운전자법규위반","중앙선 침범","단일로","기타단일로","화물차","화물차","보행자","보행자","964105","1954840","127.0934024","37.592263"
"2018","2018032218","55","야","목","1","1","0","0","0","서울","중랑구","차대사람","횡단중","횡단중","운전자법규위반","보행자 보호의무 위반","단일로","기타단일로","특수차","특수차","보행자","보행자","964088","1956382","127.0931342","37.60616082"
"2018","2018093012","16","주","일","1","1","0","0","0","서울","강남구","차대차","측면충돌","측면충돌","운전자법규위반","안전운전 의무 불이행","단일로","기타단일로","승합차","승합차","자전거","자전거","958821","1948046","127.0339317","37.53080546"
"2018","2018111418","07","야","수","1","1","0","0","0","서울","강동구","차대사람","길가장자리구역통행중","길가장자리구역통행중","운전자법규위반","안전운전 의무 불이행","단일로","지하차도(도로)내","건설기계","건설기계","보행자","보행자","966773","1950260","127.123831","37.55108203"
"2018","2018040809","34","주","일","1","1","0","0","0","서울","강동구","차대사람","길가장자리구역통행중","길가장자리구역통행중","운전자법규위반","안전운전 의무 불이행","단일로","지하차도(도로)내","승용차","승용차","보행자","보행자","967868","1947946","127.1363288","37.53026382"
"2018","2018012706","53","주","토","1","1","0","0","0","서울","송파구","차대사람","횡단중","횡단중","운전자법규위반","신호위반","단일로","기타단일로","승용차","승용차","보행자","보행자","966388.6","1946238.3","127.1196634","37.51481883"
"2018","2018072109","23","주","토","1","3","0","2","0","서울","송파구","차대차","측면충돌","측면충돌","운전자법규위반","신호위반","교차로","교차로부근","승용차","승용차","승합차","승합차","964926","1945678","127.1031401","37.50971415"
"2018","2018111520","45","야","목","1","4","0","3","0","서울","구로구","차량단독","공작물충돌","공작물충돌","운전자법규위반","안전운전 의무 불이행","교차로","교차로부근","승용차","승용차","없음","없음","941821","1944702","126.8417986","37.4997498"
"2018","2018011020","27","야","수","1","1","0","0","0","서울","구로구","차대사람","횡단중","횡단중","운전자법규위반","안전운전 의무 불이행","교차로","교차로내","승합차","승합차","보행자","보행자","941837","1944718","126.8419783","37.49989502"
"2018","2018012611","05","주","금","1","2","1","0","0","서울","구로구","차대사람","횡단중","횡단중","운전자법규위반","보행자 보호의무 위반","교차로","교차로횡단보도내","건설기계","건설기계","보행자","보행자","946296","1942580","126.8925782","37.48089507"
"2018","2018112110","28","주","수","1","1","0","0","0","서울","서초구","차대사람","기타","기타","운전자법규위반","안전운전 의무 불이행","교차로","교차로횡단보도내","건설기계","건설기계","보행자","보행자","958161","1943306","127.0267318","37.48805249"
"2018","2018072605","39","야","목","1","1","0","0","0","서울","양천구","차대차","기타","기타","운전자법규위반","안전운전 의무 불이행","단일로","기타단일로","승용차","승용차","화물차","화물차","941251","1948001","126.8350866","37.5294477"
"2018","2018012601","22","야","금","1","1","0","0","0","서울","노원구","차대사람","횡단중","횡단중","운전자법규위반","안전운전 의무 불이행","단일로","기타단일로","승용차","승용차","보행자","보행자","960789","1964243","127.055337","37.67687864"
"2018","2018060902","13","야","토","1","1","0","0","0","서울","노원구","차량단독","공작물충돌","공작물충돌","운전자법규위반","안전운전 의무 불이행","단일로","기타단일로","화물차","화물차","없음","없음","961183","1959465","127.0600591","37.63383052"
"2018","2018061301","43","야","수","1","2","0","0","1","서울","노원구","차대사람","횡단중","횡단중","운전자법규위반","안전운전 의무 불이행","단일로","지하차도(도로)내","승용차","승용차","보행자","보행자","961985","1959488","127.0691473","37.63407136"
"2018","2018022710","30","주","화","1","1","0","0","0","서울","노원구","차대차","측면충돌","측면충돌","운전자법규위반","안전거리 미확보","단일로","지하차도(도로)내","자전거","자전거","건설기계","건설기계","961887","1962117","127.0678994","37.65776297"
"2018","2018022605","15","야","월","1","1","0","0","0","서울","동작구","차대사람","기타","기타","운전자법규위반","안전운전 의무 불이행","단일로","기타단일로","승합차","승합차","보행자","보행자","954195.2","1942744.9","126.9819086","37.48280691"
"2018","2018032012","07","주","화","1","1","0","0","0","부산","서구","차량단독","기타","기타","운전자법규위반","안전운전 의무 불이행","단일로","기타단일로","승합차","승합차","없음","없음","1138139.4","1677330.2","129.0152749","35.08162672"
"2018","2018050608","38","주","일","1","1","0","0","0","부산","서구","차량단독","공작물충돌","공작물충돌","운전자법규위반","안전운전 의무 불이행","단일로","기타단일로","승용차","승용차","없음","없음","1137641","1680430","129.0103248","35.10963699"
"2018","2018042105","17","야","토","2","2","0","0","0","부산","남구","차대차","정면충돌","정면충돌","운전자법규위반","중앙선 침범","단일로","기타단일로","이륜차","이륜차","승용차","승용차","1143669","1683241.8","129.0769363","35.13414008"
"2018","2018062405","30","야","일","1","2","1","0","0","부산","동래구","차대차","기타","기타","운전자법규위반","신호위반","교차로","교차로내","이륜차","이륜차","승용차","승용차","1144184","1690739","129.0838973","35.20164421"
"2018","2018040507","15","주","목","1","2","1","0","0","부산","해운대구","차량단독","도로이탈","도로이탈 기타","운전자법규위반","안전운전 의무 불이행","단일로","기타단일로","이륜차","이륜차","없음","없음","1147744","1687798","129.1224639","35.17461761"
"2018","2018051118","05","야","금","1","1","0","0","0","부산","부산진구","차대사람","횡단중","횡단중","운전자법규위반","안전운전 의무 불이행","단일로","기타단일로","승용차","승용차","보행자","보행자","1139610","1686872","129.0330122","35.16743411"
"2018","2018061303","20","야","수","1","4","1","2","0","부산","부산진구","차대차","기타","기타","운전자법규위반","신호위반","교차로","교차로내","이륜차","이륜차","승용차","승용차","1142602","1684927","129.0655196","35.14948204"
"2018","2018090523","20","야","수","1","1","0","0","0","부산","금정구","차대사람","횡단중","횡단중","운전자법규위반","신호위반","교차로","교차로부근","승합차","승합차","보행자","보행자","1144769","1693779","129.0908561","35.22896144"
"2018","2018031901","40","야","월","1","1","0","0","0","부산","금정구","차대사람","기타","기타","운전자법규위반","과속","단일로","기타단일로","승합차","승합차","보행자","보행자","1144442","1693037","129.0871337","35.22232049"
"2018","2018030302","15","야","토","1","5","2","2","0","부산","금정구","차대차","정면충돌","정면충돌","운전자법규위반","중앙선 침범","단일로","기타단일로","승용차","승용차","승용차","승용차","1146294","1695683","129.1079472","35.24590182"
"2018","2018043009","35","주","월","1","1","0","0","0","부산","사상구","차대사람","횡단중","횡단중","운전자법규위반","안전운전 의무 불이행","단일로","기타단일로","이륜차","이륜차","보행자","보행자","1136635","1684650","128.999987","35.14781373"
"2018","2018073010","18","주","월","1","1","0","0","0","부산","기장군","차량단독","공작물충돌","공작물충돌","운전자법규위반","안전운전 의무 불이행","교차로","교차로부근","이륜차","이륜차","없음","없음","1158379.1","1703790.4","129.2422893","35.31713516"
"2018","2018120609","46","주","목","1","1","0","0","0","부산","기장군","차대사람","횡단중","횡단중","운전자법규위반","안전운전 의무 불이행","교차로","교차로부근","화물차","화물차","보행자","보행자","1156195","1695130","129.2166239","35.23942306"
"2018","2018110209","29","주","금","1","2","1","0","0","울산","울주군","차대차","기타","기타","운전자법규위반","안전운전 의무 불이행","단일로","기타단일로","화물차","화물차","화물차","화물차","1158934","1725148","129.2525551","35.50953467"
"2018","2018052820","25","야","월","1","1","0","0","0","경기","수원시","차대차","기타","기타","운전자법규위반","보행자 보호의무 위반","단일로","기타단일로","승용차","승용차","승용차","승용차","956257","1920436","127.0065479","37.28182536"
"2018","2018051905","50","야","토","1","1","0","0","0","경기","수원시","차대차","기타","기타","운전자법규위반","기타(운전자법규위반)","기타","기타","승용차","승용차","승용차","승용차","956468","1920706","127.0089122","37.28426895"
"2018","2018111721","25","야","토","1","1","0","0","0","경기","수원시","차대차","추돌","추돌","운전자법규위반","안전운전 의무 불이행","단일로","기타단일로","승용차","승용차","특수차","특수차","954729","1920880","126.9892845","37.28575431"
"2018","2018012422","35","야","수","1","1","0","0","0","경기","수원시","차대사람","횡단중","횡단중","운전자법규위반","과속","교차로","교차로부근","승용차","승용차","보행자","보행자","954255","1920706","126.9839481","37.28416275"
"2018","2018052512","10","주","금","1","1","0","0","0","경기","성남시","차대사람","횡단중","횡단중","운전자법규위반","신호위반","단일로","기타단일로","승합차","승합차","보행자","보행자","967103","1937825","127.1281231","37.43901121"
"2018","2018042709","08","주","금","1","2","1","0","0","경기","성남시","차대차","기타","기타","운전자법규위반","안전거리 미확보","단일로","기타단일로","승용차","승용차","승용차","승용차","966977","1938772","127.1266564","37.44754256"
"2018","2018010107","25","주","월","1","1","0","0","0","경기","평택시","차량단독","전도","전도","운전자법규위반","안전운전 의무 불이행","단일로","기타단일로","이륜차","이륜차","없음","없음","951581","1884103","126.956149","36.95409383"
"2018","2018040320","30","야","화","1","1","0","0","0","경기","평택시","차대사람","횡단중","횡단중","운전자법규위반","중앙선 침범","단일로","기타단일로","화물차","화물차","보행자","보행자","963835","1890866","127.0934602","37.01560762"
"2018","2018041814","50","주","수","1","3","0","2","0","경기","평택시","차대차","추돌","추돌","운전자법규위반","안전운전 의무 불이행","단일로","기타단일로","이륜차","이륜차","승용차","승용차","947777","1880853","126.9136483","36.92459481"
"2018","2018051920","25","야","토","1","1","0","0","0","경기","평택시","차대사람","기타","기타","운전자법규위반","안전운전 의무 불이행","단일로","기타단일로","승용차","승용차","보행자","보행자","959093","1890508","127.0401751","37.01218599"
"2018","2018010611","10","주","토","1","1","0","0","0","경기","평택시","차량단독","공작물충돌","공작물충돌","운전자법규위반","안전운전 의무 불이행","단일로","기타단일로","승용차","승용차","없음","없음","947310","1888270","126.9078877","36.99142574"
"2018","2018090213","20","주","일","1","1","0","0","0","경기","평택시","차량단독","공작물충돌","공작물충돌","운전자법규위반","안전운전 의무 불이행","교차로","교차로내","이륜차","이륜차","없음","없음","942736.7","1887490.2","126.8565566","36.98412925"
"2018","2018010208","18","주","화","1","1","0","0","0","경기","평택시","차대사람","보도통행중","보도통행중","운전자법규위반","보행자 보호의무 위반","교차로","교차로횡단보도내","승용차","승용차","보행자","보행자","965572","1888508","127.1130936","36.99441737"
"2018","2018070111","55","주","일","1","1","0","0","0","경기","안성시","차대차","정면충돌","정면충돌","운전자법규위반","안전운전 의무 불이행","교차로","교차로내","농기계","농기계","이륜차","이륜차","980506","1887512","127.2809481","36.98586743"
"2018","2018032319","39","야","금","1","1","0","0","0","경기","안성시","차대사람","차도통행중","차도통행중","운전자법규위반","안전운전 의무 불이행","단일로","기타단일로","승용차","승용차","보행자","보행자","998444","1900260","127.482489","37.10098334"
"2018","2018102415","28","주","수","1","2","0","1","0","경기","안성시","차대차","추돌","추돌","운전자법규위반","안전운전 의무 불이행","단일로","기타단일로","화물차","화물차","건설기계","건설기계","977512","1894648","127.247092","37.05012674"
"2018","2018070301","00","야","화","1","1","0","0","0","경기","안양시","차대사람","횡단중","횡단중","운전자법규위반","안전운전 의무 불이행","교차로","교차로횡단보도내","승합차","승합차","보행자","보행자","951296","1934201","126.9496818","37.40564953"
"2018","2018030219","25","야","금","1","1","0","0","0","경기","광주시","차대차","기타","기타","운전자법규위반","신호위반","교차로","교차로부근","이륜차","이륜차","승합차","승합차","978433","1935588","127.2562647","37.41918114"
"2018","2018111711","40","주","토","1","1","0","0","0","경기","광주시","차량단독","공작물충돌","공작물충돌","운전자법규위반","안전운전 의무 불이행","교차로","교차로내","화물차","화물차","없음","없음","973879","1930999","127.2049613","37.37769995"
"2018","2018032813","20","주","수","1","1","0","0","0","경기","광주시","차량단독","공작물충돌","공작물충돌","운전자법규위반","안전운전 의무 불이행","단일로","기타단일로","승용차","승용차","없음","없음","982588","1936586","127.3031978","37.42826433"
"2018","2018061719","27","야","일","1","1","0","0","0","경기","광주시","차량단독","공작물충돌","공작물충돌","운전자법규위반","안전운전 의무 불이행","기타","기타","승용차","승용차","없음","없음","985747","1925328","127.3391197","37.32684081"
"2018","2018050205","30","야","수","1","3","0","2","0","경기","광주시","차대차","추돌","추돌","운전자법규위반","안전운전 의무 불이행","단일로","기타단일로","화물차","화물차","화물차","화물차","980357","1941159","127.2778598","37.4694392"
"2018","2018091604","00","야","일","1","1","0","0","0","경기","광주시","차대사람","횡단중","횡단중","운전자법규위반","신호위반","단일로","기타단일로","승용차","승용차","보행자","보행자","977823","1935344","127.2493782","37.41696738"
"2018","2018090217","47","주","일","1","1","0","0","0","경기","광주시","차대차","측면충돌","측면충돌","운전자법규위반","교차로 통행방법 위반","교차로","교차로내","이륜차","이륜차","승용차","승용차","983297","1941261","127.3111054","37.47041642"
"2018","2018081914","25","주","일","1","1","0","0","0","경기","여주시","차대차","기타","기타","운전자법규위반","중앙선 침범","단일로","기타단일로","자전거","자전거","승용차","승용차","1007151","1922262","127.5806873","37.2992859"
"2018","2018030107","00","주","목","1","1","0","0","0","경기","여주시","차량단독","도로이탈","도로이탈 기타","운전자법규위반","안전운전 의무 불이행","단일로","기타단일로","화물차","화물차","없음","없음","1021633","1915978","127.7439091","37.24241814"
"2018","2018062806","20","주","목","1","2","1","0","0","경기","용인시","차량단독","공작물충돌","공작물충돌","운전자법규위반","안전운전 의무 불이행","기타","기타","승용차","승용차","없음","없음","967904","1918063","127.1380339","37.26091031"
"2018","2018080321","10","야","금","1","1","0","0","0","경기","용인시","차대사람","횡단중","횡단중","운전자법규위반","보행자 보호의무 위반","교차로","교차로횡단보도내","승용차","승용차","보행자","보행자","973447","1915150","127.2006487","37.23482734"
"2018","2018112923","15","야","목","1","1","0","0","0","경기","용인시","차량단독","기타","기타","운전자법규위반","안전운전 의무 불이행","단일로","기타단일로","승합차","승합차","없음","없음","969250","1914833","127.1533467","37.23184088"