"발생년","발생년월일시","발생분","주야","요일","사망자수","사상자수","중상자수","경상자수","부상신고자수","발생지시도","발생지시군구","사고유형_대분류","사고유형_중분류","사고유형","법규위반_대분류","법규위반","도로형태_대분류","도로형태","가해자_당사자종별_대분류","가해자_당사자종별","피해자_당사자종별_대분류","피해자_당사자종별","발생위치X_UTMK","발생위치Y_UTMK","경도","위도"
"2018","2018101815","30","주","목","1","1","0","0","0","경기","김포시","차대차","기타","기타","운전자법규위반","신호위반","교차로","교차로내","이륜차","이륜차","이륜차","이륜차","915994","1960208","126.5478617","37.63750558"
"2018","2018011118","55","야","목","1","12","1","9","1","경기","김포시","차대차","기타","기타","운전자법규위반","안전운전 의무 불이행","단일로","기타단일로","승합차","승합차","화물차","화물차","936519","1955228","126.7809084","37.59426999"
"2018","2018051217","50","주","토","1","1","0","0","0","경기","양평군","차량단독","도로이탈","도로이탈 추락","운전자법규위반","안전운전 의무 불이행","단일로","기타단일로","승용차","승용차","없음","없음","989455","1960754","127.3804658","37.64620851"
"2018","2018090315","00","주","월","1","4","2","1","0","경기","양평군","차대차","정면충돌","정면충돌","운전자법규위반","중앙선 침범","단일로","기타단일로","승용차","승용차","승용차","승용차","984847","1951451","127.3284242","37.56229174"
"2018","2018062914","50","주","금","1","1","0","0","0","경기","양평군","차량단독","공작물충돌","공작물충돌","운전자법규위반","안전운전 의무 불이행","단일로","기타단일로","승용차","승용차","없음","없음","996215","1945107","127.4571755","37.50522627"
"2018","2018012618","40","야","금","1","1","0","0","0","경기","양평군","차대사람","횡단중","횡단중","운전자법규위반","안전운전 의무 불이행","단일로","기타단일로","화물차","화물차","보행자","보행자","995176","1945831","127.4454152","37.51174731"
"2018","2018082502","30","야","토","1","1","0","0","0","경기","부천시","차대사람","횡단중","횡단중","운전자법규위반","안전거리 미확보","교차로","교차로내","승용차","승용차","보행자","보행자","939257","1943048","126.8129295","37.48467707"
"2018","2018032404","55","야","토","1","1","0","0","0","경기","부천시","차대사람","횡단중","횡단중","운전자법규위반","안전운전 의무 불이행","기타","기타","승용차","승용차","보행자","보행자","937716","1941603","126.7956226","37.47155062"
"2018","2018122700","10","야","목","1","1","0","0","0","경기","오산시","차대사람","횡단중","횡단중","운전자법규위반","과속","단일로","기타단일로","승용차","승용차","보행자","보행자","961421","1905704","127.065562","37.14926196"
"2018","2018091019","20","야","월","1","1","0","0","0","경기","화성시","차대사람","횡단중","횡단중","운전자법규위반","안전운전 의무 불이행","교차로","교차로내","승합차","승합차","보행자","보행자","966830","1911739","127.1262035","37.20386886"
"2018","2018080220","01","야","목","1","1","0","0","0","경기","화성시","차대사람","기타","기타","운전자법규위반","과속","교차로","교차로횡단보도내","승용차","승용차","보행자","보행자","962188","1911366","127.0739124","37.20033008"
"2018","2018052403","50","야","목","1","1","0","0","0","경기","부천시","차량단독","공작물충돌","공작물충돌","운전자법규위반","안전운전 의무 불이행","단일로","기타단일로","이륜차","이륜차","없음","없음","935015","1946184","126.7646742","37.51265284"
"2018","2018060121","55","야","금","1","1","0","0","0","경기","광명시","차량단독","기타","기타","운전자법규위반","안전운전 의무 불이행","단일로","지하차도(도로)내","이륜차","이륜차","없음","없음","946478","1938014","126.8949683","37.43975126"
"2018","2018112308","50","주","금","1","1","0","0","0","경기","광명시","차대차","측면충돌","측면충돌","운전자법규위반","신호위반","교차로","교차로내","승용차","승용차","이륜차","이륜차","943358","1935359","126.8599044","37.41563539"
"2018","2018110605","12","야","화","1","1","0","0","0","경기","안산시","차량단독","공작물충돌","공작물충돌","운전자법규위반","안전운전 의무 불이행","단일로","기타단일로","화물차","화물차","없음","없음","938498","1922683","126.8060392","37.30107371"
"2018","2018082018","01","야","월","1","1","0","0","0","경기","안산시","차대사람","횡단중","횡단중","운전자법규위반","안전운전 의무 불이행","교차로","교차로횡단보도내","특수차","특수차","보행자","보행자","939022","1926364","126.8116489","37.33428616"
"2018","2018062017","05","주","수","1","1","0","0","0","경기","안산시","차대차","추돌","추돌","운전자법규위반","안전운전 의무 불이행","교차로","교차로내","건설기계","건설기계","자전거","자전거","936035","1921994","126.7783092","37.29469736"
"2018","2018042415","45","주","화","1","1","0","0","0","경기","안산시","차대사람","횡단중","횡단중","운전자법규위반","보행자 보호의무 위반","단일로","기타단일로","승합차","승합차","보행자","보행자","939483","1927616","126.8167503","37.34560094"
"2018","2018112204","45","야","목","1","1","0","0","0","경기","수원시","차대사람","횡단중","횡단중","운전자법규위반","과속","단일로","기타단일로","승용차","승용차","보행자","보행자","958195","1919265","127.0284751","37.27135943"
"2018","2018092121","55","야","금","1","1","0","0","0","경기","수원시","차대사람","차도통행중","차도통행중","운전자법규위반","안전운전 의무 불이행","단일로","기타단일로","승용차","승용차","보행자","보행자","958124","1917427","127.0277777","37.25478902"
"2018","2018101504","40","야","월","1","1","0","0","0","경기","성남시","차량단독","공작물충돌","공작물충돌","운전자법규위반","안전운전 의무 불이행","단일로","터널안","승용차","승용차","없음","없음","967183","1935880","127.129114","37.42148263"
"2018","2018022723","28","야","화","1","1","0","0","0","경기","성남시","차대사람","차도통행중","차도통행중","운전자법규위반","안전운전 의무 불이행","교차로","교차로부근","승용차","승용차","보행자","보행자","968071","1930900","127.1393648","37.37662575"
"2018","2018042102","30","야","토","1","3","0","2","0","경기","시흥시","차대차","측면충돌","측면충돌","운전자법규위반","신호위반","교차로","교차로내","이륜차","이륜차","승용차","승용차","931964","1928700","126.7317663","37.3548504"
"2018","2018051715","00","주","목","1","1","0","0","0","경기","시흥시","차대차","추돌","추돌","운전자법규위반","안전운전 의무 불이행","단일로","기타단일로","승용차","승용차","화물차","화물차","930042","1926645","126.7102598","37.33618566"
"2018","2018020919","25","야","금","1","1","0","0","0","경기","시흥시","차대사람","길가장자리구역통행중","길가장자리구역통행중","운전자법규위반","안전운전 의무 불이행","교차로","교차로내","승용차","승용차","보행자","보행자","944451","1930909","126.8725899","37.3755925"
"2018","2018062521","40","야","월","1","3","1","1","0","경기","시흥시","차대사람","횡단중","횡단중","운전자법규위반","신호위반","교차로","교차로내","화물차","화물차","보행자","보행자","942161","1931238","126.8467007","37.37841783"
"2018","2018052404","50","야","목","1","1","0","0","0","경기","시흥시","차대사람","기타","기타","운전자법규위반","안전운전 의무 불이행","단일로","기타단일로","승용차","승용차","보행자","보행자","936796","1927369","126.7864367","37.34319558"
"2018","2018081814","50","주","토","1","1","0","0","0","경기","시흥시","차량단독","공작물충돌","공작물충돌","운전자법규위반","안전운전 의무 불이행","단일로","기타단일로","이륜차","이륜차","없음","없음","930835","1929161","126.7189761","37.35892193"
"2018","2018032507","05","주","일","1","3","0","2","0","경기","안산시","차량단독","공작물충돌","공작물충돌","운전자법규위반","과속","단일로","기타단일로","승용차","승용차","없음","없음","942875","1922822","126.8554137","37.30260585"
"2018","2018092606","30","주","수","1","3","0","2","0","경기","화성시","차대차","기타","기타","운전자법규위반","안전거리 미확보","단일로","기타단일로","화물차","화물차","화물차","화물차","946133","1918934","126.8924561","37.26775593"
"2018","2018011204","30","야","금","1","2","0","0","1","경기","성남시","차대차","추돌","추돌","운전자법규위반","안전운전 의무 불이행","단일로","기타단일로","승용차","승용차","승용차","승용차","964498","1933691","127.0988749","37.40165281"
"2018","2018041516","15","주","일","1","1","0","0","0","경기","구리시","차량단독","전복","전복","운전자법규위반","안전운전 의무 불이행","단일로","터널안","승용차","승용차","없음","없음","967101","1953337","127.1274062","37.57882796"
"2018","2018112320","10","야","금","1","1","0","0","0","경기","화성시","차대사람","기타","기타","운전자법규위반","안전운전 의무 불이행","기타","기타","승용차","승용차","보행자","보행자","950478","1911876","126.9419285","37.20437899"
"2018","2018090317","53","주","월","1","3","0","2","0","경기","화성시","차량단독","공작물충돌","공작물충돌","운전자법규위반","안전운전 의무 불이행","단일로","기타단일로","화물차","화물차","없음","없음","946679","1902548","126.8997842","37.12008991"
"2018","2018021721","45","야","토","1","1","0","0","0","경기","화성시","차량단독","공작물충돌","공작물충돌","운전자법규위반","안전운전 의무 불이행","단일로","기타단일로","화물차","화물차","없음","없음","945867","1916138","126.8896595","37.24253867"
"2018","2018032815","40","주","수","1","1","0","0","0","경기","화성시","차대사람","기타","기타","운전자법규위반","안전운전 의무 불이행","교차로","교차로부근","건설기계","건설기계","보행자","보행자","945060","1907753","126.8811786","37.16691247"
"2018","2018102320","10","야","화","1","1","0","0","0","경기","화성시","차량단독","전복","전복","운전자법규위반","안전운전 의무 불이행","단일로","기타단일로","승용차","승용차","없음","없음","944453","1906596","126.8744279","37.15644779"
"2018","2018050610","15","주","일","1","1","0","0","0","경기","화성시","차량단독","공작물충돌","공작물충돌","운전자법규위반","안전운전 의무 불이행","단일로","기타단일로","화물차","화물차","없음","없음","946693","1914800","126.8990678","37.23052614"
"2018","2018112814","13","주","수","1","1","0","0","0","경기","의왕시","차대사람","횡단중","횡단중","운전자법규위반","안전운전 의무 불이행","단일로","기타단일로","승합차","승합차","보행자","보행자","955759","1932532","127.0002084","37.39083"
"2018","2018111506","45","주","목","1","1","0","0","0","경기","하남시","차대차","측면충돌","측면충돌","운전자법규위반","안전거리 미확보","단일로","기타단일로","화물차","화물차","자전거","자전거","973622","1951066","127.2013397","37.55856845"
"2018","2018102215","45","주","월","1","1","0","0","0","경기","안양시","차대차","측면충돌","측면충돌","운전자법규위반","안전운전 의무 불이행","교차로","교차로내","건설기계","건설기계","자전거","자전거","948081","1934538","126.9133328","37.40851237"
"2018","2018050507","10","주","토","1","1","0","0","0","경기","안양시","차대차","정면충돌","정면충돌","운전자법규위반","교차로 통행방법 위반","교차로","교차로내","승용차","승용차","이륜차","이륜차","947741","1934977","126.90946","37.41245009"
"2018","2018101723","15","야","수","1","2","1","0","0","강원","춘천시","차량단독","도로이탈","도로이탈 기타","운전자법규위반","안전운전 의무 불이행","단일로","기타단일로","이륜차","이륜차","없음","없음","1012838.8","1980242.8","127.64588","37.82183729"
"2018","2018120623","59","야","목","1","1","0","0","0","강원","춘천시","차대사람","횡단중","횡단중","운전자법규위반","안전운전 의무 불이행","단일로","기타단일로","승합차","승합차","보행자","보행자","1019791","1985711","127.7250231","37.87099822"
"2018","2018080811","10","주","수","1","1","0","0","0","강원","강릉시","차량단독","도로이탈","도로이탈 추락","운전자법규위반","안전운전 의무 불이행","교차로","교차로내","사륜오토바이(ATV)","사륜오토바이(ATV)","없음","없음","1132335","1958533","128.9994635","37.61672211"
"2018","2018052713","55","주","일","1","3","0","2","0","강원","강릉시","차대차","측면충돌","측면충돌","운전자법규위반","중앙선 침범","단일로","기타단일로","화물차","화물차","승합차","승합차","1126287.2","1976477.2","128.9340688","37.77925981"
"2018","2018060706","03","주","목","1","1","0","0","0","강원","원주시","차대차","정면충돌","정면충돌","운전자법규위반","중앙선 침범","단일로","기타단일로","승용차","승용차","승용차","승용차","1039876","1932864","127.9504995","37.39402063"
"2018","2018010917","53","주","화","1","1","0","0","0","강원","원주시","차대사람","횡단중","횡단중","운전자법규위반","과속","단일로","기타단일로","승용차","승용차","보행자","보행자","1046363","1937744","128.0240902","37.43770419"
"2018","2018060810","45","주","금","1","2","0","0","1","강원","영월군","차대차","측면충돌","측면충돌","운전자법규위반","서행 및 일시정지위반","교차로","교차로내","화물차","화물차","사륜오토바이(ATV)","사륜오토바이(ATV)","1076878","1908823","128.36601","37.17500866"
"2018","2018091717","00","주","월","1","2","0","0","1","강원","영월군","차량단독","도로이탈","도로이탈 추락","운전자법규위반","안전운전 의무 불이행","단일로","지하차도(도로)내","사륜오토바이(ATV)","사륜오토바이(ATV)","없음","없음","1082363","1916410","128.4286275","37.24292208"
"2018","2018052316","20","주","수","1","1","0","0","0","강원","횡성군","차량단독","도로이탈","도로이탈 추락","운전자법규위반","안전운전 의무 불이행","단일로","기타단일로","사륜오토바이(ATV)","사륜오토바이(ATV)","없음","없음","1058965","1952768","128.1677411","37.57239877"
"2018","2018081005","55","야","금","1","1","0","0","0","강원","고성군","차대사람","횡단중","횡단중","운전자법규위반","보행자 보호의무 위반","교차로","교차로횡단보도내","승용차","승용차","보행자","보행자","1093568","2027634","128.5692678","38.24418598"
"2018","2018032919","45","야","목","1","1","0","0","0","강원","양구군","차대차","추돌","추돌","운전자법규위반","안전운전 의무 불이행","단일로","기타단일로","이륜차","이륜차","화물차","화물차","1048233.5","2014466.8","128.0503373","38.1290973"
"2018","2018050513","00","주","토","1","1","0","0","0","강원","동해시","차대차","기타","기타","운전자법규위반","안전운전 의무 불이행","단일로","기타단일로","이륜차","이륜차","승용차","승용차","1141724.7","1946905.6","129.1035718","37.51055925"
"2018","2018100102","05","야","월","1","1","0","0","0","강원","동해시","차대사람","횡단중","횡단중","운전자법규위반","안전운전 의무 불이행","교차로","교차로부근","승용차","승용차","보행자","보행자","1141828","1948789.7","129.1051039","37.52751929"
"2018","2018030420","53","야","일","3","8","4","1","0","강원","홍천군","차대차","추돌","추돌","운전자법규위반","안전운전 의무 불이행","단일로","교량위","승용차","승용차","승용차","승용차","1030033","1967414","127.8407148","37.70580602"
"2018","2018120921","35","야","일","1","2","0","1","0","강원","원주시","차대차","추돌","추돌","운전자법규위반","안전운전 의무 불이행","단일로","기타단일로","화물차","화물차","화물차","화물차","1038819.1","1940163.3","127.9389434","37.45985785"
"2018","2018061302","55","야","수","1","1","0","0","0","충북","청주시","차대사람","횡단중","횡단중","운전자법규위반","안전운전 의무 불이행","단일로","기타단일로","승용차","승용차","보행자","보행자","999084","1849340","127.4897529","36.64195948"
"2018","2018060607","25","주","수","1","1","0","0","0","충북","청주시","차대차","정면충돌","정면충돌","운전자법규위반","신호위반","교차로","교차로내","화물차","화물차","승용차","승용차","992414","1857627","127.4150553","36.71663623"
"2018","2018080810","30","주","수","1","1","0","0","0","충북","청주시","차대사람","기타","기타","운전자법규위반","안전운전 의무 불이행","단일로","기타단일로","화물차","화물차","보행자","보행자","998684","1849684","127.4852777","36.64506016"
"2018","2018100706","10","주","일","1","1","0","0","0","충북","청주시","차대사람","횡단중","횡단중","운전자법규위반","중앙선 침범","교차로","교차로부근","화물차","화물차","보행자","보행자","998274","1855517","127.4806778","36.69764359"
"2018","2018111423","12","야","수","1","1","0","0","0","충북","청주시","차량단독","공작물충돌","공작물충돌","운전자법규위반","안전운전 의무 불이행","교차로","교차로내","승용차","승용차","없음","없음","997607","1856530","127.4732077","36.70677422"
"2018","2018112320","53","야","금","1","2","1","0","0","충북","청주시","차대차","측면충돌","측면충돌","운전자법규위반","신호위반","교차로","교차로내","승용차","승용차","화물차","화물차","992419","1857633","127.4151112","36.71669036"
"2018","2018080109","45","주","수","1","3","0","2","0","충북","청주시","차대차","정면충돌","정면충돌","운전자법규위반","중앙선 침범","교차로","교차로내","승용차","승용차","승용차","승용차","998508","1852908","127.4833024","36.67412409"
"2018","2018050121","40","야","화","1","1","0","0","0","충북","충주시","차량단독","전도","전도","운전자법규위반","안전운전 의무 불이행","교차로","교차로부근","이륜차","이륜차","없음","없음","1020651.9","1888800.8","127.7320983","36.99746043"
"2018","2018073110","10","주","화","1","2","0","1","0","충북","제천시","차량단독","도로이탈","도로이탈 기타","운전자법규위반","안전운전 의무 불이행","단일로","기타단일로","화물차","화물차","없음","없음","1046679","1902519","128.0254504","37.12018344"
"2018","2018031310","24","주","화","1","1","0","0","0","충북","제천시","차대사람","횡단중","횡단중","운전자법규위반","신호위반","교차로","교차로부근","화물차","화물차","보행자","보행자","1062090","1900432","128.1987438","37.10047635"
"2018","2018122608","25","주","수","1","3","2","0","0","충북","제천시","차대차","측면충돌","측면충돌","운전자법규위반","중앙선 침범","단일로","기타단일로","승용차","승용차","승용차","승용차","1052207","1879957","128.0861103","36.91651909"
"2018","2018071606","25","주","월","1","2","0","1","0","충북","제천시","차대차","측면충돌","측면충돌","운전자법규위반","안전운전 의무 불이행","교차로","교차로내","이륜차","이륜차","승용차","승용차","1063661.9","1903331.3","128.2166786","37.12650378"
"2018","2018081010","11","주","금","1","1","0","0","0","충북","괴산군","차대사람","횡단중","횡단중","운전자법규위반","안전운전 의무 불이행","교차로","교차로내","승용차","승용차","보행자","보행자","1012132","1864022","127.6359504","36.77423862"
"2018","2018060221","05","야","토","1","1","0","0","0","충북","보은군","차대사람","길가장자리구역통행중","길가장자리구역통행중","운전자법규위반","안전운전 의무 불이행","단일로","지하차도(도로)내","화물차","화물차","보행자","보행자","1013981","1843106","127.6562882","36.58565785"
"2018","2018082814","50","주","화","1","1","0","0","0","충북","보은군","차량단독","기타","기타","운전자법규위반","교차로 통행방법 위반","교차로","교차로내","이륜차","이륜차","없음","없음","1020439.8","1823587.5","127.7279718","36.40957968"
"2018","2018020718","35","야","수","1","1","0","0","0","충북","음성군","차대사람","기타","기타","운전자법규위반","안전운전 의무 불이행","교차로","교차로내","승용차","승용차","보행자","보행자","999493","1887559","127.4943028","36.98649307"
"2018","2018080112","50","주","수","1","1","0","0","0","충북","옥천군","차대차","추돌","추돌","운전자법규위반","안전거리 미확보","단일로","기타단일로","화물차","화물차","화물차","화물차","1011477","1806189","127.6277507","36.25287386"
"2018","2018032714","50","주","화","1","1","0","0","0","충북","단양군","차대사람","횡단중","횡단중","운전자법규위반","보행자 보호의무 위반","단일로","기타단일로","승용차","승용차","보행자","보행자","1077344","1887557","128.3690681","36.98329405"
"2018","2018061702","30","야","일","1","1","0","0","0","충북","단양군","차대사람","기타","기타","운전자법규위반","안전운전 의무 불이행","단일로","기타단일로","승용차","승용차","보행자","보행자","1087694.4","1898038.2","128.4865758","37.0768533"
"2018","2018081609","20","주","목","1","1","0","0","0","충북","진천군","차대차","측면충돌","측면충돌","운전자법규위반","신호위반","교차로","교차로내","특수차","특수차","이륜차","이륜차","995650","1873801","127.4511982","36.86246109"
"2018","2018041207","20","주","목","1","4","1","2","0","충북","진천군","차대차","기타","기타","운전자법규위반","안전거리 미확보","교차로","교차로부근","승용차","승용차","승용차","승용차","1000971","1863466","127.5108803","36.76930358"
"2018","2018021305","50","야","화","1","1","0","0","0","충북","청주시","차대사람","횡단중","횡단중","운전자법규위반","안전운전 의무 불이행","교차로","교차로횡단보도내","화물차","화물차","보행자","보행자","993693","1847450","127.4294608","36.62490072"
"2018","2018021321","08","야","화","1","1","0","0","0","충북","청주시","차대사람","횡단중","횡단중","운전자법규위반","안전운전 의무 불이행","단일로","기타단일로","승용차","승용차","보행자","보행자","995043","1848441","127.4445531","36.63384255"
"2018","2018042113","55","주","토","1","1","0","0","0","충북","청주시","차량단독","도로이탈","도로이탈 추락","운전자법규위반","안전운전 의무 불이행","단일로","기타단일로","화물차","화물차","없음","없음","992078","1845135","127.411422","36.60401892"
"2018","2018091619","00","야","일","1","5","3","1","0","충북","청주시","차대차","측면충돌","측면충돌","운전자법규위반","신호위반","교차로","교차로내","승용차","승용차","승용차","승용차","993140","1854569","127.4232122","36.68907427"
"2018","2018120410","10","주","화","1","1","0","0","0","충북","청주시","차량단독","전도","전도","운전자법규위반","안전운전 의무 불이행","단일로","기타단일로","이륜차","이륜차","없음","없음","983015","1845248","127.3100841","36.60491921"
"2018","2018012619","00","야","금","1","1","0","0","0","충북","청주시","차대사람","횡단중","횡단중","운전자법규위반","안전운전 의무 불이행","단일로","지하차도(도로)내","승용차","승용차","보행자","보행자","1000513","1844226","127.5057354","36.59585703"
"2018","2018070815","30","주","일","1","3","1","1","0","충북","청주시","차량단독","공작물충돌","공작물충돌","운전자법규위반","안전운전 의무 불이행","단일로","지하차도(도로)내","승용차","승용차","없음","없음","1006071","1841977","127.5678565","36.57556299"
"2018","2018040214","02","주","월","1","1","0","0","0","충북","청주시","차량단독","공작물충돌","공작물충돌","운전자법규위반","안전운전 의무 불이행","단일로","기타단일로","화물차","화물차","없음","없음","1000233","1835883","127.5026024","36.52064415"
"2018","2018071809","20","주","수","1","1","0","0","0","경기","광주시","차대차","추돌","추돌","운전자법규위반","안전운전 의무 불이행","단일로","기타단일로","화물차","화물차","특수차","특수차","979347","1939169","127.2664937","37.45148001"
"2018","2018040413","25","주","수","1","12","0","1","10","충남","서산시","차대차","측면충돌","측면충돌","운전자법규위반","교차로 통행방법 위반","교차로","교차로내","승합차","승합차","화물차","화물차","913685","1851740","126.5342081","36.65968"
"2018","2018102206","30","주","월","1","1","0","0","0","충남","서산시","차대사람","횡단중","횡단중","운전자법규위반","과속","단일로","기타단일로","승용차","승용차","보행자","보행자","906810","1864911","126.4556879","36.77774639"
"2018","2018062221","50","야","금","1","1","0","0","0","충남","서산시","차대차","추돌","추돌","운전자법규위반","안전운전 의무 불이행","단일로","기타단일로","화물차","화물차","이륜차","이륜차","901669","1864815","126.3980983","36.77636148"
"2018","2018092507","40","주","화","1","1","0","0","0","충남","서산시","차대차","측면충돌","측면충돌","운전자법규위반","신호위반","교차로","교차로내","특수차","특수차","화물차","화물차","910818","1870816","126.4999044","36.83135601"
"2018","2018072800","05","야","토","2","3","1","0","0","충남","천안시","차대차","정면충돌","정면충돌","운전자법규위반","중앙선 침범","단일로","기타단일로","승용차","승용차","승용차","승용차","964946","1880958","127.1064091","36.92633645"
"2018","2018123112","20","주","월","1","3","0","2","0","충남","천안시","차대차","추돌","추돌","운전자법규위반","안전운전 의무 불이행","단일로","기타단일로","화물차","화물차","화물차","화물차","968489","1876939","127.1463569","36.89023274"
"2018","2018021502","20","야","목","1","2","0","1","0","충남","천안시","차대차","추돌","추돌","운전자법규위반","안전운전 의무 불이행","교차로","교차로부근","이륜차","이륜차","승용차","승용차","965106","1868354","127.1087853","36.81272467"
"2018","2018122417","55","주","월","1","1","0","0","0","충남","논산시","차대사람","차도통행중","차도통행중","운전자법규위반","안전운전 의무 불이행","단일로","기타단일로","승용차","승용차","보행자","보행자","961209","1790664","127.0689891","36.11219854"
"2018","2018101018","16","야","수","1","1","0","0","0","충남","논산시","차대사람","횡단중","횡단중","운전자법규위반","안전운전 의무 불이행","단일로","기타단일로","승용차","승용차","보행자","보행자","964292","1792420","127.1031642","36.12814817"
"2018","2018030214","35","주","금","1","1","0","0","0","충남","논산시","차량단독","전복","전복","운전자법규위반","안전운전 의무 불이행","단일로","기타단일로","화물차","화물차","없음","없음","966848","1789000","127.1317134","36.0974056"
"2018","2018010623","35","야","토","1","1","0","0","0","충남","홍성군","차대사람","차도통행중","차도통행중","운전자법규위반","과속","단일로","기타단일로","승용차","승용차","보행자","보행자","921184","1834399","126.6198825","36.5040191"
"2018","2018101707","10","주","수","1","1","0","0","0","충남","홍성군","차대차","측면충돌","측면충돌","운전자법규위반","중앙선 침범","단일로","기타단일로","이륜차","이륜차","화물차","화물차","925437","1845071","126.6663373","36.60055905"
"2018","2018101812","35","주","목","1","2","1","0","0","충남","홍성군","차대사람","기타","기타","운전자법규위반","안전운전 의무 불이행","교차로","교차로부근","화물차","화물차","보행자","보행자","917326","1843454","126.575835","36.5853148"
"2018","2018121705","57","야","월","1","1","0","0","0","충남","홍성군","차대사람","횡단중","횡단중","운전자법규위반","중앙선 침범","단일로","기타단일로","승용차","승용차","보행자","보행자","930811","1843729","126.7265377","36.5888671"
"2018","2018092519","40","야","화","1","1","0","0","0","충남","홍성군","차대사람","횡단중","횡단중","운전자법규위반","안전운전 의무 불이행","단일로","기타단일로","승합차","승합차","보행자","보행자","921913","1837380","126.6277206","36.53094995"
"2018","2018102618","10","야","금","1","1","0","0","0","충남","홍성군","차대사람","횡단중","횡단중","운전자법규위반","과속","기타","기타","승용차","승용차","보행자","보행자","923630","1840147","126.6466245","36.55603075"
"2018","2018121807","06","주","화","1","1","0","0","0","충남","홍성군","차대사람","횡단중","횡단중","운전자법규위반","안전운전 의무 불이행","교차로","교차로내","승용차","승용차","보행자","보행자","924847","1848298","126.6594256","36.62960104"
"2018","2018122020","30","야","목","1","1","0","0","0","충남","아산시","차대사람","기타","기타","운전자법규위반","안전운전 의무 불이행","단일로","기타단일로","승용차","승용차","보행자","보행자","961900","1867751","127.0728723","36.80716527"
"2018","2018040505","50","야","목","1","1","0","0","0","충남","아산시","차대사람","기타","기타","운전자법규위반","안전운전 의무 불이행","교차로","교차로부근","승용차","승용차","보행자","보행자","956744","1862719","127.0153574","36.761583"
"2018","2018032014","30","주","화","1","1","0","0","0","충남","서천군","차대차","추돌","추돌","운전자법규위반","신호위반","교차로","교차로부근","화물차","화물차","자전거","자전거","925647","1788827","126.6740575","36.09356533"
"2018","2018022610","35","주","월","1","1","0","0","0","충남","공주시","차대사람","기타","기타","운전자법규위반","중앙선 침범","교차로","교차로부근","승용차","승용차","보행자","보행자","966172","1827972","127.1225163","36.44872799"
"2018","2018020919","45","야","금","1","1","0","0","0","충남","공주시","차대차","기타","기타","운전자법규위반","안전운전 의무 불이행","단일로","기타단일로","화물차","화물차","화물차","화물차","951010","1839939","126.9525718","36.55595288"
"2018","2018102410","35","주","수","1","1","0","0","0","충남","공주시","차대차","측면충돌","측면충돌","운전자법규위반","과속","교차로","교차로내","화물차","화물차","농기계","농기계","952726","1842672","126.9715783","36.58067655"
"2018","2018030906","00","주","금","1","1","0","0","0","세종","세종","차량단독","공작물충돌","공작물충돌","운전자법규위반","안전운전 의무 불이행","단일로","기타단일로","화물차","화물차","없음","없음","974578","1826718","127.2163581","36.43768275"
"2018","2018120918","20","야","일","1","1","0","0","0","충남","예산군","차대차","정면충돌","정면충돌","운전자법규위반","직진 및 우회전차의 통행방해","교차로","교차로내","화물차","화물차","이륜차","이륜차","925068","1855439","126.6611991","36.69398725"
"2018","2018112614","50","주","월","1","1","0","0","0","충남","예산군","차대사람","횡단중","횡단중","운전자법규위반","안전운전 의무 불이행","교차로","교차로내","승용차","승용차","보행자","보행자","941779","1853381","126.8484087","36.67660667"
"2018","2018080210","50","주","목","1","3","0","2","0","충남","예산군","차대차","추돌","추돌","운전자법규위반","안전거리 미확보","교차로","교차로내","화물차","화물차","승용차","승용차","940952","1858075","126.8387914","36.71886874"
"2018","2018012209","07","주","월","1","1","0","0","0","충남","예산군","차대차","측면충돌","측면충돌","운전자법규위반","안전운전 의무 불이행","단일로","기타단일로","승합차","승합차","자전거","자전거","940270","1859616","126.8310345","36.732717"
"2018","2018090413","55","주","화","1","1","0","0","0","충남","부여군","차대사람","횡단중","횡단중","운전자법규위반","안전운전 의무 불이행","단일로","기타단일로","화물차","화물차","보행자","보행자","929474","1810726","126.7145966","36.29126604"
"2018","2018033102","00","야","토","2","3","1","0","0","충남","부여군","차량단독","도로이탈","도로이탈 추락","운전자법규위반","과속","단일로","기타단일로","승용차","승용차","없음","없음","942847","1790245","126.8650069","36.10751351"
"2018","2018031722","53","야","토","1","1","0","0","0","충남","부여군","차대차","기타","기타","운전자법규위반","과속","단일로","기타단일로","승용차","승용차","승용차","승용차","953088","1806474","126.9778137","36.25437174"
"2018","2018031712","10","주","토","1","3","1","1","0","충남","당진시","차대차","측면충돌","측면충돌","운전자법규위반","안전운전 의무 불이행","단일로","기타단일로","승용차","승용차","화물차","화물차","918877","1888522","126.5883706","36.99167347"
"2018","2018060620","15","야","수","1","2","0","1","0","충남","당진시","차대차","추돌","추돌","운전자법규위반","안전운전 의무 불이행","교차로","교차로부근","승용차","승용차","승용차","승용차","918031","1888265","126.5788926","36.98928367"
"2018","2018042817","58","주","토","1","1","0","0","0","충남","금산군","차대차","측면충돌","측면충돌","운전자법규위반","교차로 통행방법 위반","교차로","교차로내","화물차","화물차","이륜차","이륜차","1001035","1790508","127.5114999","36.11156681"
"2018","2018011318","00","야","토","1","1","0","0","0","충남","금산군","차대차","정면충돌","정면충돌","운전자법규위반","중앙선 침범","단일로","기타단일로","승용차","승용차","화물차","화물차","1004208","1790484","127.5467552","36.11134186"
"2018","2018042008","35","주","금","1","1","0","0","0","충남","천안시","차대사람","기타","기타","운전자법규위반","안전운전 의무 불이행","단일로","기타단일로","승용차","승용차","보행자","보행자","968587","1867880","127.1478315","36.80857376"