"발생년","발생년월일시","발생분","주야","요일","사망자수","사상자수","중상자수","경상자수","부상신고자수","발생지시도","발생지시군구","사고유형_대분류","사고유형_중분류","사고유형","법규위반_대분류","법규위반","도로형태_대분류","도로형태","가해자_당사자종별_대분류","가해자_당사자종별","피해자_당사자종별_대분류","피해자_당사자종별","발생위치X_UTMK","발생위치Y_UTMK","경도","위도"
"2018","2018100114","05","주","월","1","1","0","0","0","충남","천안시","차대차","측면충돌","측면충돌","운전자법규위반","신호위반","교차로","교차로내","승용차","승용차","승용차","승용차","969520","1868305","127.1582741","36.81243546"
"2018","2018062606","40","주","화","1","1","0","0","0","충남","태안군","차량단독","도로이탈","도로이탈 기타","운전자법규위반","안전운전 의무 불이행","단일로","기타단일로","승용차","승용차","없음","없음","886244","1863818","126.22543","36.76564953"
"2018","2018110713","10","주","수","1","1","0","0","0","충남","공주시","차대차","추돌","추돌","운전자법규위반","안전운전 의무 불이행","단일로","기타단일로","화물차","화물차","화물차","화물차","960802","1810070","127.0634968","36.28713467"
"2018","2018110511","15","주","월","1","1","0","0","0","대전","대덕구","차대차","추돌","추돌","운전자법규위반","안전운전 의무 불이행","단일로","기타단일로","승용차","승용차","화물차","화물차","992695","1824916","127.4185122","36.42174632"
"2018","2018031101","15","야","일","1","1","0","0","0","충북","청주시","차대차","추돌","추돌","운전자법규위반","안전운전 의무 불이행","단일로","기타단일로","승용차","승용차","승용차","승용차","993848","1838198","127.4312683","36.54149443"
"2018","2018032115","10","주","수","1","4","1","2","0","대전","동구","차량단독","기타","기타","운전자법규위반","안전운전 의무 불이행","단일로","기타단일로","승용차","승용차","없음","없음","996456","1810418","127.4605324","36.29106225"
"2018","2018032322","40","야","금","1","1","0","0","0","전북","전주시","차대사람","횡단중","횡단중","운전자법규위반","안전운전 의무 불이행","교차로","교차로부근","화물차","화물차","보행자","보행자","967586","1755859","127.1412649","35.79863641"
"2018","2018062513","40","주","월","1","1","0","0","0","전북","전주시","차대사람","기타","기타","운전자법규위반","안전운전 의무 불이행","단일로","기타단일로","화물차","화물차","보행자","보행자","968226","1758591","127.1482393","35.82328921"
"2018","2018010420","05","야","목","1","1","0","0","0","전북","전주시","차대사람","횡단중","횡단중","운전자법규위반","과속","교차로","교차로횡단보도내","승용차","승용차","보행자","보행자","964977.4","1756265.1","127.1123776","35.80220822"
"2018","2018101301","55","야","토","1","1","0","0","0","전북","전주시","차량단독","기타","기타","운전자법규위반","안전운전 의무 불이행","단일로","기타단일로","이륜차","이륜차","없음","없음","964718","1760705","127.1093106","35.84222908"
"2018","2018070416","30","주","수","1","1","0","0","0","전북","전주시","차대차","측면충돌","측면충돌","운전자법규위반","신호위반","교차로","교차로내","이륜차","이륜차","승용차","승용차","966533.6","1760390.2","127.1294281","35.83945452"
"2018","2018120919","40","야","일","1","1","0","0","0","전북","군산시","차대사람","횡단중","횡단중","운전자법규위반","과속","교차로","교차로횡단보도내","승용차","승용차","보행자","보행자","928794","1777435","126.7100391","35.99110206"
"2018","2018010407","20","주","목","1","1","0","0","0","전북","군산시","차대사람","횡단중","횡단중","운전자법규위반","안전운전 의무 불이행","단일로","기타단일로","승용차","승용차","보행자","보행자","930266.8","1775325.6","126.7265626","35.97219198"
"2018","2018060121","12","야","금","1","1","0","0","0","전북","군산시","차량단독","기타","기타","운전자법규위반","안전운전 의무 불이행","단일로","기타단일로","이륜차","이륜차","없음","없음","926581","1772080","126.6859859","35.94266214"
"2018","2018122407","17","주","월","1","1","0","0","0","전북","익산시","차대차","측면충돌","측면충돌","운전자법규위반","직진 및 우회전차의 통행방해","교차로","교차로내","자전거","자전거","승용차","승용차","951178.5","1772958.6","126.9586366","35.95212289"
"2018","2018102920","06","야","월","1","1","0","0","0","전북","익산시","차대사람","기타","기타","운전자법규위반","안전운전 의무 불이행","단일로","기타단일로","화물차","화물차","보행자","보행자","951656.4","1775161.4","126.9638014","35.97200625"
"2018","2018051018","00","야","목","1","1","0","0","0","전북","익산시","차량단독","전도","전도","운전자법규위반","안전운전 의무 불이행","교차로","교차로내","화물차","화물차","없음","없음","952605.2","1785420.6","126.9737099","36.06454499"
"2018","2018060120","30","야","금","1","4","2","1","0","전북","정읍시","차대차","정면충돌","정면충돌","운전자법규위반","중앙선 침범","단일로","기타단일로","승용차","승용차","승용차","승용차","943379.2","1727376.3","126.8753764","35.54074141"
"2018","2018111210","30","주","월","1","1","0","0","0","전북","정읍시","차량단독","전도","전도","운전자법규위반","안전운전 의무 불이행","단일로","기타단일로","자전거","자전거","없음","없음","941737.2","1745842.9","126.8559295","35.70713998"
"2018","2018013120","10","야","수","1","1","0","0","0","전북","김제시","차대사람","횡단중","횡단중","운전자법규위반","안전운전 의무 불이행","단일로","기타단일로","승합차","승합차","보행자","보행자","935871.5","1757336","126.7901711","35.81039289"
"2018","2018042702","10","야","금","1","1","0","0","0","전북","김제시","차대차","추돌","추돌","운전자법규위반","안전운전 의무 불이행","단일로","기타단일로","승용차","승용차","농기계","농기계","959337","1755315.9","127.0500008","35.79343279"
"2018","2018091311","30","주","목","1","2","0","1","0","전북","김제시","차대차","측면충돌","측면충돌","운전자법규위반","직진 및 우회전차의 통행방해","교차로","교차로내","이륜차","이륜차","화물차","화물차","950351.4","1747799.5","126.9510306","35.72525249"
"2018","2018111606","35","주","금","1","1","0","0","0","전북","남원시","차대차","기타","기타","운전자법규위반","중앙선 침범","단일로","기타단일로","건설기계","건설기계","자전거","자전거","981650.5","1702511.6","127.2981293","35.31799053"
"2018","2018012210","20","주","월","1","1","0","0","0","전북","남원시","차대차","추돌","추돌","운전자법규위반","안전운전 의무 불이행","단일로","기타단일로","이륜차","이륜차","화물차","화물차","984015.9","1705080.5","127.3241018","35.34119471"
"2018","2018112118","05","야","수","1","1","0","0","0","전북","고창군","차대사람","차도통행중","차도통행중","운전자법규위반","안전운전 의무 불이행","단일로","기타단일로","승용차","승용차","보행자","보행자","917764","1704732","126.5951113","35.33479357"
"2018","2018102718","15","야","토","2","2","0","0","0","전북","고창군","차대차","추돌","추돌","운전자법규위반","안전운전 의무 불이행","단일로","기타단일로","화물차","화물차","농기계","농기계","910408","1719081.8","126.5126032","35.46353136"
"2018","2018090419","10","야","화","1","1","0","0","0","전북","고창군","차대사람","기타","기타","운전자법규위반","안전운전 의무 불이행","교차로","교차로내","승합차","승합차","보행자","보행자","914012","1725764","126.5516103","35.52409288"
"2018","2018092521","20","야","화","1","1","0","0","0","전북","부안군","차대사람","차도통행중","차도통행중","운전자법규위반","안전운전 의무 불이행","단일로","기타단일로","승용차","승용차","보행자","보행자","930677.1","1749807.8","126.7333314","35.7421694"
"2018","2018022307","45","주","금","1","4","1","2","0","전북","진안군","차대차","측면충돌","측면충돌","운전자법규위반","안전운전 의무 불이행","단일로","기타단일로","승용차","승용차","승용차","승용차","991458","1760719","127.4054105","35.84295316"
"2018","2018062417","08","주","일","1","1","0","0","0","전북","순창군","차대차","측면충돌","측면충돌","운전자법규위반","안전운전 의무 불이행","단일로","기타단일로","화물차","화물차","자전거","자전거","975624.3","1714519.4","127.2314747","35.42613346"
"2018","2018011920","00","야","금","1","1","0","0","0","전북","무주군","차대사람","횡단중","횡단중","운전자법규위반","과속","단일로","지하차도(도로)내","승용차","승용차","보행자","보행자","1026923.6","1777843.2","127.7987158","35.99701136"
"2018","2018071119","32","야","수","1","2","1","0","0","전북","완주군","차대차","추돌","추돌","운전자법규위반","안전운전 의무 불이행","교차로","교차로부근","승용차","승용차","원동기장치자전거","원동기장치자전거","968658.4","1772790.2","127.1524672","35.95132237"
"2018","2018020212","10","주","금","1","1","0","0","0","전북","완주군","차량단독","전도","전도","운전자법규위반","안전운전 의무 불이행","단일로","기타단일로","특수차","특수차","없음","없음","970599.7","1765046.4","127.1742795","35.88156526"
"2018","2018050700","40","야","월","1","1","0","0","0","충남","당진시","차대차","추돌","추돌","운전자법규위반","안전운전 의무 불이행","단일로","교량위","승합차","승합차","승용차","승용차","920595","1872256","126.6093813","36.84520722"
"2018","2018071800","30","야","수","1","1","0","0","0","전북","부안군","차대차","추돌","추돌","운전자법규위반","안전운전 의무 불이행","단일로","기타단일로","화물차","화물차","화물차","화물차","927133","1734775","126.6955005","35.60638443"
"2018","2018011223","15","야","금","1","4","1","1","1","충남","당진시","차대차","추돌","추돌","운전자법규위반","안전운전 의무 불이행","단일로","기타단일로","승용차","승용차","건설기계","건설기계","923638","1873959","126.6433373","36.86080824"
"2018","2018091413","40","주","금","1","1","0","0","0","전남","목포시","차량단독","기타","기타","운전자법규위반","기타(운전자법규위반)","단일로","기타단일로","승용차","승용차","없음","없음","901899","1645347","126.4275914","34.79796071"
"2018","2018121420","54","야","금","1","1","0","0","0","전남","목포시","차대사람","기타","기타","운전자법규위반","안전운전 의무 불이행","단일로","기타단일로","승용차","승용차","보행자","보행자","898466.2","1645573.6","126.3900439","34.79966733"
"2018","2018010721","08","야","일","1","1","0","0","0","전남","목포시","차대사람","횡단중","횡단중","운전자법규위반","안전운전 의무 불이행","교차로","교차로횡단보도내","승용차","승용차","보행자","보행자","899340","1646930","126.399432","34.81198345"
"2018","2018101204","45","야","금","1","1","0","0","0","전남","여수시","차량단독","공작물충돌","공작물충돌","운전자법규위반","안전운전 의무 불이행","단일로","기타단일로","승합차","승합차","없음","없음","1019121","1643253","127.7089926","34.78362318"
"2018","2018102306","40","주","화","1","1","0","0","0","전남","여수시","차대사람","횡단중","횡단중","운전자법규위반","과속","단일로","기타단일로","승용차","승용차","보행자","보행자","1012367.2","1644486.9","127.6351919","34.79485451"
"2018","2018100912","35","주","화","1","1","0","0","0","전남","나주시","차량단독","도로이탈","도로이탈 추락","운전자법규위반","안전운전 의무 불이행","교차로","교차로부근","사륜오토바이(ATV)","사륜오토바이(ATV)","없음","없음","918028.6","1669794.9","126.6014955","35.0198203"
"2018","2018102012","25","주","토","1","1","0","0","0","전남","나주시","차량단독","전도","전도","운전자법규위반","안전운전 의무 불이행","교차로","교차로부근","농기계","농기계","없음","없음","925539.2","1677343.7","126.6831354","35.08846516"
"2018","2018123106","55","주","월","1","1","0","0","0","전남","나주시","차대사람","횡단중","횡단중","운전자법규위반","과속","교차로","교차로부근","승용차","승용차","보행자","보행자","933906","1669917","126.7755073","35.02208489"
"2018","2018052020","08","야","일","1","2","0","1","0","전남","나주시","차대차","추돌","추돌","운전자법규위반","과속","단일로","기타단일로","승용차","승용차","농기계","농기계","919069.6","1660908.3","126.6137687","34.9397792"
"2018","2018020702","19","야","수","1","2","0","1","0","전남","나주시","차량단독","전도","전도","운전자법규위반","안전운전 의무 불이행","단일로","기타단일로","승용차","승용차","없음","없음","928006.6","1674761.9","126.7104257","35.06536576"
"2018","2018031515","57","주","목","1","2","1","0","0","전남","고흥군","차대차","정면충돌","정면충돌","운전자법규위반","중앙선 침범","단일로","기타단일로","승용차","승용차","화물차","화물차","993178","1614050","127.4256708","34.52042853"
"2018","2018062508","10","주","월","2","3","1","0","0","전남","고흥군","차대차","정면충돌","정면충돌","운전자법규위반","중앙선 침범","단일로","기타단일로","승용차","승용차","화물차","화물차","974633","1615153","127.2235818","34.53008536"
"2018","2018122111","30","주","금","1","1","0","0","0","전남","해남군","차량단독","기타","기타","운전자법규위반","안전운전 의무 불이행","단일로","기타단일로","화물차","화물차","없음","없음","903420","1628439","126.4461523","34.64565811"
"2018","2018090822","00","야","토","1","1","0","0","0","전남","해남군","차대사람","횡단중","횡단중","운전자법규위반","안전운전 의무 불이행","단일로","기타단일로","승용차","승용차","보행자","보행자","890949","1621190","126.3110298","34.57904884"
"2018","2018081818","40","야","토","1","1","0","0","0","전남","해남군","차량단독","도로이탈","도로이탈 추락","운전자법규위반","안전운전 의무 불이행","단일로","기타단일로","이륜차","이륜차","없음","없음","924063","1619529","126.6721758","34.56705444"
"2018","2018051611","35","주","수","1","1","0","0","0","전남","보성군","차대사람","차도통행중","차도통행중","운전자법규위반","안전운전 의무 불이행","단일로","기타단일로","승용차","승용차","보행자","보행자","968658","1641908","127.1574837","34.77119188"
"2018","2018111414","30","주","수","1","1","0","0","0","전남","보성군","차량단독","전도","전도","운전자법규위반","안전운전 의무 불이행","단일로","기타단일로","사륜오토바이(ATV)","사륜오토바이(ATV)","없음","없음","965182.4","1659831.7","127.118757","34.93270539"
"2018","2018091719","10","야","월","1","1","0","0","0","전남","영광군","차대사람","차도통행중","차도통행중","운전자법규위반","안전운전 의무 불이행","단일로","기타단일로","화물차","화물차","보행자","보행자","911382","1691448","126.5263297","35.21448268"
"2018","2018081506","24","주","수","1","1","0","0","0","전남","영광군","차대차","기타","기타","운전자법규위반","안전운전 의무 불이행","단일로","기타단일로","화물차","화물차","불명","불명","903739","1711136","126.4400537","35.39127437"
"2018","2018060711","30","주","목","1","1","0","0","0","전남","화순군","차량단독","공작물충돌","공작물충돌","운전자법규위반","안전운전 의무 불이행","단일로","기타단일로","승용차","승용차","없음","없음","964759","1674257","127.1135099","35.06276714"
"2018","2018071923","39","야","목","1","2","1","0","0","전남","화순군","차량단독","기타","기타","운전자법규위반","안전운전 의무 불이행","단일로","기타단일로","원동기장치자전거","원동기장치자전거","없음","없음","954833","1675553","127.0045835","35.07405749"
"2018","2018042608","45","주","목","1","1","0","0","0","전남","함평군","차량단독","공작물충돌","공작물충돌","운전자법규위반","안전운전 의무 불이행","단일로","기타단일로","승용차","승용차","없음","없음","916310","1674245","126.5822112","35.05980247"
"2018","2018102007","00","주","토","1","1","0","0","0","전남","영암군","차대사람","횡단중","횡단중","운전자법규위반","보행자 보호의무 위반","단일로","기타단일로","화물차","화물차","보행자","보행자","910249.4","1638051.7","126.519641","34.73295298"
"2018","2018012311","00","주","화","1","1","0","0","0","전남","영암군","차대차","기타","기타","운전자법규위반","안전운전 의무 불이행","교차로","교차로내","화물차","화물차","원동기장치자전거","원동기장치자전거","926787.4","1645679.9","126.6996069","34.80305565"
"2018","2018072810","10","주","토","1","1","0","0","0","전남","장성군","차대차","정면충돌","정면충돌","운전자법규위반","중앙선 침범","단일로","기타단일로","이륜차","이륜차","건설기계","건설기계","920952.4","1700557.2","126.6305943","35.29741137"
"2018","2018111316","10","주","화","1","1","0","0","0","전남","강진군","차량단독","공작물충돌","공작물충돌","운전자법규위반","안전운전 의무 불이행","단일로","기타단일로","사륜오토바이(ATV)","사륜오토바이(ATV)","없음","없음","928171","1634649","126.7156728","34.70368901"
"2018","2018103016","40","주","화","1","1","0","0","0","전남","담양군","차대차","측면충돌","측면충돌","운전자법규위반","안전운전 의무 불이행","교차로","교차로내","화물차","화물차","이륜차","이륜차","952062","1692445","126.97321","35.22624193"
"2018","2018092317","30","주","일","1","1","0","0","0","전남","담양군","차량단독","기타","기타","운전자법규위반","안전운전 의무 불이행","단일로","기타단일로","자전거","자전거","없음","없음","952752.3","1703398.2","126.9801648","35.32503597"
"2018","2018110707","00","주","수","1","2","1","0","0","전남","완도군","차대차","측면충돌","측면충돌","운전자법규위반","신호위반","단일로","기타단일로","승용차","승용차","화물차","화물차","933489.2","1595896.5","126.7767674","34.35460151"
"2018","2018022209","40","주","목","1","1","0","0","0","전남","무안군","차대사람","횡단중","횡단중","운전자법규위반","안전운전 의무 불이행","단일로","기타단일로","승용차","승용차","보행자","보행자","906261.1","1647129.9","126.4750706","34.81444666"
"2018","2018091310","45","주","목","1","1","0","0","0","전남","진도군","차대차","기타","기타","운전자법규위반","교차로 통행방법 위반","교차로","교차로내","사륜오토바이(ATV)","사륜오토바이(ATV)","화물차","화물차","887557.4","1601057.3","126.2767125","34.39716391"
"2018","2018082204","45","야","수","1","1","0","0","0","전남","광양시","차대차","측면충돌","측면충돌","운전자법규위반","중앙선 침범","단일로","기타단일로","승용차","승용차","특수차","특수차","1019599","1659686","127.7146016","34.93180015"
"2018","2018080223","45","야","목","1","2","1","0","0","전남","구례군","차량단독","공작물충돌","공작물충돌","운전자법규위반","안전운전 의무 불이행","교차로","교차로내","승용차","승용차","없음","없음","996783","1691187","127.4646527","35.21603947"
"2018","2018020812","48","주","목","1","1","0","0","0","전북","익산시","차량단독","공작물충돌","공작물충돌","운전자법규위반","안전운전 의무 불이행","단일로","기타단일로","화물차","화물차","없음","없음","962124","1770220","127.0801344","35.92791831"
"2018","2018031719","48","야","토","1","1","0","0","0","경북","경주시","차대사람","기타","기타","운전자법규위반","안전운전 의무 불이행","단일로","기타단일로","승용차","승용차","보행자","보행자","1154166","1762182","129.2070952","35.84405336"
"2018","2018050719","00","야","월","1","1","0","0","0","경북","경주시","차대차","측면충돌","측면충돌","운전자법규위반","안전운전 의무 불이행","단일로","기타단일로","원동기장치자전거","원동기장치자전거","승합차","승합차","1155593","1781179","129.2266094","36.01502796"
"2018","2018082020","50","야","월","1","2","1","0","0","경북","포항시","차대차","정면충돌","정면충돌","운전자법규위반","중앙선 침범","단일로","기타단일로","승용차","승용차","화물차","화물차","1164364","1784619","129.3246126","36.04458645"
"2018","2018090305","40","야","월","1","1","0","0","0","경북","안동시","차대사람","횡단중","횡단중","운전자법규위반","신호위반","교차로","교차로내","승용차","승용차","보행자","보행자","1106765","1841674","128.6931706","36.5668796"
"2018","2018011119","30","야","목","1","1","0","0","0","경북","김천시","차대차","추돌","추돌","운전자법규위반","안전운전 의무 불이행","단일로","기타단일로","승용차","승용차","이륜차","이륜차","1047588","1793604","128.0289297","36.13831223"
"2018","2018112016","35","주","화","1","1","0","0","0","경북","김천시","차량단독","전도","전도","운전자법규위반","안전운전 의무 불이행","교차로","교차로부근","농기계","농기계","없음","없음","1047525","1791390","128.0280957","36.1183553"
"2018","2018120211","00","주","일","1","1","0","0","0","경북","김천시","차대사람","횡단중","횡단중","운전자법규위반","교차로 통행방법 위반","교차로","교차로내","화물차","화물차","보행자","보행자","1056511","1791754","128.1279689","36.12115508"
"2018","2018050817","00","주","화","1","1","0","0","0","경북","상주시","차대사람","횡단중","횡단중","운전자법규위반","안전운전 의무 불이행","단일로","기타단일로","화물차","화물차","보행자","보행자","1037610","1840382","127.92029","36.56046247"
"2018","2018100508","52","주","금","1","1","0","0","0","경북","상주시","차량단독","도로이탈","도로이탈 추락","운전자법규위반","안전운전 의무 불이행","단일로","기타단일로","승용차","승용차","없음","없음","1060873","1820640","128.1786863","36.38129655"
"2018","2018082503","40","야","토","1","2","1","0","0","경북","의성군","차대차","추돌","추돌","운전자법규위반","안전운전 의무 불이행","단일로","교량위","승용차","승용차","농기계","농기계","1104534","1826401","128.6661761","36.42946614"
"2018","2018101017","10","주","수","1","1","0","0","0","경북","의성군","차대차","측면충돌","측면충돌","운전자법규위반","안전운전 의무 불이행","단일로","기타단일로","이륜차","이륜차","화물차","화물차","1111290","1804395","128.7383869","36.23035891"
"2018","2018101112","30","주","목","1","3","2","0","0","경북","의성군","차대차","정면충돌","정면충돌","운전자법규위반","중앙선 침범","기타","기타","이륜차","이륜차","승용차","승용차","1105680","1803227","128.6758158","36.22046069"
"2018","2018080323","15","야","금","1","1","0","0","0","경북","영주시","차대사람","기타","기타","운전자법규위반","안전운전 의무 불이행","단일로","기타단일로","승용차","승용차","보행자","보행자","1099320.5","1868749","128.6135013","36.81171555"
"2018","2018081711","03","주","금","1","1","0","0","0","경북","영천시","차량단독","공작물충돌","공작물충돌","운전자법규위반","안전운전 의무 불이행","단일로","기타단일로","건설기계","건설기계","없음","없음","1129402","1796793","128.9386219","36.15958821"
"2018","2018011721","30","야","수","1","1","0","0","0","경북","문경시","차대사람","길가장자리구역통행중","길가장자리구역통행중","운전자법규위반","안전운전 의무 불이행","단일로","기타단일로","승용차","승용차","보행자","보행자","1073108","1862928","128.3191014","36.76163459"
"2018","2018100904","35","야","화","1","1","0","0","0","경북","문경시","차대차","추돌","추돌","운전자법규위반","안전운전 의무 불이행","단일로","기타단일로","승용차","승용차","화물차","화물차","1061586","1844487","128.1885352","36.59622122"
"2018","2018082914","25","주","수","2","2","0","0","0","경북","경산시","차량단독","기타","기타","운전자법규위반","안전운전 의무 불이행","단일로","기타단일로","화물차","화물차","없음","없음","1124718","1752155","128.8795457","35.75786359"
"2018","2018122315","20","주","일","1","1","0","0","0","경북","경산시","차대차","측면충돌","측면충돌","운전자법규위반","중앙선 침범","단일로","기타단일로","화물차","화물차","이륜차","이륜차","1116721","1764921","128.7929738","35.87391721"
"2018","2018040521","31","야","목","1","1","0","0","0","경북","경산시","차대사람","횡단중","횡단중","운전자법규위반","보행자 보호의무 위반","단일로","기타단일로","승용차","승용차","보행자","보행자","1111129","1758938","128.7302084","35.82063665"
"2018","2018011119","14","야","목","1","4","1","2","0","경북","경산시","차대차","기타","기타","운전자법규위반","안전운전 의무 불이행","단일로","기타단일로","승용차","승용차","승용차","승용차","1120176","1765060","128.8312583","35.87475211"
"2018","2018022415","15","주","토","1","1","0","0","0","경북","경산시","차량단독","공작물충돌","공작물충돌","운전자법규위반","안전운전 의무 불이행","단일로","기타단일로","화물차","화물차","없음","없음","1115559","1754020","128.7785276","35.77579395"
"2018","2018092318","54","야","일","1","1","0","0","0","경북","영덕군","차대사람","횡단중","횡단중","운전자법규위반","안전운전 의무 불이행","교차로","교차로내","화물차","화물차","보행자","보행자","1168585","1819723","129.3789951","36.36017936"
"2018","2018042805","55","야","토","1","1","0","0","0","경북","영덕군","차대차","정면충돌","정면충돌","운전자법규위반","안전운전 의무 불이행","교차로","교차로내","이륜차","이륜차","승용차","승용차","1168712","1819433","129.380347","36.35754404"
"2018","2018102611","40","주","금","1","1","0","0","0","경북","영덕군","차대차","기타","기타","운전자법규위반","중앙선 침범","단일로","기타단일로","자전거","자전거","승용차","승용차","1165811","1839844","129.3523989","36.54196278"
"2018","2018032611","09","주","월","1","1","0","0","0","경북","영덕군","차대차","측면충돌","측면충돌","운전자법규위반","안전운전 의무 불이행","교차로","교차로내","승용차","승용차","건설기계","건설기계","1168419","1825763","129.378455","36.41463189"
"2018","2018102623","50","야","금","1","2","1","0","0","경북","예천군","차대사람","기타","기타","운전자법규위반","과속","단일로","기타단일로","승용차","승용차","보행자","보행자","1087484","1848689","128.4785223","36.63207258"
"2018","2018112516","10","주","일","1","3","2","0","0","경북","예천군","차대차","측면충돌","측면충돌","운전자법규위반","안전운전 의무 불이행","교차로","교차로내","화물차","화물차","화물차","화물차","1082432","1854239","128.4226185","36.68254974"
"2018","2018121721","00","야","월","1","1","0","0","0","경북","청도군","차량단독","도로이탈","도로이탈 추락","운전자법규위반","안전운전 의무 불이행","단일로","기타단일로","이륜차","이륜차","없음","없음","1132251","1758537","128.9639016","35.81440221"
"2018","2018072720","20","야","금","1","1","0","0","0","경북","청도군","차대사람","기타","기타","운전자법규위반","안전운전 의무 불이행","단일로","기타단일로","승용차","승용차","보행자","보행자","1112923","1738889","128.7472427","35.63970601"
"2018","2018050421","50","야","금","1","1","0","0","0","경북","성주군","차량단독","전도","전도","운전자법규위반","안전운전 의무 불이행","단일로","기타단일로","이륜차","이륜차","없음","없음","1068285","1778882","128.2576826","36.00435599"
"2018","2018052420","20","야","목","1","1","0","0","0","경북","성주군","차대차","정면충돌","정면충돌","운전자법규위반","중앙선 침범","단일로","기타단일로","원동기장치자전거","원동기장치자전거","화물차","화물차","1080514","1770099","128.3924691","35.92424432"
"2018","2018111015","20","주","토","1","1","0","0","0","경북","성주군","차량단독","도로이탈","도로이탈 기타","운전자법규위반","안전운전 의무 불이행","교차로","교차로부근","화물차","화물차","없음","없음","1063029","1774832","128.1990446","35.96819826"
"2018","2018111917","35","주","월","1","1","0","0","0","경북","성주군","차대사람","횡단중","횡단중","운전자법규위반","안전운전 의무 불이행","단일로","기타단일로","승용차","승용차","보행자","보행자","1074782","1769002","128.3288349","35.91481022"
"2018","2018050620","26","야","일","1","9","3","5","0","경북","고령군","차대차","정면충돌","정면충돌","운전자법규위반","중앙선 침범","단일로","기타단일로","승용차","승용차","승용차","승용차","1064769","1739830","128.2155049","35.652523"
"2018","2018100823","10","야","월","1","1","0","0","0","경북","구미시","차대사람","횡단중","횡단중","운전자법규위반","과속","단일로","기타단일로","승용차","승용차","보행자","보행자","1083015","1793643","128.4226606","36.13627785"
"2018","2018051923","02","야","토","2","4","0","2","0","경북","구미시","차대사람","횡단중","횡단중","운전자법규위반","안전운전 의무 불이행","단일로","기타단일로","승합차","승합차","보행자","보행자","1077006","1791936","128.3557142","36.12138552"
"2018","2018071019","43","야","화","1","1","0","0","0","경북","구미시","차대차","측면충돌","측면충돌","운전자법규위반","안전운전 의무 불이행","교차로","교차로부근","화물차","화물차","자전거","자전거","1077375","1788950","128.3595208","36.09443808"
"2018","2018050810","08","주","화","1","1","0","0","0","경북","구미시","차대차","기타","기타","운전자법규위반","안전운전 의무 불이행","단일로","교량위","건설기계","건설기계","원동기장치자전거","원동기장치자전거","1077070","1792511","128.3564816","36.12656392"
"2018","2018030304","33","야","토","1","1","0","0","0","경북","포항시","차량단독","기타","기타","운전자법규위반","안전운전 의무 불이행","단일로","기타단일로","이륜차","이륜차","없음","없음","1173279","1778940","129.422286","35.99186732"
"2018","2018101408","14","주","일","1","2","0","1","0","경북","포항시","차대사람","횡단중","횡단중","운전자법규위반","신호위반","교차로","교차로내","승용차","승용차","보행자","보행자","1165465","1780616","129.3359918","36.00832778"
"2018","2018102004","20","야","토","1","1","0","0","0","경북","포항시","차대차","기타","기타","운전자법규위반","신호위반","교차로","교차로횡단보도내","승용차","승용차","화물차","화물차","1169219","1780497","129.3776007","36.00661074"
"2018","2018071300","02","야","금","1","6","0","4","1","대구","달성군","차대차","기타","기타","운전자법규위반","기타(운전자법규위반)","단일로","기타단일로","불명","불명","화물차","화물차","1086941","1771597","128.4638653","35.93719777"
"2018","2018061701","36","야","일","1","4","1","2","0","경북","고령군","차량단독","기타","기타","운전자법규위반","안전운전 의무 불이행","단일로","기타단일로","승용차","승용차","없음","없음","1071026","1746421","128.2852026","35.71151419"
"2018","2018031817","00","주","일","1","3","1","1","0","경북","청도군","차대차","측면충돌","측면충돌","운전자법규위반","안전운전 의무 불이행","단일로","기타단일로","화물차","화물차","화물차","화물차","1115109","1732259","128.7704366","35.57968876"
"2018","2018042102","05","야","토","1","1","0","0","0","경북","김천시","차량단독","공작물충돌","공작물충돌","운전자법규위반","안전운전 의무 불이행","단일로","기타단일로","특수차","특수차","없음","없음","1068981.4","1795659.2","128.2668765","36.15555365"
"2018","2018042015","00","주","금","1","6","2","3","0","경북","구미시","차대차","추돌","추돌","운전자법규위반","안전운전 의무 불이행","단일로","기타단일로","화물차","화물차","승용차","승용차","1068050","1808059","128.2575996","36.26740168"
"2018","2018051410","37","주","월","1","1","0","0","0","경북","포항시","차대차","정면충돌","정면충돌","운전자법규위반","중앙선 침범","단일로","기타단일로","이륜차","이륜차","승용차","승용차","1152547","1788721","129.1942777","36.08347765"
"2018","2018101520","04","야","월","2","12","8","2","0","경북","상주시","차대차","추돌","추돌","운전자법규위반","안전운전 의무 불이행","단일로","기타단일로","화물차","화물차","승합차","승합차","1058066","1842440","128.1490292","36.57798943"
"2018","2018112622","50","야","월","1","1","0","0","0","경남","창원시(통합)","차대사람","횡단중","횡단중","운전자법규위반","신호위반","교차로","교차로내","승합차","승합차","보행자","보행자","1096361","1690170","128.5585827","35.20224674"
"2018","2018060904","31","야","토","1","2","0","1","0","경남","진주시","차대차","측면충돌","측면충돌","운전자법규위반","신호위반","교차로","교차로내","승용차","승용차","승용차","승용차","1053268","1688595","128.0851096","35.19125875"
"2018","2018070219","55","야","월","1","1","0","0","0","경남","진주시","차대사람","횡단중","횡단중","운전자법규위반","안전운전 의무 불이행","교차로","교차로내","승합차","승합차","보행자","보행자","1056170","1688077","128.116949","35.18642993"