"발생년","발생년월일시","발생분","주야","요일","사망자수","사상자수","중상자수","경상자수","부상신고자수","발생지시도","발생지시군구","사고유형_대분류","사고유형_중분류","사고유형","법규위반_대분류","법규위반","도로형태_대분류","도로형태","가해자_당사자종별_대분류","가해자_당사자종별","피해자_당사자종별_대분류","피해자_당사자종별","발생위치X_UTMK","발생위치Y_UTMK","경도","위도"
"2018","2018121704","45","야","월","1","2","1","0","0","경남","창원시(통합)","차대차","기타","기타","운전자법규위반","안전운전 의무 불이행","단일로","기타단일로","화물차","화물차","승용차","승용차","1114303","1680076","128.7542499","35.10936558"
"2018","2018111720","10","야","토","1","1","0","0","0","경남","창원시(통합)","차대사람","횡단중","횡단중","운전자법규위반","안전운전 의무 불이행","교차로","교차로내","이륜차","이륜차","보행자","보행자","1108472","1684926","128.6909153","35.15373481"
"2018","2018051511","20","주","화","1","1","0","0","0","경남","통영시","차대차","측면충돌","측면충돌","운전자법규위반","신호위반","교차로","교차로내","원동기장치자전거","원동기장치자전거","화물차","화물차","1085158","1650988","128.4315102","34.84998727"
"2018","2018080719","24","야","화","1","1","0","0","0","경남","사천시","차대사람","횡단중","횡단중","운전자법규위반","과속","교차로","교차로횡단보도내","승용차","승용차","보행자","보행자","1052935","1661663","128.0797322","34.94843393"
"2018","2018101222","20","야","금","1","1","0","0","0","경남","사천시","차대사람","횡단중","횡단중","운전자법규위반","보행자 보호의무 위반","교차로","교차로부근","승용차","승용차","보행자","보행자","1051957","1659556","128.0688906","34.92948558"
"2018","2018031412","35","주","수","1","1","0","0","0","경남","사천시","차대사람","기타","기타","운전자법규위반","안전운전 의무 불이행","단일로","기타단일로","승용차","승용차","보행자","보행자","1056993","1662128","128.124204","34.95240661"
"2018","2018122006","51","주","목","1","1","0","0","0","경남","밀양시","차대사람","길가장자리구역통행중","길가장자리구역통행중","운전자법규위반","안전운전 의무 불이행","단일로","기타단일로","승용차","승용차","보행자","보행자","1115189","1715026","128.7688734","35.42433308"
"2018","2018050416","55","주","금","1","1","0","0","0","경남","밀양시","차대사람","길가장자리구역통행중","길가장자리구역통행중","운전자법규위반","안전운전 의무 불이행","단일로","기타단일로","화물차","화물차","보행자","보행자","1117081","1723979","128.7909994","35.50481873"
"2018","2018071711","05","주","화","1","1","0","0","0","경남","거창군","차대사람","차도통행중","차도통행중","운전자법규위반","안전운전 의무 불이행","단일로","기타단일로","화물차","화물차","보행자","보행자","1046953","1742394","128.0188492","35.67664866"
"2018","2018112009","50","주","화","1","1","0","0","0","경남","거창군","차대차","측면충돌","측면충돌","운전자법규위반","직진 및 우회전차의 통행방해","교차로","교차로내","이륜차","이륜차","승용차","승용차","1037545","1746732","127.9150925","35.71616389"
"2018","2018090610","20","주","목","1","1","0","0","0","경남","합천군","차대사람","횡단중","횡단중","운전자법규위반","안전운전 의무 불이행","교차로","교차로횡단보도내","화물차","화물차","보행자","보행자","1060721","1730378","128.1700783","35.56756197"
"2018","2018080416","16","주","토","1","4","0","3","0","경남","창녕군","차량단독","공작물충돌","공작물충돌","운전자법규위반","안전운전 의무 불이행","단일로","기타단일로","승용차","승용차","없음","없음","1094122","1722650","128.5377284","35.49528086"
"2018","2018020519","20","야","월","1","1","0","0","0","경남","함양군","차대사람","길가장자리구역통행중","길가장자리구역통행중","운전자법규위반","안전운전 의무 불이행","단일로","기타단일로","승용차","승용차","보행자","보행자","1025597","1728141","127.7824085","35.54892337"
"2018","2018041719","15","야","화","1","1","0","0","0","경남","양산시","차량단독","공작물충돌","공작물충돌","운전자법규위반","안전운전 의무 불이행","교차로","교차로내","화물차","화물차","없음","없음","1143338","1719425","129.0796307","35.46032729"
"2018","2018032918","50","야","목","1","1","0","0","0","경남","고성군","차대사람","차도통행중","차도통행중","운전자법규위반","안전운전 의무 불이행","단일로","기타단일로","화물차","화물차","보행자","보행자","1075172","1665063","128.3235545","34.97768395"
"2018","2018041813","45","주","수","2","2","0","0","0","경남","고성군","차량단독","공작물충돌","공작물충돌","운전자법규위반","안전운전 의무 불이행","단일로","기타단일로","승용차","승용차","없음","없음","1078640","1667896","128.3618125","35.00296389"
"2018","2018101718","08","야","수","1","1","0","0","0","경남","고성군","차대사람","횡단중","횡단중","운전자법규위반","보행자 보호의무 위반","단일로","기타단일로","승용차","승용차","보행자","보행자","1077728","1670425","128.3520554","35.02583696"
"2018","2018121006","35","주","월","1","1","0","0","0","경남","고성군","차대사람","기타","기타","운전자법규위반","안전운전 의무 불이행","교차로","교차로내","화물차","화물차","보행자","보행자","1067949","1673349","128.2451058","35.05290684"
"2018","2018031211","50","주","월","1","1","0","0","0","경남","하동군","차대차","정면충돌","정면충돌","운전자법규위반","안전운전 의무 불이행","교차로","교차로부근","화물차","화물차","자전거","자전거","1034947","1687123","127.8838096","35.17879085"
"2018","2018062922","03","야","금","1","1","0","0","0","경남","하동군","차량단독","공작물충돌","공작물충돌","운전자법규위반","안전운전 의무 불이행","단일로","기타단일로","이륜차","이륜차","없음","없음","1025184","1677000","127.7762791","35.08780267"
"2018","2018041417","45","주","토","1","1","0","0","0","경남","거제시","차대차","기타","기타","운전자법규위반","안전운전 의무 불이행","단일로","기타단일로","승용차","승용차","이륜차","이륜차","1110208","1652606","128.7056876","34.8621676"
"2018","2018042708","14","주","금","1","1","0","0","0","경남","산청군","차량단독","도로이탈","도로이탈 추락","운전자법규위반","안전운전 의무 불이행","단일로","기타단일로","화물차","화물차","없음","없음","1038164","1711832","127.9202899","35.40146903"
"2018","2018072720","00","야","금","1","1","0","0","0","경남","산청군","차량단독","공작물충돌","공작물충돌","운전자법규위반","안전운전 의무 불이행","단일로","기타단일로","화물차","화물차","없음","없음","1038251","1711841","127.9212484","35.40154684"
"2018","2018031209","10","주","월","1","2","0","1","0","경남","산청군","차대차","추돌","추돌","운전자법규위반","안전운전 의무 불이행","단일로","기타단일로","승용차","승용차","농기계","농기계","1040072","1704796","127.9409565","35.33795314"
"2018","2018012021","45","야","토","1","1","0","0","0","경남","함안군","차량단독","공작물충돌","공작물충돌","운전자법규위반","안전운전 의무 불이행","단일로","기타단일로","승용차","승용차","없음","없음","1078636","1698204","128.3646535","35.27622741"
"2018","2018072622","15","야","목","1","1","0","0","0","경남","함안군","차대차","추돌","추돌","운전자법규위반","안전운전 의무 불이행","단일로","기타단일로","승용차","승용차","자전거","자전거","1090041","1710436","128.491389","35.38554498"
"2018","2018111520","05","야","목","1","1","0","0","0","경남","함안군","차대사람","차도통행중","차도통행중","운전자법규위반","안전운전 의무 불이행","단일로","기타단일로","승용차","승용차","보행자","보행자","1092078","1706451","128.513365","35.34943219"
"2018","2018041813","38","주","수","1","1","0","0","0","경남","의령군","차대차","측면충돌","측면충돌","운전자법규위반","교차로 통행방법 위반","교차로","교차로내","이륜차","이륜차","화물차","화물차","1084155","1712087","128.4267598","35.40094423"
"2018","2018021219","08","야","월","1","1","0","0","0","경남","창원시(통합)","차대사람","차도통행중","차도통행중","운전자법규위반","안전운전 의무 불이행","단일로","기타단일로","승용차","승용차","보행자","보행자","1107435","1694760","128.6808147","35.24250193"
"2018","2018062717","25","주","수","1","1","0","0","0","경남","창원시(통합)","차대차","측면충돌","측면충돌","운전자법규위반","안전운전 의무 불이행","교차로","교차로부근","원동기장치자전거","원동기장치자전거","승용차","승용차","1098119","1695099","128.5784803","35.2465138"
"2018","2018041512","50","주","일","1","1","0","0","0","경남","창원시(통합)","차대차","기타","기타","운전자법규위반","차로위반(진로변경 위반)","단일로","기타단일로","원동기장치자전거","원동기장치자전거","승용차","승용차","1097763","1692202","128.5742235","35.22043069"
"2018","2018081117","01","주","토","1","1","0","0","0","경남","창원시(통합)","차량단독","공작물충돌","공작물충돌","운전자법규위반","안전운전 의무 불이행","단일로","기타단일로","이륜차","이륜차","없음","없음","1102627","1707041","128.629517","35.35372212"
"2018","2018062905","35","야","금","1","1","0","0","0","경남","창원시(통합)","차대사람","기타","기타","운전자법규위반","보행자 보호의무 위반","교차로","교차로내","승용차","승용차","보행자","보행자","1100663","1706315","128.6078154","35.34737713"
"2018","2018073023","00","야","월","1","1","0","0","0","경남","창원시(통합)","차대사람","횡단중","횡단중","운전자법규위반","과속","단일로","기타단일로","승용차","승용차","보행자","보행자","1105939","1695126","128.6644225","35.24596079"
"2018","2018080123","45","야","수","1","1","0","0","0","경남","통영시","차대사람","기타","기타","운전자법규위반","안전운전 의무 불이행","단일로","기타단일로","승용차","승용차","보행자","보행자","1083757","1653585","128.4164467","34.8735195"
"2018","2018090216","50","주","일","2","6","0","4","0","경남","함안군","차대차","추돌","추돌","운전자법규위반","안전운전 의무 불이행","단일로","기타단일로","특수차","특수차","승용차","승용차","1091203","1699890","128.5030057","35.29036133"
"2018","2018020112","01","주","목","1","1","0","0","0","제주","서귀포시","차대사람","기타","기타","운전자법규위반","안전운전 의무 불이행","단일로","기타단일로","화물차","화물차","보행자","보행자","927115","1476714","126.7173129","33.27934493"
"2018","2018022506","34","주","일","1","1","0","0","0","제주","서귀포시","차대사람","횡단중","횡단중","운전자법규위반","중앙선 침범","단일로","기타단일로","승용차","승용차","보행자","보행자","929421","1477331","126.7420263","33.2850632"
"2018","2018112110","25","주","수","1","1","0","0","0","제주","서귀포시","차대차","추돌","추돌","운전자법규위반","안전운전 의무 불이행","단일로","기타단일로","승용차","승용차","이륜차","이륜차","888716","1476473","126.3050534","33.27389186"
"2018","2018090219","42","야","일","1","2","0","1","0","제주","서귀포시","차대차","측면충돌","측면충돌","운전자법규위반","과속","교차로","교차로내","이륜차","이륜차","승용차","승용차","926500","1477025","126.710684","33.28210812"
"2018","2018082201","18","야","수","1","1","0","0","0","제주","서귀포시","차량단독","기타","기타","운전자법규위반","안전운전 의무 불이행","기타","기타","사륜오토바이(ATV)","사륜오토바이(ATV)","없음","없음","942291","1488316","126.879532","33.38490686"
"2018","2018072922","50","야","일","1","1","0","0","0","제주","서귀포시","차대사람","기타","기타","운전자법규위반","안전운전 의무 불이행","교차로","교차로부근","승용차","승용차","보행자","보행자","887999","1471753","126.2979388","33.23125257"
"2018","2018071721","10","야","화","1","1","0","0","0","제주","제주시","차대사람","횡단중","횡단중","운전자법규위반","보행자 보호의무 위반","교차로","교차로횡단보도내","승용차","승용차","보행자","보행자","885811","1491300","126.2719908","33.4072952"
"2018","2018061817","25","주","월","1","1","0","0","0","제주","제주시","차량단독","기타","기타","운전자법규위반","안전운전 의무 불이행","단일로","기타단일로","화물차","화물차","없음","없음","888150","1492702","126.2969656","33.42018453"
"2018","2018101220","30","야","금","1","1","0","0","0","제주","제주시","차대차","기타","기타","운전자법규위반","중앙선 침범","단일로","기타단일로","이륜차","이륜차","승용차","승용차","902813","1497668","126.4541157","33.46639823"
"2018","2018022421","04","야","토","1","1","0","0","0","제주","제주시","차대사람","횡단중","횡단중","운전자법규위반","안전운전 의무 불이행","단일로","기타단일로","승합차","승합차","보행자","보행자","899311","1500053","126.4161667","33.48758265"
"2018","2018011812","35","주","목","1","1","0","0","0","제주","제주시","차대차","기타","기타","운전자법규위반","직진 및 우회전차의 통행방해","교차로","교차로내","승용차","승용차","이륜차","이륜차","883369","1481408","126.2470138","33.31782956"
"2018","2018010415","25","주","목","1","1","0","0","0","대구","남구","차대차","측면충돌","측면충돌","운전자법규위반","안전운전 의무 불이행","교차로","교차로내","화물차","화물차","원동기장치자전거","원동기장치자전거","1099018","1761803","128.5965172","35.84776062"
"2018","2018100414","39","주","목","1","1","0","0","0","대구","남구","차대차","측면충돌","측면충돌","운전자법규위반","안전운전 의무 불이행","교차로","교차로횡단보도내","승용차","승용차","자전거","자전거","1097556","1760993","128.5802307","35.84060546"
"2018","2018070306","45","주","화","1","1","0","0","0","대구","동구","차량단독","공작물충돌","공작물충돌","운전자법규위반","안전운전 의무 불이행","단일로","기타단일로","승용차","승용차","없음","없음","1101876","1775183","128.6298746","35.96807937"
"2018","2018010809","59","주","월","1","1","0","0","0","대구","동구","차대차","추돌","추돌","운전자법규위반","안전운전 의무 불이행","교차로","교차로내","승합차","승합차","자전거","자전거","1109962","1763873","128.7179722","35.86525293"
"2018","2018020121","50","야","목","1","1","0","0","0","대구","수성구","차대사람","횡단중","횡단중","운전자법규위반","안전운전 의무 불이행","교차로","교차로부근","화물차","화물차","보행자","보행자","1109929","1760491","128.7171408","35.83477085"
"2018","2018022712","14","주","화","1","1","0","0","0","대구","수성구","차량단독","공작물충돌","공작물충돌","운전자법규위반","안전운전 의무 불이행","단일로","기타단일로","이륜차","이륜차","없음","없음","1105904","1760346","128.672565","35.83390682"
"2018","2018021909","20","주","월","1","1","0","0","0","대구","달서구","차대사람","횡단중","횡단중","운전자법규위반","보행자 보호의무 위반","단일로","기타단일로","승용차","승용차","보행자","보행자","1092642","1757752","128.5254504","35.81186539"
"2018","2018101908","56","주","금","1","2","0","1","0","대구","달성군","차대사람","보도통행중","보도통행중","운전자법규위반","과속","단일로","기타단일로","화물차","화물차","보행자","보행자","1087865","1749896","128.4717189","35.74148312"
"2018","2018030310","10","주","토","1","1","0","0","0","대구","북구","차대차","측면충돌","측면충돌","운전자법규위반","안전운전 의무 불이행","단일로","기타단일로","건설기계","건설기계","자전거","자전거","1098336","1765575","128.5894313","35.88183204"
"2018","2018060710","15","주","목","1","1","0","0","0","대구","서구","차대사람","보도통행중","보도통행중","운전자법규위반","기타(운전자법규위반)","기타","기타","화물차","화물차","보행자","보행자","1095244.9","1764866.3","128.5551066","35.8757491"
"2018","2018101310","13","주","토","1","1","0","0","0","대구","서구","차대사람","기타","기타","운전자법규위반","안전운전 의무 불이행","교차로","교차로내","화물차","화물차","보행자","보행자","1096648","1765396","128.5707118","35.88038658"
"2018","2018112716","50","주","화","1","1","0","0","0","대구","서구","차대사람","기타","기타","운전자법규위반","안전운전 의무 불이행","교차로","교차로내","화물차","화물차","보행자","보행자","1095625","1771669","128.5601344","35.93703524"
"2018","2018051902","00","야","토","2","2","0","0","0","대구","북구","차대차","기타","기타","운전자법규위반","안전운전 의무 불이행","단일로","기타단일로","승용차","승용차","건설기계","건설기계","1095127.5","1772406.2","128.5547081","35.94372931"
"2018","2018071422","18","야","토","1","3","0","2","0","대구","북구","차대차","추돌","추돌","운전자법규위반","안전운전 의무 불이행","교차로","교차로부근","승합차","승합차","화물차","화물차","1099117","1770683","128.5987187","35.92779895"
"2018","2018112706","30","주","화","1","2","1","0","0","인천","중구","차대차","추돌","추돌","운전자법규위반","안전운전 의무 불이행","단일로","기타단일로","화물차","화물차","건설기계","건설기계","913087","1942042","126.5170705","37.47351858"
"2018","2018091917","00","주","수","1","1","0","0","0","인천","중구","차대차","측면충돌","측면충돌","운전자법규위반","안전운전 의무 불이행","단일로","기타단일로","화물차","화물차","이륜차","이륜차","915453","1944246","126.5435718","37.49360153"
"2018","2018072416","00","주","화","1","3","0","2","0","인천","중구","차대차","추돌","추돌","운전자법규위반","안전운전 의무 불이행","단일로","기타단일로","화물차","화물차","화물차","화물차","909860","1944226","126.480313","37.49289215"
"2018","2018091405","50","야","금","1","1","0","0","0","인천","중구","차대사람","횡단중","횡단중","운전자법규위반","과속","교차로","교차로횡단보도내","승용차","승용차","보행자","보행자","916636","1943951","126.5569861","37.49105043"
"2018","2018042606","57","주","목","1","1","0","0","0","인천","중구","차대차","정면충돌","정면충돌","운전자법규위반","신호위반","교차로","교차로횡단보도내","특수차","특수차","자전거","자전거","921279","1939884","126.6099366","37.45480366"
"2018","2018052823","21","야","월","1","2","0","1","0","인천","중구","차대사람","기타","기타","운전자법규위반","과속","교차로","교차로내","승용차","승용차","보행자","보행자","910771","1944494","126.4905845","37.49539593"
"2018","2018073009","15","주","월","1","1","0","0","0","인천","남구","차대사람","횡단중","횡단중","운전자법규위반","안전운전 의무 불이행","교차로","교차로부근","승용차","승용차","보행자","보행자","925330","1939971","126.6557259","37.45592385"
"2018","2018020705","53","야","수","1","1","0","0","0","인천","남구","차대사람","횡단중","횡단중","운전자법규위반","안전운전 의무 불이행","기타","기타","승용차","승용차","보행자","보행자","927079","1940876","126.67541","37.46422004"
"2018","2018012400","15","야","수","1","1","0","0","0","인천","부평구","차대사람","기타","기타","운전자법규위반","안전운전 의무 불이행","단일로","기타단일로","승용차","승용차","보행자","보행자","931657","1943408","126.7269384","37.48739054"
"2018","2018011202","50","야","금","1","1","0","0","0","인천","부평구","차대사람","횡단중","횡단중","운전자법규위반","안전운전 의무 불이행","단일로","기타단일로","승용차","승용차","보행자","보행자","931900","1943720","126.729658","37.49022051"
"2018","2018091600","55","야","일","1","1","0","0","0","인천","남동구","차대사람","차도통행중","차도통행중","운전자법규위반","안전운전 의무 불이행","기타","기타","승용차","승용차","보행자","보행자","929259","1938694","126.7002686","37.44472343"
"2018","2018072900","45","야","일","1","1","0","0","0","인천","남구","차대사람","기타","기타","운전자법규위반","안전운전 의무 불이행","단일로","기타단일로","승용차","승용차","보행자","보행자","929106","1938298","126.6985771","37.44114262"
"2018","2018032603","00","야","월","1","1","0","0","0","인천","서구","차대차","추돌","추돌","운전자법규위반","안전운전 의무 불이행","단일로","기타단일로","승용차","승용차","건설기계","건설기계","927910","1950595","126.6838528","37.55188004"
"2018","2018022406","40","주","토","1","1","0","0","0","인천","계양구","차대사람","차도통행중","차도통행중","운전자법규위반","안전운전 의무 불이행","교차로","교차로내","승합차","승합차","보행자","보행자","930861","1948219","126.7174827","37.53069192"
"2018","2018081917","40","주","일","2","5","0","3","0","인천","계양구","차대차","정면충돌","정면충돌","운전자법규위반","안전운전 의무 불이행","교차로","교차로내","승용차","승용차","이륜차","이륜차","933157","1947635","126.74352","37.52559774"
"2018","2018043017","35","주","월","1","1","0","0","0","인천","연수구","차대차","측면충돌","측면충돌","운전자법규위반","신호위반","교차로","교차로횡단보도내","승합차","승합차","자전거","자전거","923388","1933100","126.6344837","37.39383834"
"2018","2018041202","10","야","목","1","1","0","0","0","인천","연수구","차대사람","횡단중","횡단중","운전자법규위반","안전운전 의무 불이행","단일로","기타단일로","승용차","승용차","보행자","보행자","926891","1935505","126.6738167","37.41579734"
"2018","2018122605","45","야","수","1","2","0","0","1","인천","남구","차대차","추돌","추돌","운전자법규위반","안전운전 의무 불이행","단일로","교량위","화물차","화물차","특수차","특수차","923794","1938538","126.6385087","37.44288327"
"2018","2018100607","01","주","토","1","1","0","0","0","경기","광명시","차량단독","공작물충돌","공작물충돌","운전자법규위반","안전운전 의무 불이행","단일로","교량위","승용차","승용차","없음","없음","946532","1936685","126.895675","37.42777576"
"2018","2018091920","45","야","수","1","1","0","0","0","경기","시흥시","차대차","기타","기타","운전자법규위반","안전운전 의무 불이행","단일로","기타단일로","승용차","승용차","화물차","화물차","935391","1929394","126.770399","37.3613505"
"2018","2018122700","09","야","목","1","1","0","0","0","광주","서구","차대사람","횡단중","횡단중","운전자법규위반","안전운전 의무 불이행","단일로","기타단일로","승용차","승용차","보행자","보행자","941785.4","1680941.3","126.8610983","35.12197335"
"2018","2018101620","03","야","화","1","1","0","0","0","광주","서구","차대사람","차도통행중","차도통행중","운전자법규위반","안전운전 의무 불이행","단일로","기타단일로","승용차","승용차","보행자","보행자","945497","1684526","126.9015944","35.15450353"
"2018","2018010211","40","주","화","1","1","0","0","0","광주","서구","차대사람","기타","기타","운전자법규위반","안전운전 의무 불이행","단일로","기타단일로","승용차","승용차","보행자","보행자","943846","1685474.5","126.8834039","35.16296498"
"2018","2018062701","40","야","수","1","1","0","0","0","광주","남구","차대사람","기타","기타","운전자법규위반","안전운전 의무 불이행","단일로","기타단일로","승용차","승용차","보행자","보행자","945995.2","1682220.1","126.9072148","35.13373872"
"2018","2018101609","00","주","화","1","1","0","0","0","광주","남구","차대사람","횡단중","횡단중","운전자법규위반","안전운전 의무 불이행","교차로","교차로횡단보도내","승용차","승용차","보행자","보행자","945418","1682172","126.9008826","35.13327386"
"2018","2018030705","45","야","수","1","1","0","0","0","광주","남구","차대사람","횡단중","횡단중","운전자법규위반","안전운전 의무 불이행","단일로","기타단일로","승용차","승용차","보행자","보행자","945487.2","1682435.6","126.9016248","35.13565443"
"2018","2018041218","35","야","목","1","1","0","0","0","광주","북구","차대차","측면충돌","측면충돌","운전자법규위반","안전운전 의무 불이행","단일로","기타단일로","승용차","승용차","자전거","자전거","945157","1685949","126.897767","35.16731581"
"2018","2018020123","47","야","목","1","1","0","0","0","광주","북구","차대사람","횡단중","횡단중","운전자법규위반","안전운전 의무 불이행","단일로","기타단일로","화물차","화물차","보행자","보행자","943924","1686124","126.8842162","35.16882566"
"2018","2018072516","30","주","수","1","1","0","0","0","광주","광산구","차대차","기타","기타","운전자법규위반","중앙선 침범","단일로","기타단일로","자전거","자전거","화물차","화물차","940365","1689279","126.844908","35.197068"
"2018","2018052204","40","야","화","1","1","0","0","0","광주","광산구","차량단독","도로이탈","도로이탈 추락","운전자법규위반","안전운전 의무 불이행","단일로","기타단일로","이륜차","이륜차","없음","없음","930826","1682008","126.740739","35.13089757"
"2018","2018042200","35","야","일","1","3","0","2","0","대전","중구","차대차","측면충돌","측면충돌","운전자법규위반","신호위반","교차로","교차로내","승용차","승용차","승용차","승용차","989841","1812515","127.3868377","36.30992069"
"2018","2018122820","03","야","금","1","1","0","0","0","대전","동구","차대사람","횡단중","횡단중","운전자법규위반","안전운전 의무 불이행","교차로","교차로부근","승합차","승합차","보행자","보행자","994831","1813457","127.4424156","36.31845295"
"2018","2018052922","15","야","화","1","1","0","0","0","대전","동구","차대사람","횡단중","횡단중","운전자법규위반","안전운전 의무 불이행","단일로","기타단일로","승용차","승용차","보행자","보행자","994665","1816995","127.4405421","36.35034866"
"2018","2018042713","55","주","금","1","1","0","0","0","대전","동구","차대차","기타","기타","운전자법규위반","안전거리 미확보","교차로","교차로부근","이륜차","이륜차","승용차","승용차","995418","1812508","127.4489605","36.30990025"
"2018","2018051405","00","야","월","1","1","0","0","0","대전","서구","차대사람","횡단중","횡단중","운전자법규위반","안전운전 의무 불이행","교차로","교차로횡단보도내","화물차","화물차","보행자","보행자","988737","1811910","127.3745488","36.30445407"
"2018","2018030316","37","주","토","1","1","0","0","0","대전","대덕구","차대사람","횡단중","횡단중","운전자법규위반","과속","단일로","기타단일로","승용차","승용차","보행자","보행자","993183","1827514","127.423933","36.44517161"
"2018","2018072721","15","야","금","1","2","0","1","0","대전","서구","차대차","기타","기타","운전자법규위반","신호위반","교차로","교차로내","승용차","승용차","이륜차","이륜차","988195","1817826","127.3684222","36.35778281"
"2018","2018081000","08","야","금","1","1","0","0","0","대전","유성구","차대차","측면충돌","측면충돌","운전자법규위반","과속","교차로","교차로내","승용차","승용차","승용차","승용차","983193","1814644","127.3127391","36.32902148"
"2018","2018101418","54","야","일","1","2","0","1","0","대전","유성구","차대차","측면충돌","측면충돌","운전자법규위반","신호위반","교차로","교차로내","이륜차","이륜차","승용차","승용차","986554","1821820","127.3500627","36.39376856"
"2018","2018111919","30","야","월","1","1","0","0","0","대전","유성구","차대사람","횡단중","횡단중","운전자법규위반","안전운전 의무 불이행","단일로","기타단일로","승용차","승용차","보행자","보행자","989402","1824916","127.3817786","36.4217156"
"2018","2018043004","17","야","월","1","1","0","0","0","대전","유성구","차량단독","공작물충돌","공작물충돌","운전자법규위반","안전운전 의무 불이행","단일로","기타단일로","승용차","승용차","없음","없음","985882","1820113","127.3426002","36.37836976"
"2018","2018031004","27","야","토","1","1","0","0","0","대전","유성구","차대사람","횡단중","횡단중","운전자법규위반","안전운전 의무 불이행","교차로","교차로횡단보도내","승용차","승용차","보행자","보행자","985658","1816489","127.3401697","36.34569476"
"2018","2018051000","32","야","목","1","1","0","0","0","대전","유성구","차대사람","길가장자리구역통행중","길가장자리구역통행중","운전자법규위반","안전운전 의무 불이행","단일로","기타단일로","화물차","화물차","보행자","보행자","985413","1817988","127.3374113","36.35920513"
"2018","2018030302","22","야","토","1","1","0","0","0","울산","북구","차량단독","공작물충돌","공작물충돌","운전자법규위반","안전운전 의무 불이행","단일로","기타단일로","이륜차","이륜차","없음","없음","1167722","1736691","129.351808","35.61211245"
"2018","2018110804","30","야","목","1","1","0","0","0","울산","중구","차대사람","횡단중","횡단중","운전자법규위반","안전운전 의무 불이행","단일로","기타단일로","승합차","승합차","보행자","보행자","1163981","1730296","129.3092253","35.55510797"
"2018","2018051207","45","주","토","1","1","0","0","0","울산","중구","차대사람","횡단중","횡단중","운전자법규위반","중앙선 침범","단일로","기타단일로","화물차","화물차","보행자","보행자","1165994","1730537","129.3314743","35.5569446"
"2018","2018072404","07","야","화","1","2","1","0","0","울산","중구","차대사람","횡단중","횡단중","운전자법규위반","보행자 보호의무 위반","단일로","기타단일로","승용차","승용차","보행자","보행자","1163793","1730177","129.3071279","35.55406663"
"2018","2018091903","55","야","수","1","1","0","0","0","울산","남구","차량단독","공작물충돌","공작물충돌","운전자법규위반","안전운전 의무 불이행","단일로","기타단일로","이륜차","이륜차","없음","없음","1159939","1729156","129.2644233","35.54549476"
"2018","2018021808","07","주","일","1","1","0","0","0","울산","남구","차량단독","전도","전도","운전자법규위반","안전운전 의무 불이행","단일로","기타단일로","원동기장치자전거","원동기장치자전거","없음","없음","1159552","1728764","129.2600785","35.5420243"
"2018","2018031804","00","야","일","1","2","1","0","0","울산","남구","차대사람","횡단중","횡단중","운전자법규위반","안전운전 의무 불이행","교차로","교차로횡단보도내","승용차","승용차","보행자","보행자","1167002","1728672","129.3422062","35.53996789"
"2018","2018052321","00","야","수","1","1","0","0","0","울산","남구","차대사람","횡단중","횡단중","운전자법규위반","안전운전 의무 불이행","단일로","기타단일로","승용차","승용차","보행자","보행자","1165004","1724878","129.3194041","35.50611061"
"2018","2018021805","10","야","일","1","1","0","0","0","울산","남구","차대사람","횡단중","횡단중","운전자법규위반","안전운전 의무 불이행","단일로","기타단일로","승용차","승용차","보행자","보행자","1164973","1728121","129.3197222","35.53534202"
"2018","2018081902","20","야","일","1","1","0","0","0","울산","동구","차량단독","기타","기타","운전자법규위반","안전운전 의무 불이행","교차로","교차로부근","이륜차","이륜차","없음","없음","1173144","1723705","129.4088655","35.49415319"
"2018","2018040509","30","주","목","2","39","8","29","0","울산","북구","차대차","측면충돌","측면충돌","운전자법규위반","안전운전 의무 불이행","단일로","기타단일로","승용차","승용차","승합차","승합차","1172108","1726701","129.398085","35.52133244"
"2018","2018100518","40","야","금","1","1","0","0","0","울산","울주군","차대사람","기타","기타","운전자법규위반","안전운전 의무 불이행","교차로","교차로횡단보도내","승용차","승용차","보행자","보행자","1150127","1738471","129.1579509","35.63098391"
"2018","2018080120","25","야","수","1","1","0","0","0","울산","울주군","차대사람","횡단중","횡단중","운전자법규위반","안전운전 의무 불이행","단일로","기타단일로","화물차","화물차","보행자","보행자","1147137","1732044","129.1237715","35.57350783"
"2018","2018100705","39","야","일","1","1","0","0","0","울산","울주군","차량단독","공작물충돌","공작물충돌","운전자법규위반","안전운전 의무 불이행","단일로","기타단일로","승용차","승용차","없음","없음","1144665","1734290","129.0969025","35.5941155"
"2018","2018010415","15","주","목","1","1","0","0","0","울산","울주군","차대차","추돌","추돌","운전자법규위반","안전운전 의무 불이행","단일로","기타단일로","화물차","화물차","자전거","자전거","1155910","1720970","129.218421","35.47235961"
"2018","2018121421","20","야","금","1","1","0","0","0","경기","의정부시","차대사람","횡단중","횡단중","운전자법규위반","안전운전 의무 불이행","교차로","교차로부근","승합차","승합차","보행자","보행자","961670","1972084","127.0649145","37.74758746"
"2018","2018022523","52","야","일","1","1","0","0","0","경기","의정부시","차대사람","기타","기타","운전자법규위반","안전운전 의무 불이행","교차로","교차로내","승용차","승용차","보행자","보행자","961419","1970776","127.0621349","37.73578786"
"2018","2018090917","00","주","일","1","1","0","0","0","경기","고양시","차량단독","공작물충돌","공작물충돌","운전자법규위반","안전운전 의무 불이행","단일로","기타단일로","농기계","농기계","없음","없음","947776","1960893","126.9080123","37.64603663"