"발생년","발생년월일시","발생분","주야","요일","사망자수","사상자수","중상자수","경상자수","부상신고자수","발생지시도","발생지시군구","사고유형_대분류","사고유형_중분류","사고유형","법규위반_대분류","법규위반","도로형태_대분류","도로형태","가해자_당사자종별_대분류","가해자_당사자종별","피해자_당사자종별_대분류","피해자_당사자종별","발생위치X_UTMK","발생위치Y_UTMK","경도","위도"
"2018","2018020308","45","주","토","1","3","0","2","0","전북","익산시","차대차","측면충돌","측면충돌","운전자법규위반","차로위반(진로변경 위반)","단일로","기타단일로","승용차","승용차","승용차","승용차","945399","1783254","126.893843","36.0446343"
"2018","2018012613","50","주","금","1","1","0","0","0","전북","익산시","차대차","측면충돌","측면충돌","운전자법규위반","안전운전 의무 불이행","단일로","기타단일로","화물차","화물차","이륜차","이륜차","949945.8","1778358.9","126.9446272","36.00074716"
"2018","2018100414","20","주","목","1","1","0","0","0","전북","정읍시","차대사람","차도통행중","차도통행중","운전자법규위반","안전운전 의무 불이행","교차로","교차로내","화물차","화물차","보행자","보행자","936061","1723423","126.7949612","35.50465339"
"2018","2018082701","15","야","월","1","5","2","2","0","전북","정읍시","차대차","측면충돌","측면충돌","운전자법규위반","직진 및 우회전차의 통행방해","교차로","교차로내","승용차","승용차","승용차","승용차","939750.8","1731094.6","126.8350745","35.57405165"
"2018","2018102618","45","야","금","1","1","0","0","0","전북","정읍시","차대사람","차도통행중","차도통행중","운전자법규위반","안전운전 의무 불이행","단일로","기타단일로","화물차","화물차","보행자","보행자","943258.5","1737742.9","126.873317","35.63420002"
"2018","2018022821","36","야","수","1","1","0","0","0","전북","김제시","차대사람","기타","기타","운전자법규위반","안전운전 의무 불이행","단일로","기타단일로","화물차","화물차","보행자","보행자","947704","1757495","126.9211262","35.81252838"
"2018","2018070609","50","주","금","1","3","2","0","0","전북","김제시","차대차","추돌","추돌","운전자법규위반","과속","단일로","기타단일로","승용차","승용차","승용차","승용차","952642","1765464","126.9753106","35.88462601"
"2018","2018092619","35","야","수","2","2","0","0","0","전북","김제시","차대사람","횡단중","횡단중","운전자법규위반","안전운전 의무 불이행","단일로","기타단일로","화물차","화물차","보행자","보행자","943165","1754015","126.8711331","35.7809013"
"2018","2018070217","05","주","월","1","1","0","0","0","전북","남원시","차량단독","공작물충돌","공작물충돌","운전자법규위반","안전운전 의무 불이행","단일로","기타단일로","이륜차","이륜차","없음","없음","990930","1724309","127.3999742","35.51466081"
"2018","2018041320","56","야","금","1","1","0","0","0","전북","남원시","차대사람","횡단중","횡단중","운전자법규위반","안전운전 의무 불이행","단일로","기타단일로","화물차","화물차","보행자","보행자","989774","1713356","127.3873634","35.41588932"
"2018","2018071721","05","야","화","1","2","1","0","0","전북","고창군","차량단독","전도","전도","운전자법규위반","안전운전 의무 불이행","교차로","교차로내","이륜차","이륜차","없음","없음","917562","1716694","126.5916804","35.44262304"
"2018","2018090615","40","주","목","1","1","0","0","0","전북","고창군","차대차","추돌","추돌","운전자법규위반","안전운전 의무 불이행","단일로","기타단일로","화물차","화물차","화물차","화물차","927525.7","1722565.6","126.7009289","35.49633655"
"2018","2018083009","40","주","목","1","1","0","0","0","전북","부안군","차대차","측면충돌","측면충돌","운전자법규위반","안전운전 의무 불이행","교차로","교차로내","화물차","화물차","화물차","화물차","926484.3","1753962","126.6865845","35.77931674"
"2018","2018113007","30","주","금","1","1","0","0","0","전북","부안군","차대사람","횡단중","횡단중","운전자법규위반","중앙선 침범","교차로","교차로부근","승합차","승합차","보행자","보행자","924918","1735221","126.6710063","35.61023964"
"2018","2018052310","30","주","수","1","1","0","0","0","전북","진안군","차량단독","전도","전도","운전자법규위반","안전운전 의무 불이행","단일로","기타단일로","농기계","농기계","없음","없음","1004392","1767078","127.5486697","35.90031414"
"2018","2018031118","50","야","일","2","2","0","0","0","전북","순창군","차량단독","도로이탈","도로이탈 기타","운전자법규위반","안전운전 의무 불이행","단일로","기타단일로","화물차","화물차","없음","없음","975396","1718237","127.2288473","35.45964825"
"2018","2018031814","45","주","일","1","4","3","0","0","전북","완주군","차대차","정면충돌","정면충돌","운전자법규위반","중앙선 침범","단일로","기타단일로","화물차","화물차","승용차","승용차","975062","1749055","127.2242148","35.73750866"
"2018","2018112211","35","주","목","1","4","3","0","0","전북","완주군","차대차","정면충돌","정면충돌","운전자법규위반","중앙선 침범","단일로","기타단일로","승용차","승용차","화물차","화물차","981348","1787725","127.2928232","36.08629733"
"2018","2018041619","20","야","월","1","1","0","0","0","전북","완주군","차량단독","공작물충돌","공작물충돌","운전자법규위반","안전운전 의무 불이행","단일로","기타단일로","화물차","화물차","없음","없음","963797","1769268","127.098723","35.91939866"
"2018","2018112922","51","야","목","1","1","0","0","0","전북","무주군","차대사람","횡단중","횡단중","운전자법규위반","안전운전 의무 불이행","단일로","기타단일로","승용차","승용차","보행자","보행자","1013129","1757752","127.6453346","35.81615146"
"2018","2018040115","50","주","일","1","1","0","0","0","충남","당진시","차량단독","전도","전도","운전자법규위반","안전운전 의무 불이행","단일로","기타단일로","승용차","승용차","없음","없음","929084","1877265","126.7041182","36.8910323"
"2018","2018092706","01","주","목","1","1","0","0","0","전남","목포시","차대사람","횡단중","횡단중","운전자법규위반","안전운전 의무 불이행","교차로","교차로횡단보도내","승용차","승용차","보행자","보행자","898327","1644118","126.3886985","34.78652968"
"2018","2018100615","55","주","토","1","1","0","0","0","전남","신안군","차대차","측면충돌","측면충돌","운전자법규위반","안전운전 의무 불이행","단일로","기타단일로","화물차","화물차","승용차","승용차","869470","1657544","126.0712737","34.90427554"
"2018","2018082904","30","야","수","1","1","0","0","0","전남","목포시","차대사람","기타","기타","운전자법규위반","안전운전 의무 불이행","단일로","기타단일로","승용차","승용차","보행자","보행자","898465","1646812","126.389881","34.81083266"
"2018","2018081519","55","야","수","1","3","0","2","0","전남","목포시","차대사람","기타","기타","운전자법규위반","안전운전 의무 불이행","교차로","교차로내","화물차","화물차","보행자","보행자","898163","1644020","126.3869181","34.78562973"
"2018","2018051204","50","야","토","1","1","0","0","0","전남","목포시","차대사람","차도통행중","차도통행중","운전자법규위반","안전운전 의무 불이행","단일로","기타단일로","화물차","화물차","보행자","보행자","902171","1645522","126.430544","34.79956471"
"2018","2018101117","03","주","목","1","1","0","0","0","전남","여수시","차대사람","횡단중","횡단중","운전자법규위반","과속","교차로","교차로내","승용차","승용차","보행자","보행자","1018822.2","1636525.3","127.7055763","34.72296002"
"2018","2018080609","52","주","월","1","2","1","0","0","전남","여수시","차대차","측면충돌","측면충돌","운전자법규위반","안전운전 의무 불이행","단일로","기타단일로","화물차","화물차","이륜차","이륜차","1004289.8","1647342.3","127.5469085","34.82066976"
"2018","2018071301","00","야","금","1","1","0","0","0","전남","여수시","차대사람","차도통행중","차도통행중","운전자법규위반","안전운전 의무 불이행","단일로","기타단일로","화물차","화물차","보행자","보행자","1007264.4","1632384.7","127.5793064","34.68576824"
"2018","2018040405","50","야","수","1","1","0","0","0","전남","여수시","차대사람","차도통행중","차도통행중","운전자법규위반","안전운전 의무 불이행","단일로","기타단일로","화물차","화물차","보행자","보행자","1018609","1654930.7","127.7036556","34.88893781"
"2018","2018011912","20","주","금","1","1","0","0","0","전남","순천시","차대차","기타","기타","운전자법규위반","교차로 통행방법 위반","교차로","교차로내","승용차","승용차","이륜차","이륜차","1005892","1655131","127.5644832","34.89089752"
"2018","2018053108","15","주","목","1","2","1","0","0","전남","순천시","차대차","정면충돌","정면충돌","운전자법규위반","중앙선 침범","단일로","기타단일로","승용차","승용차","승용차","승용차","998993","1663615","127.488969","34.96741899"
"2018","2018092917","34","주","토","1","1","0","0","0","전남","순천시","차량단독","기타","기타","운전자법규위반","안전운전 의무 불이행","단일로","기타단일로","자전거","자전거","없음","없음","995389","1663439","127.4494904","34.96582191"
"2018","2018081117","33","주","토","1","1","0","0","0","전남","나주시","차대차","기타","기타","운전자법규위반","차로위반(진로변경 위반)","단일로","기타단일로","건설기계","건설기계","이륜차","이륜차","924681.4","1669433.1","126.6744439","35.01707609"
"2018","2018090618","00","야","목","1","1","0","0","0","전남","나주시","차량단독","도로이탈","도로이탈 기타","운전자법규위반","안전운전 의무 불이행","단일로","기타단일로","사륜오토바이(ATV)","사륜오토바이(ATV)","없음","없음","920205.4","1663576.1","126.6259497","34.9639234"
"2018","2018120320","40","야","월","1","2","1","0","0","전남","장흥군","차대사람","기타","기타","운전자법규위반","안전운전 의무 불이행","교차로","교차로내","승용차","승용차","보행자","보행자","953982","1639880","126.9972147","34.75234767"
"2018","2018121909","45","주","수","1","1","0","0","0","전남","고흥군","차량단독","전도","전도","운전자법규위반","안전운전 의무 불이행","단일로","기타단일로","사륜오토바이(ATV)","사륜오토바이(ATV)","없음","없음","983803","1610558","127.323592","34.48883235"
"2018","2018101911","55","주","금","1","1","0","0","0","전남","보성군","차대차","측면충돌","측면충돌","운전자법규위반","교차로 통행방법 위반","교차로","교차로내","화물차","화물차","원동기장치자전거","원동기장치자전거","986242.3","1649991","127.3495177","34.84447088"
"2018","2018091211","05","주","수","1","3","2","0","0","전남","화순군","차대차","측면충돌","측면충돌","운전자법규위반","신호위반","교차로","교차로내","승용차","승용차","승용차","승용차","951887","1673036","126.9724174","35.05122549"
"2018","2018061608","53","주","토","1","2","0","1","0","전남","화순군","차대차","측면충돌","측면충돌","운전자법규위반","과속","단일로","기타단일로","승용차","승용차","화물차","화물차","953342","1659595","126.9891252","34.93009504"
"2018","2018020118","30","야","목","1","1","0","0","0","전남","화순군","차대사람","기타","기타","운전자법규위반","안전운전 의무 불이행","단일로","기타단일로","승용차","승용차","보행자","보행자","952829","1660733","126.983444","34.94033284"
"2018","2018122313","40","주","일","1","4","0","2","1","전남","화순군","차대사람","기타","기타","운전자법규위반","보행자 보호의무 위반","교차로","교차로내","화물차","화물차","보행자","보행자","952912","1673529","126.9836286","35.05571923"
"2018","2018032715","51","주","화","1","1","0","0","0","전남","함평군","차대사람","횡단중","횡단중","운전자법규위반","안전운전 의무 불이행","단일로","기타단일로","승용차","승용차","보행자","보행자","909577","1668873","126.5089679","35.01078723"
"2018","2018080918","40","야","목","1","1","0","0","0","전남","영암군","차량단독","공작물충돌","공작물충돌","운전자법규위반","안전운전 의무 불이행","단일로","기타단일로","승용차","승용차","없음","없음","919496.6","1636006.1","126.6208337","34.71527928"
"2018","2018040819","30","야","일","1","1","0","0","0","전남","영암군","차대차","추돌","추돌","운전자법규위반","안전운전 의무 불이행","단일로","기타단일로","화물차","화물차","건설기계","건설기계","920408","1641583.3","126.6302591","34.76563911"
"2018","2018121522","50","야","토","1","2","1","0","0","전남","강진군","차대사람","기타","기타","운전자법규위반","안전운전 의무 불이행","단일로","기타단일로","승용차","승용차","보행자","보행자","937159.4","1607259.8","126.8158406","34.45730136"
"2018","2018090122","35","야","토","1","1","0","0","0","전남","강진군","차대사람","기타","기타","운전자법규위반","안전운전 의무 불이행","단일로","기타단일로","승용차","승용차","보행자","보행자","934452","1627842","126.7847802","34.64273092"
"2018","2018120523","10","야","수","1","1","0","0","0","전남","강진군","차대사람","길가장자리구역통행중","길가장자리구역통행중","운전자법규위반","안전운전 의무 불이행","단일로","기타단일로","화물차","화물차","보행자","보행자","937125","1606889","126.8154934","34.45395554"
"2018","2018060110","00","주","금","1","1","0","0","0","전남","강진군","차대사람","길가장자리구역통행중","길가장자리구역통행중","운전자법규위반","안전운전 의무 불이행","교차로","교차로부근","건설기계","건설기계","보행자","보행자","934015","1636976","126.7792989","34.72506593"
"2018","2018031208","25","주","월","1","2","0","1","0","전남","강진군","차대차","정면충돌","정면충돌","운전자법규위반","안전운전 의무 불이행","단일로","기타단일로","자전거","자전거","화물차","화물차","937170.8","1607240.1","126.8159662","34.45712441"
"2018","2018020816","33","주","목","1","1","0","0","0","전남","담양군","차량단독","공작물충돌","공작물충돌","운전자법규위반","안전운전 의무 불이행","단일로","교량위","화물차","화물차","없음","없음","954701.3","1714901.1","127.0009694","35.42884258"
"2018","2018042810","40","주","토","1","1","0","0","0","전남","담양군","차대차","기타","기타","운전자법규위반","과속","교차로","교차로내","승용차","승용차","원동기장치자전거","원동기장치자전거","945066","1697916","126.8959688","35.27521261"
"2018","2018041307","40","주","금","1","2","1","0","0","전남","담양군","차대차","기타","기타","운전자법규위반","앞지르기 방법위반","교차로","교차로부근","화물차","화물차","사륜오토바이(ATV)","사륜오토바이(ATV)","950874","1693942","126.9600662","35.23968241"
"2018","2018121517","31","주","토","1","1","0","0","0","전남","담양군","차대차","정면충돌","정면충돌","운전자법규위반","서행 및 일시정지위반","교차로","교차로내","승용차","승용차","이륜차","이륜차","951998","1705748","126.9717281","35.34618711"
"2018","2018100919","20","야","화","1","3","1","1","0","전남","완도군","차대차","추돌","추돌","운전자법규위반","안전운전 의무 불이행","단일로","기타단일로","승용차","승용차","농기계","농기계","936057.6","1601715.5","126.8042603","34.40723727"
"2018","2018011612","49","주","화","1","1","0","0","0","전남","완도군","차량단독","전도","전도","운전자법규위반","안전운전 의무 불이행","단일로","기타단일로","사륜오토바이(ATV)","사륜오토바이(ATV)","없음","없음","935129.6","1599124.3","126.7943598","34.38381289"
"2018","2018092013","28","주","목","1","2","0","1","0","전남","무안군","차대차","측면충돌","측면충돌","운전자법규위반","중앙선 침범","단일로","기타단일로","승용차","승용차","건설기계","건설기계","901927.1","1659044.6","126.4262947","34.92146187"
"2018","2018080107","10","주","수","1","2","0","1","0","전남","진도군","차대차","측면충돌","측면충돌","운전자법규위반","과속","교차로","교차로내","승용차","승용차","화물차","화물차","886883.4","1616906.7","126.2672819","34.53999079"
"2018","2018110820","25","야","목","1","2","0","1","0","전남","보성군","차대차","추돌","추돌","운전자법규위반","안전운전 의무 불이행","단일로","기타단일로","화물차","화물차","화물차","화물차","966557","1646412","127.1343444","34.81174025"
"2018","2018012303","45","야","화","1","2","0","1","0","전남","구례군","차대차","추돌","추돌","운전자법규위반","안전운전 의무 불이행","단일로","터널안","화물차","화물차","화물차","화물차","995345","1687173","127.4488751","35.17983901"
"2018","2018041723","05","야","화","1","1","0","0","0","전남","순천시","차대차","추돌","추돌","운전자법규위반","안전운전 의무 불이행","단일로","기타단일로","화물차","화물차","건설기계","건설기계","987474","1669131","127.3627028","35.01708211"
"2018","2018022508","40","주","일","2","4","2","0","0","경북","경주시","차대차","정면충돌","정면충돌","운전자법규위반","중앙선 침범","단일로","기타단일로","승용차","승용차","승용차","승용차","1180914","1759133","129.5024375","35.81200838"
"2018","2018111420","38","야","수","1","1","0","0","0","경북","경주시","차대사람","길가장자리구역통행중","길가장자리구역통행중","운전자법규위반","안전운전 의무 불이행","단일로","기타단일로","승용차","승용차","보행자","보행자","1160750","1777551","129.2830756","35.98149663"
"2018","2018102315","00","주","화","1","1","0","0","0","경북","경주시","차대차","측면충돌","측면충돌","운전자법규위반","안전운전 의무 불이행","단일로","기타단일로","승합차","승합차","이륜차","이륜차","1155200","1761566","129.2184204","35.83833872"
"2018","2018063013","35","주","토","2","2","0","0","0","경북","포항시","차량단독","공작물충돌","공작물충돌","운전자법규위반","안전운전 의무 불이행","단일로","기타단일로","승용차","승용차","없음","없음","1168018","1807210","129.3699839","36.24752813"
"2018","2018080921","45","야","목","1","1","0","0","0","경북","안동시","차량단독","전도","전도","운전자법규위반","안전운전 의무 불이행","단일로","기타단일로","사륜오토바이(ATV)","사륜오토바이(ATV)","없음","없음","1109067","1841917","128.7189262","36.56880954"
"2018","2018103107","50","주","수","1","1","0","0","0","경북","상주시","차대차","측면충돌","측면충돌","운전자법규위반","교차로 통행방법 위반","교차로","교차로내","화물차","화물차","원동기장치자전거","원동기장치자전거","1050403","1837784","128.0630759","36.53645271"
"2018","2018021519","50","야","목","1","1","0","0","0","경북","상주시","차량단독","공작물충돌","공작물충돌","운전자법규위반","안전운전 의무 불이행","단일로","기타단일로","화물차","화물차","없음","없음","1059644","1840361","128.1665051","36.55915101"
"2018","2018053122","08","야","목","1","1","0","0","0","경북","상주시","차대차","측면충돌","측면충돌","운전자법규위반","중앙선 침범","단일로","기타단일로","승용차","승용차","자전거","자전거","1061925","1840553","128.1920084","36.56073658"
"2018","2018081720","10","야","금","1","1","0","0","0","경북","상주시","차량단독","도로이탈","도로이탈 기타","운전자법규위반","안전운전 의무 불이행","단일로","기타단일로","이륜차","이륜차","없음","없음","1054156","1811430","128.1031605","36.29867105"
"2018","2018042517","10","주","수","1","2","1","0","0","경북","의성군","차량단독","공작물충돌","공작물충돌","운전자법규위반","안전운전 의무 불이행","단일로","기타단일로","농기계","농기계","없음","없음","1123462","1809851","128.8746596","36.27805529"
"2018","2018040421","14","야","수","1","1","0","0","0","경북","의성군","차량단독","도로이탈","도로이탈 기타","운전자법규위반","안전운전 의무 불이행","단일로","기타단일로","이륜차","이륜차","없음","없음","1078445","1819395","128.3744564","36.36880007"
"2018","2018091411","03","주","금","1","2","1","0","0","경북","영주시","차대차","추돌","추돌","운전자법규위반","안전운전 의무 불이행","단일로","기타단일로","화물차","화물차","화물차","화물차","1091451","1873740","128.5258888","36.85749393"
"2018","2018051109","10","주","금","1","1","0","0","0","경북","영주시","차대사람","길가장자리구역통행중","길가장자리구역통행중","운전자법규위반","안전운전 의무 불이행","단일로","기타단일로","화물차","화물차","보행자","보행자","1102456","1883503","128.650641","36.94435602"
"2018","2018072520","45","야","수","1","1","0","0","0","경북","칠곡군","차대사람","횡단중","횡단중","운전자법규위반","안전운전 의무 불이행","단일로","교량위","승용차","승용차","보행자","보행자","1080707","1776251","128.3952337","35.97968815"
"2018","2018042615","40","주","목","1","1","0","0","0","경북","칠곡군","차대차","추돌","추돌","운전자법규위반","안전운전 의무 불이행","단일로","교량위","화물차","화물차","화물차","화물차","1089145","1772495","128.4883974","35.94509429"
"2018","2018081423","15","야","화","1","1","0","0","0","경북","영천시","차량단독","공작물충돌","공작물충돌","운전자법규위반","안전운전 의무 불이행","단일로","기타단일로","이륜차","이륜차","없음","없음","1145259","1774866","129.1108184","35.95972869"
"2018","2018090514","55","주","수","1","1","0","0","0","경북","영천시","차대사람","횡단중","횡단중","운전자법규위반","과속","단일로","기타단일로","승용차","승용차","보행자","보행자","1127795","1795932","128.9206211","36.15204137"
"2018","2018111822","15","야","일","1","1","0","0","0","경북","영천시","차대차","추돌","추돌","운전자법규위반","안전운전 의무 불이행","단일로","기타단일로","승용차","승용차","화물차","화물차","1144175","1777684","129.0993142","35.98528654"
"2018","2018080817","12","주","수","1","2","0","1","0","경북","경산시","차대차","측면충돌","측면충돌","운전자법규위반","신호위반","교차로","교차로내","이륜차","이륜차","승용차","승용차","1118955.2","1766084.9","128.8178911","35.88413939"
"2018","2018061221","30","야","화","1","1","0","0","0","경북","경산시","차대사람","횡단중","횡단중","운전자법규위반","안전운전 의무 불이행","단일로","기타단일로","승용차","승용차","보행자","보행자","1119018","1769047","128.8190296","35.91083124"
"2018","2018033122","50","야","토","1","2","1","0","0","경북","경산시","차대차","추돌","추돌","운전자법규위반","안전운전 의무 불이행","단일로","기타단일로","승용차","승용차","이륜차","이륜차","1119225","1763049","128.8204253","35.85674175"
"2018","2018012805","55","야","일","1","1","0","0","0","경북","경산시","차량단독","공작물충돌","공작물충돌","운전자법규위반","안전운전 의무 불이행","교차로","교차로부근","화물차","화물차","없음","없음","1111372","1758507","128.7328378","35.816724"
"2018","2018042709","50","주","금","1","2","1","0","0","경북","영덕군","차대차","측면충돌","측면충돌","운전자법규위반","안전운전 의무 불이행","단일로","기타단일로","승용차","승용차","화물차","화물차","1168622","1816349","129.3786766","36.32977124"
"2018","2018102418","00","야","수","1","2","0","1","0","경북","청도군","차대차","추돌","추돌","운전자법규위반","안전운전 의무 불이행","단일로","기타단일로","승용차","승용차","농기계","농기계","1106323","1740872","128.6746211","35.65831463"
"2018","2018032613","20","주","월","1","1","0","0","0","경북","성주군","차량단독","전도","전도","운전자법규위반","안전운전 의무 불이행","교차로","교차로부근","농기계","농기계","없음","없음","1061647","1763130","128.1828108","35.86278802"
"2018","2018091522","15","야","토","1","1","0","0","0","경북","군위군","차대차","추돌","추돌","운전자법규위반","과속","단일로","기타단일로","승용차","승용차","승용차","승용차","1096821","1809247","128.5780104","36.27565267"
"2018","2018120919","48","야","일","1","1","0","0","0","경북","군위군","차대사람","차도통행중","차도통행중","운전자법규위반","안전운전 의무 불이행","단일로","기타단일로","승용차","승용차","보행자","보행자","1095752","1802553","128.5652907","36.21541958"
"2018","2018091904","45","야","수","1","1","0","0","0","경북","청송군","차량단독","도로이탈","도로이탈 추락","운전자법규위반","안전운전 의무 불이행","단일로","기타단일로","화물차","화물차","없음","없음","1144135","1836836","129.1097711","36.51837147"
"2018","2018103112","40","주","수","1","1","0","0","0","경북","청송군","차대차","측면충돌","측면충돌","운전자법규위반","안전운전 의무 불이행","단일로","기타단일로","화물차","화물차","농기계","농기계","1141861","1839277","129.0848317","36.540709"
"2018","2018061113","35","주","월","1","1","0","0","0","경북","청송군","차량단독","공작물충돌","공작물충돌","운전자법규위반","안전운전 의무 불이행","단일로","기타단일로","승용차","승용차","없음","없음","1129095","1811447","128.9376254","36.29170219"
"2018","2018011923","20","야","금","1","2","1","0","0","경북","구미시","차대차","추돌","추돌","운전자법규위반","안전운전 의무 불이행","단일로","기타단일로","승용차","승용차","승용차","승용차","1080255","1790811","128.3916995","36.11098069"
"2018","2018072413","58","주","화","1","1","0","0","0","경북","구미시","차대차","측면충돌","측면충돌","운전자법규위반","안전운전 의무 불이행","교차로","교차로부근","화물차","화물차","이륜차","이륜차","1081071","1791404","128.400826","36.11625856"
"2018","2018083017","42","주","목","1","3","2","0","0","경북","구미시","차대차","정면충돌","정면충돌","운전자법규위반","교차로 통행방법 위반","교차로","교차로내","화물차","화물차","화물차","화물차","1060274","1807769","128.1710129","36.26530436"
"2018","2018051504","15","야","화","1","2","0","1","0","경북","구미시","차대차","기타","기타","운전자법규위반","안전운전 의무 불이행","단일로","기타단일로","승용차","승용차","화물차","화물차","1076187","1809375","128.3483086","36.27865672"
"2018","2018041712","35","주","화","1","2","1","0","0","경북","포항시","차대차","기타","기타","운전자법규위반","과속","단일로","기타단일로","이륜차","이륜차","화물차","화물차","1178079","1778470","129.4754016","35.98676745"
"2018","2018011008","50","주","수","1","2","1","0","0","대구","동구","차대차","추돌","추돌","운전자법규위반","안전운전 의무 불이행","단일로","기타단일로","화물차","화물차","화물차","화물차","1107130","1766645","128.686983","35.89055416"
"2018","2018102910","05","주","월","1","1","0","0","0","경북","영천시","차량단독","공작물충돌","공작물충돌","운전자법규위반","안전운전 의무 불이행","단일로","기타단일로","화물차","화물차","없음","없음","1127458","1782632","128.9147255","36.03221225"
"2018","2018020802","10","야","목","1","3","1","1","0","경북","상주시","차대차","추돌","추돌","운전자법규위반","안전운전 의무 불이행","단일로","기타단일로","화물차","화물차","화물차","화물차","1058260","1838217","128.1508781","36.53990931"
"2018","2018062609","35","주","화","1","1","0","0","0","경북","구미시","차대차","추돌","추돌","운전자법규위반","안전운전 의무 불이행","단일로","기타단일로","화물차","화물차","화물차","화물차","1072736","1793961","128.3084562","36.13997012"
"2018","2018062623","37","야","화","1","1","0","0","0","경북","구미시","차대사람","기타","기타","운전자법규위반","안전운전 의무 불이행","단일로","기타단일로","특수차","특수차","보행자","보행자","1067929","1808439","128.2562857","36.27083581"
"2018","2018013116","40","주","수","1","1","0","0","0","경북","칠곡군","차대차","기타","기타","운전자법규위반","안전운전 의무 불이행","단일로","기타단일로","화물차","화물차","승용차","승용차","1089128.1","1769195.9","128.48784","35.91535542"
"2018","2018020607","35","주","화","1","1","0","0","0","경북","김천시","차량단독","공작물충돌","공작물충돌","운전자법규위반","안전운전 의무 불이행","단일로","기타단일로","화물차","화물차","없음","없음","1068878","1796700","128.2658184","36.16494371"
"2018","2018103017","50","주","화","1","1","0","0","0","경남","창원시(통합)","차대사람","차도통행중","차도통행중","운전자법규위반","안전운전 의무 불이행","단일로","기타단일로","화물차","화물차","보행자","보행자","1096194","1686998","128.5563782","35.1736652"
"2018","2018083109","20","주","금","1","1","0","0","0","경남","창원시(통합)","차대사람","기타","기타","운전자법규위반","안전운전 의무 불이행","교차로","교차로내","특수차","특수차","보행자","보행자","1118602","1677372","128.8010249","35.08449191"
"2018","2018080604","30","야","월","1","1","0","0","0","경남","창원시(통합)","차대사람","차도통행중","차도통행중","운전자법규위반","안전운전 의무 불이행","단일로","기타단일로","승용차","승용차","보행자","보행자","1106959","1684770","128.674287","35.15249055"
"2018","2018100603","50","야","토","1","1","0","0","0","경남","통영시","차량단독","공작물충돌","공작물충돌","운전자법규위반","안전운전 의무 불이행","단일로","기타단일로","승용차","승용차","없음","없음","1082937","1656359","128.4077505","34.8985985"
"2018","2018102802","20","야","일","1","2","0","1","0","경남","통영시","차량단독","공작물충돌","공작물충돌","운전자법규위반","중앙선 침범","단일로","기타단일로","승용차","승용차","없음","없음","1084338","1654474","128.4228927","34.88148705"
"2018","2018103015","50","주","화","1","1","0","0","0","경남","밀양시","차량단독","기타","기타","운전자법규위반","안전운전 의무 불이행","단일로","기타단일로","화물차","화물차","없음","없음","1100291","1720392","128.605454","35.47432082"
"2018","2018071014","00","주","화","1","1","0","0","0","경남","밀양시","차대차","측면충돌","측면충돌","운전자법규위반","안전운전 의무 불이행","교차로","교차로내","화물차","화물차","이륜차","이륜차","1118144","1717659","128.8017991","35.44772177"
"2018","2018010518","00","야","금","1","1","0","0","0","경남","밀양시","차대사람","횡단중","횡단중","운전자법규위반","안전운전 의무 불이행","단일로","기타단일로","승용차","승용차","보행자","보행자","1120795","1724254","128.8319832","35.50685251"
"2018","2018080903","55","야","목","1","1","0","0","0","경남","김해시","차대사람","횡단중","횡단중","운전자법규위반","안전운전 의무 불이행","단일로","기타단일로","승용차","승용차","보행자","보행자","1122934","1693625","128.8509545","35.2304887"
"2018","2018101819","15","야","목","1","2","0","0","1","경남","김해시","차대차","추돌","추돌","운전자법규위반","과속","교차로","교차로내","승용차","승용차","화물차","화물차","1122521","1706133","128.8482855","35.3432928"
"2018","2018082317","24","주","목","1","1","0","0","0","경남","거창군","차대사람","횡단중","횡단중","운전자법규위반","안전운전 의무 불이행","교차로","교차로내","승용차","승용차","보행자","보행자","1045348","1746473","128.001344","35.71350028"
"2018","2018031217","10","주","월","1","1","0","0","0","경남","합천군","차대차","정면충돌","정면충돌","운전자법규위반","중앙선 침범","단일로","기타단일로","승용차","승용차","이륜차","이륜차","1058486","1731839","128.1455214","35.58086892"
"2018","2018100311","38","주","수","1","1","0","0","0","경남","창녕군","차대차","측면충돌","측면충돌","운전자법규위반","서행 및 일시정지위반","교차로","교차로내","농기계","농기계","원동기장치자전거","원동기장치자전거","1086583","1733581","128.4557877","35.59451409"
"2018","2018062511","30","주","월","1","2","0","1","0","경남","창녕군","차대차","측면충돌","측면충돌","운전자법규위반","안전운전 의무 불이행","교차로","교차로내","화물차","화물차","승용차","승용차","1092121","1713955","128.514685","35.41708018"
"2018","2018091701","50","야","월","1","1","0","0","0","경남","창녕군","차량단독","공작물충돌","공작물충돌","운전자법규위반","안전운전 의무 불이행","교차로","교차로내","원동기장치자전거","원동기장치자전거","없음","없음","1087056","1710696","128.4585548","35.38815424"
"2018","2018052114","50","주","월","1","1","0","0","0","경남","함양군","차량단독","도로이탈","도로이탈 추락","운전자법규위반","안전운전 의무 불이행","단일로","기타단일로","화물차","화물차","없음","없음","1016958","1745811","127.6874677","35.70842966"
"2018","2018123118","00","야","월","1","2","1","0","0","경남","양산시","차량단독","공작물충돌","공작물충돌","운전자법규위반","안전운전 의무 불이행","교차로","교차로내","승용차","승용차","없음","없음","1138495","1706055","129.0240063","35.3405015"
"2018","2018083122","24","야","금","1","1","0","0","0","경남","양산시","차대차","측면충돌","측면충돌","운전자법규위반","안전운전 의무 불이행","단일로","기타단일로","승용차","승용차","승합차","승합차","1151721","1713616","129.1708977","35.40672696"