"발생년","발생년월일시","발생분","주야","요일","사망자수","사상자수","중상자수","경상자수","부상신고자수","발생지시도","발생지시군구","사고유형_대분류","사고유형_중분류","사고유형","법규위반_대분류","법규위반","도로형태_대분류","도로형태","가해자_당사자종별_대분류","가해자_당사자종별","피해자_당사자종별_대분류","피해자_당사자종별","발생위치X_UTMK","발생위치Y_UTMK","경도","위도"
"2018","2018110317","50","주","토","1","1","0","0","0","경남","하동군","차대사람","횡단중","횡단중","운전자법규위반","안전운전 의무 불이행","단일로","기타단일로","승용차","승용차","보행자","보행자","1037119","1669593","127.9068772","35.02064377"
"2018","2018120917","50","주","일","1","1","0","0","0","경남","하동군","차대차","기타","기타","운전자법규위반","안전운전 의무 불이행","단일로","기타단일로","승용차","승용차","화물차","화물차","1035651","1670575","127.8908283","35.02955154"
"2018","2018091905","47","야","수","1","1","0","0","0","경남","거제시","차대사람","차도통행중","차도통행중","운전자법규위반","안전운전 의무 불이행","단일로","기타단일로","승합차","승합차","보행자","보행자","1089600","1652086","128.4802108","34.85950539"
"2018","2018071118","05","야","수","1","3","1","1","0","경남","남해군","차량단독","도로이탈","도로이탈 추락","운전자법규위반","안전운전 의무 불이행","단일로","기타단일로","화물차","화물차","없음","없음","1051353","1649762","128.0616763","34.84120213"
"2018","2018061020","24","야","일","1","1","0","0","0","경남","산청군","차대사람","횡단중","횡단중","운전자법규위반","보행자 보호의무 위반","단일로","기타단일로","승용차","승용차","보행자","보행자","1025285","1696831","127.7779952","35.26661768"
"2018","2018043014","55","주","월","1","2","0","1","0","경남","함안군","차대차","측면충돌","측면충돌","운전자법규위반","중앙선 침범","단일로","기타단일로","화물차","화물차","화물차","화물차","1081212","1697062","128.3928623","35.26572547"
"2018","2018060408","50","주","월","1","3","1","0","1","경남","함안군","차대차","측면충돌","측면충돌","운전자법규위반","중앙선 침범","교차로","교차로부근","화물차","화물차","승용차","승용차","1079578","1697397","128.3749321","35.26887705"
"2018","2018011611","59","주","화","1","1","0","0","0","경남","함안군","차대차","기타","기타","운전자법규위반","안전운전 의무 불이행","단일로","기타단일로","화물차","화물차","승합차","승합차","1087925","1697334","128.4666866","35.26761065"
"2018","2018081310","05","주","월","1","1","0","0","0","경남","함안군","차대차","측면충돌","측면충돌","운전자법규위반","안전운전 의무 불이행","단일로","기타단일로","승용차","승용차","이륜차","이륜차","1091821","1703379","128.5101922","35.32176014"
"2018","2018090500","15","야","수","1","1","0","0","0","경남","함안군","차대차","추돌","추돌","운전자법규위반","안전운전 의무 불이행","단일로","기타단일로","이륜차","이륜차","건설기계","건설기계","1081684","1697669","128.3981114","35.27115973"
"2018","2018121221","30","야","수","1","1","0","0","0","경남","함안군","차대사람","차도통행중","차도통행중","운전자법규위반","안전운전 의무 불이행","교차로","교차로내","화물차","화물차","보행자","보행자","1084676","1708082","128.4320812","35.36479231"
"2018","2018092819","00","야","금","1","1","0","0","0","경남","함안군","차대사람","기타","기타","운전자법규위반","안전운전 의무 불이행","단일로","기타단일로","화물차","화물차","보행자","보행자","1072982","1698376","128.3025051","35.27820654"
"2018","2018102618","50","야","금","1","1","0","0","0","경남","함안군","차대사람","차도통행중","차도통행중","운전자법규위반","안전운전 의무 불이행","단일로","기타단일로","승용차","승용차","보행자","보행자","1082732","1696313","128.4094962","35.25884808"
"2018","2018120109","30","주","토","1","1","0","0","0","경남","의령군","차대차","측면충돌","측면충돌","운전자법규위반","교차로 통행방법 위반","교차로","교차로내","이륜차","이륜차","화물차","화물차","1063508","1704645","128.198823","35.33537598"
"2018","2018042004","46","야","금","1","1","0","0","0","경남","창원시(통합)","차대사람","차도통행중","차도통행중","운전자법규위반","안전운전 의무 불이행","단일로","기타단일로","승용차","승용차","보행자","보행자","1105398","1694365","128.6583796","35.23915726"
"2018","2018072321","40","야","월","1","4","1","2","0","경남","창원시(통합)","차대차","추돌","추돌","운전자법규위반","안전운전 의무 불이행","교차로","교차로부근","화물차","화물차","승합차","승합차","1108784","1689049","128.6948838","35.19087085"
"2018","2018041219","58","야","목","1","1","0","0","0","경남","창원시(통합)","차대사람","횡단중","횡단중","운전자법규위반","신호위반","교차로","교차로부근","화물차","화물차","보행자","보행자","1098721","1694590","128.585035","35.24186579"
"2018","2018012218","45","야","월","1","1","0","0","0","경남","창원시(통합)","차대사람","횡단중","횡단중","운전자법규위반","신호위반","교차로","교차로부근","승용차","승용차","보행자","보행자","1102485","1694751","128.6264179","35.24293934"
"2018","2018072903","58","야","일","1","1","0","0","0","경남","창원시(통합)","차대사람","횡단중","횡단중","운전자법규위반","안전운전 의무 불이행","교차로","교차로부근","승용차","승용차","보행자","보행자","1104286","1693999","128.6461139","35.23597401"
"2018","2018103013","05","주","화","1","1","0","0","0","경남","창원시(통합)","차대사람","차도통행중","차도통행중","운전자법규위반","안전운전 의무 불이행","단일로","기타단일로","화물차","화물차","보행자","보행자","1103862","1693370","128.6413755","35.23034742"
"2018","2018031903","45","야","월","1","1","0","0","0","경남","창원시(통합)","차량단독","공작물충돌","공작물충돌","운전자법규위반","안전운전 의무 불이행","교차로","교차로부근","승용차","승용차","없음","없음","1104171","1696190","128.645128","35.25573843"
"2018","2018100118","28","야","월","1","1","0","0","0","경남","창원시(통합)","차대사람","횡단중","횡단중","운전자법규위반","보행자 보호의무 위반","교차로","교차로횡단보도내","승용차","승용차","보행자","보행자","1100834","1695628","128.6083823","35.25101334"
"2018","2018121706","50","주","월","1","1","0","0","0","경남","창원시(통합)","차대차","기타","기타","운전자법규위반","안전운전 의무 불이행","단일로","기타단일로","화물차","화물차","화물차","화물차","1102614","1706954","128.6293631","35.35293914"
"2018","2018072618","05","야","목","1","3","1","1","0","경남","김해시","차대차","추돌","추돌","운전자법규위반","안전운전 의무 불이행","단일로","터널안","화물차","화물차","승용차","승용차","1123202","1692485","128.8537282","35.22017917"
"2018","2018092108","50","주","금","1","1","0","0","0","경남","함안군","차대차","기타","기타","운전자법규위반","안전운전 의무 불이행","단일로","기타단일로","화물차","화물차","특수차","특수차","1090847","1704723","128.4996271","35.33396613"
"2018","2018090914","20","주","일","1","1","0","0","0","경남","함안군","차대차","측면충돌","측면충돌","운전자법규위반","안전운전 의무 불이행","단일로","기타단일로","화물차","화물차","화물차","화물차","1077516","1699974","128.3525069","35.29227315"
"2018","2018122311","58","주","일","1","1","0","0","0","제주","제주시","차대차","기타","기타","운전자법규위반","신호위반","교차로","교차로부근","승용차","승용차","이륜차","이륜차","908633","1500507","126.5164505","33.4925139"
"2018","2018061303","45","야","수","1","1","0","0","0","제주","제주시","차대사람","기타","기타","운전자법규위반","안전운전 의무 불이행","교차로","교차로내","승용차","승용차","보행자","보행자","908679","1500493","126.516947","33.49239157"
"2018","2018020100","10","야","목","1","3","0","2","0","제주","제주시","차량단독","공작물충돌","공작물충돌","운전자법규위반","과속","단일로","기타단일로","화물차","화물차","없음","없음","928766","1494188","126.733661","33.43705418"
"2018","2018061304","03","야","수","1","1","0","0","0","제주","제주시","차량단독","공작물충돌","공작물충돌","운전자법규위반","안전운전 의무 불이행","단일로","기타단일로","승용차","승용차","없음","없음","912687","1495075","126.5606145","33.44386419"
"2018","2018040818","20","야","일","1","1","0","0","0","제주","제주시","차대차","기타","기타","운전자법규위반","안전운전 의무 불이행","단일로","기타단일로","이륜차","이륜차","승용차","승용차","912604","1498806","126.5593583","33.47750541"
"2018","2018122019","00","야","목","1","1","0","0","0","제주","서귀포시","차대사람","횡단중","횡단중","운전자법규위반","안전운전 의무 불이행","교차로","교차로내","승용차","승용차","보행자","보행자","898839","1474274","126.4139799","33.25505769"
"2018","2018010808","20","주","월","1","2","0","0","1","제주","서귀포시","차대사람","기타","기타","운전자법규위반","안전운전 의무 불이행","교차로","교차로내","승용차","승용차","보행자","보행자","892658","1481387","126.3467912","33.3186065"
"2018","2018070617","25","주","금","1","2","1","0","0","제주","서귀포시","차대차","정면충돌","정면충돌","운전자법규위반","중앙선 침범","단일로","기타단일로","승용차","승용차","승용차","승용차","927560","1483784","126.7215248","33.3431399"
"2018","2018101518","36","야","월","1","1","0","0","0","제주","서귀포시","차량단독","기타","기타","운전자법규위반","안전운전 의무 불이행","단일로","기타단일로","원동기장치자전거","원동기장치자전거","없음","없음","894876","1471793","126.3717294","33.23230456"
"2018","2018110411","19","주","일","1","1","0","0","0","제주","서귀포시","차대차","기타","기타","운전자법규위반","안전운전 의무 불이행","단일로","기타단일로","이륜차","이륜차","승합차","승합차","893243","1477688","126.3535116","33.28530662"
"2018","2018122018","55","야","목","1","1","0","0","0","제주","서귀포시","차대사람","기타","기타","운전자법규위반","안전운전 의무 불이행","단일로","기타단일로","승용차","승용차","보행자","보행자","891913","1473753","126.3397003","33.24968771"
"2018","2018102417","27","주","수","1","1","0","0","0","제주","제주시","차대차","측면충돌","측면충돌","운전자법규위반","안전운전 의무 불이행","교차로","교차로내","화물차","화물차","이륜차","이륜차","889690","1493225","126.3134623","33.42506037"
"2018","2018042218","34","야","일","1","1","0","0","0","제주","제주시","차량단독","도로이탈","도로이탈 기타","운전자법규위반","안전운전 의무 불이행","단일로","기타단일로","승용차","승용차","없음","없음","899243","1493869","126.4161291","33.43180838"
"2018","2018030520","09","야","월","1","1","0","0","0","대구","남구","차대사람","기타","기타","운전자법규위반","안전운전 의무 불이행","교차로","교차로부근","승용차","승용차","보행자","보행자","1097409","1761088","128.5786149","35.84147646"
"2018","2018010304","55","야","수","1","1","0","0","0","대구","동구","차대차","측면충돌","측면충돌","운전자법규위반","신호위반","교차로","교차로횡단보도내","자전거","자전거","승용차","승용차","1108578.5","1764706.2","128.7027647","35.87291789"
"2018","2018040600","17","야","금","1","1","0","0","0","대구","동구","차대사람","길가장자리구역통행중","길가장자리구역통행중","운전자법규위반","안전운전 의무 불이행","단일로","기타단일로","승용차","승용차","보행자","보행자","1103000","1765894","128.6411345","35.88422789"
"2018","2018100705","40","야","일","1","1","0","0","0","대구","동구","차대사람","횡단중","횡단중","운전자법규위반","안전운전 의무 불이행","기타","기타","승용차","승용차","보행자","보행자","1108574","1773790","128.7039551","35.95480049"
"2018","2018011908","35","주","금","1","1","0","0","0","대구","수성구","차대차","측면충돌","측면충돌","운전자법규위반","안전운전 의무 불이행","교차로","교차로부근","화물차","화물차","이륜차","이륜차","1101387","1757280","128.6221727","35.80674594"
"2018","2018011705","07","야","수","1","1","0","0","0","대구","수성구","차대사람","횡단중","횡단중","운전자법규위반","안전운전 의무 불이행","단일로","기타단일로","승용차","승용차","보행자","보행자","1109459","1760862","128.7119888","35.8381677"
"2018","2018082021","25","야","월","1","1","0","0","0","대구","달서구","차대사람","횡단중","횡단중","운전자법규위반","과속","단일로","기타단일로","승용차","승용차","보행자","보행자","1094319","1759749","128.5442461","35.82970801"
"2018","2018021909","00","주","월","1","1","0","0","0","대구","달성군","차량단독","전도","전도","운전자법규위반","안전운전 의무 불이행","단일로","기타단일로","이륜차","이륜차","없음","없음","1093387","1753832","128.533238","35.77645682"
"2018","2018010707","15","주","일","1","2","1","0","0","대구","달성군","차대차","추돌","추돌","운전자법규위반","과속","단일로","기타단일로","승용차","승용차","농기계","농기계","1091105","1766379","128.5094251","35.8897797"
"2018","2018052913","30","주","화","1","1","0","0","0","대구","달성군","차량단독","공작물충돌","공작물충돌","운전자법규위반","안전운전 의무 불이행","단일로","기타단일로","승용차","승용차","없음","없음","1088249","1764442","128.4775708","35.87257979"
"2018","2018090400","10","야","화","1","1","0","0","0","대구","달성군","차대사람","횡단중","횡단중","운전자법규위반","안전운전 의무 불이행","교차로","교차로부근","승용차","승용차","보행자","보행자","1085685","1744041","128.446988","35.6888918"
"2018","2018022503","50","야","일","1","2","1","0","0","대구","서구","차대차","정면충돌","정면충돌","운전자법규위반","신호위반","교차로","교차로내","이륜차","이륜차","승용차","승용차","1095468","1762883","128.5573402","35.8578487"
"2018","2018021519","15","야","목","1","1","0","0","0","대구","서구","차대차","측면충돌","측면충돌","운전자법규위반","안전운전 의무 불이행","교차로","교차로부근","승용차","승용차","자전거","자전거","1096752","1763376","128.5716185","35.86216691"
"2018","2018111218","00","야","월","1","1","0","0","0","대구","서구","차대사람","기타","기타","운전자법규위반","안전운전 의무 불이행","기타","기타","화물차","화물차","보행자","보행자","1095351","1766203","128.5564418","35.88778856"
"2018","2018120204","40","야","일","1","1","0","0","0","대구","서구","차량단독","공작물충돌","공작물충돌","운전자법규위반","안전운전 의무 불이행","단일로","기타단일로","이륜차","이륜차","없음","없음","1095361","1764317","128.5563268","35.87078607"
"2018","2018121204","55","야","수","1","1","0","0","0","대구","북구","차량단독","기타","기타","운전자법규위반","안전운전 의무 불이행","단일로","기타단일로","화물차","화물차","없음","없음","1093996","1768493","128.5417018","35.90856311"
"2018","2018020408","45","주","일","1","1","0","0","0","인천","중구","차대차","측면충돌","측면충돌","운전자법규위반","안전운전 의무 불이행","교차로","교차로내","이륜차","이륜차","승합차","승합차","923184","1942153","126.6312366","37.47541369"
"2018","2018022610","10","주","월","1","1","0","0","0","인천","중구","차대차","측면충돌","측면충돌","운전자법규위반","안전운전 의무 불이행","단일로","기타단일로","화물차","화물차","자전거","자전거","921567","1942513","126.6129125","37.47852236"
"2018","2018012217","25","주","월","1","1","0","0","0","인천","중구","차대사람","기타","기타","운전자법규위반","안전운전 의무 불이행","단일로","기타단일로","승합차","승합차","보행자","보행자","907440","1938744","126.4536303","37.44324778"
"2018","2018100511","48","주","금","1","1","0","0","0","인천","남구","차대차","기타","기타","운전자법규위반","중앙선 침범","단일로","기타단일로","화물차","화물차","특수차","특수차","923369","1937876","126.6337734","37.43688173"
"2018","2018081211","16","주","일","1","1","0","0","0","인천","남구","차대사람","횡단중","횡단중","운전자법규위반","보행자 보호의무 위반","교차로","교차로횡단보도내","승합차","승합차","보행자","보행자","926085","1938509","126.6644083","37.44280783"
"2018","2018030315","50","주","토","1","4","0","2","1","인천","남구","차대차","정면충돌","정면충돌","운전자법규위반","신호위반","교차로","교차로내","승합차","승합차","승용차","승용차","923799","1940520","126.6383603","37.46074689"
"2018","2018022423","28","야","토","1","1","0","0","0","인천","남구","차대사람","차도통행중","차도통행중","운전자법규위반","안전운전 의무 불이행","단일로","기타단일로","승용차","승용차","보행자","보행자","928717","1940352","126.6939814","37.45962511"
"2018","2018092602","00","야","수","1","1","0","0","0","인천","남동구","차대사람","횡단중","횡단중","운전자법규위반","신호위반","단일로","기타단일로","승용차","승용차","보행자","보행자","929286","1938865","126.7005574","37.44626669"
"2018","2018091209","09","주","수","1","1","0","0","0","인천","서구","차량단독","공작물충돌","공작물충돌","운전자법규위반","안전운전 의무 불이행","단일로","기타단일로","승용차","승용차","없음","없음","927736","1947563","126.6821817","37.52453994"
"2018","2018102413","10","주","수","1","1","0","0","0","인천","강화군","차대차","측면충돌","측면충돌","운전자법규위반","안전운전 의무 불이행","기타","기타","농기계","농기계","승합차","승합차","908707","1974472","126.4634929","37.76535568"
"2018","2018102919","27","야","월","1","1","0","0","0","인천","연수구","차대사람","횡단중","횡단중","운전자법규위반","안전운전 의무 불이행","교차로","교차로부근","승합차","승합차","보행자","보행자","928084","1935035","126.6873429","37.41165472"
"2018","2018071010","10","주","화","1","6","2","3","0","인천","남구","차대차","추돌","추돌","운전자법규위반","안전거리 미확보","단일로","기타단일로","화물차","화물차","승합차","승합차","925612","1937966","126.6591164","37.43787597"
"2018","2018080712","50","주","화","2","2","0","0","0","경기","시흥시","차대차","추돌","추돌","운전자법규위반","안전운전 의무 불이행","단일로","기타단일로","화물차","화물차","화물차","화물차","943989","1931414","126.8673338","37.38011642"
"2018","2018021217","22","주","월","1","6","4","1","0","경기","안산시","차대차","측면충돌","측면충돌","운전자법규위반","중앙선 침범","단일로","교량위","승용차","승용차","승용차","승용차","941894","1928098","126.8439316","37.35009943"
"2018","2018071219","30","야","목","1","4","0","3","0","광주","서구","차대차","기타","기타","운전자법규위반","신호위반","교차로","교차로내","이륜차","이륜차","승용차","승용차","940651","1685031","126.8483552","35.15878248"
"2018","2018091812","10","주","화","1","1","0","0","0","광주","남구","차대사람","기타","기타","운전자법규위반","기타(운전자법규위반)","단일로","기타단일로","승합차","승합차","보행자","보행자","944960.8","1682794.1","126.895823","35.13885826"
"2018","2018122406","59","주","월","1","1","0","0","0","광주","북구","차대사람","횡단중","횡단중","운전자법규위반","안전운전 의무 불이행","단일로","기타단일로","화물차","화물차","보행자","보행자","946769","1688102","126.9153286","35.18681548"
"2018","2018051912","40","주","토","1","1","0","0","0","광주","북구","차대차","측면충돌","측면충돌","운전자법규위반","안전운전 의무 불이행","교차로","교차로부근","승용차","승용차","이륜차","이륜차","941990","1686495","126.8629536","35.17206102"
"2018","2018022222","58","야","목","1","1","0","0","0","광주","북구","차대사람","기타","기타","운전자법규위반","안전운전 의무 불이행","단일로","기타단일로","승용차","승용차","보행자","보행자","946043","1685996","126.9074927","35.16778757"
"2018","2018052923","15","야","화","1","2","0","1","0","광주","광산구","차대사람","횡단중","횡단중","운전자법규위반","안전운전 의무 불이행","단일로","기타단일로","승용차","승용차","보행자","보행자","938710.4","1687276.6","126.8268821","35.1789136"
"2018","2018032011","35","주","화","1","2","0","1","0","광주","광산구","차대차","추돌","추돌","운전자법규위반","안전거리 미확보","단일로","기타단일로","원동기장치자전거","원동기장치자전거","승용차","승용차","937504.8","1683396.3","126.8139362","35.14385237"
"2018","2018052121","20","야","월","1","1","0","0","0","광주","광산구","차대차","추돌","추돌","운전자법규위반","안전운전 의무 불이행","단일로","기타단일로","승용차","승용차","자전거","자전거","931463.5","1681523.1","126.7477759","35.12656912"
"2018","2018012006","45","주","토","1","1","0","0","0","광주","광산구","차대사람","횡단중","횡단중","운전자법규위반","안전운전 의무 불이행","단일로","기타단일로","승용차","승용차","보행자","보행자","935517","1682800","126.7921624","35.1383503"
"2018","2018011710","55","주","수","1","4","1","2","0","광주","광산구","차대차","정면충돌","정면충돌","운전자법규위반","신호위반","교차로","교차로내","승용차","승용차","승용차","승용차","937304","1683416","126.8117305","35.1440175"
"2018","2018122816","29","주","금","1","1","0","0","0","대전","중구","차대사람","기타","기타","운전자법규위반","신호위반","교차로","교차로횡단보도내","승용차","승용차","보행자","보행자","990768","1813470","127.3971523","36.31853978"
"2018","2018011821","20","야","목","1","1","0","0","0","대전","동구","차대차","기타","기타","운전자법규위반","신호위반","교차로","교차로내","승용차","승용차","이륜차","이륜차","994153","1815665","127.4348459","36.33835517"
"2018","2018012723","11","야","토","1","1","0","0","0","대전","동구","차대사람","횡단중","횡단중","운전자법규위반","과속","단일로","기타단일로","승용차","승용차","보행자","보행자","994973","1816746","127.4439763","36.34810548"
"2018","2018041705","25","야","화","1","1","0","0","0","대전","동구","차대사람","차도통행중","차도통행중","운전자법규위반","안전운전 의무 불이행","단일로","기타단일로","승용차","승용차","보행자","보행자","993947","1816578","127.4325433","36.34658498"
"2018","2018101712","00","주","수","1","1","0","0","0","대전","서구","차대차","기타","기타","운전자법규위반","안전운전 의무 불이행","단일로","기타단일로","이륜차","이륜차","승용차","승용차","984246","1805211","127.3246618","36.24399636"
"2018","2018102410","20","주","수","1","5","0","3","1","대전","서구","차대차","기타","기타","운전자법규위반","안전거리 미확보","단일로","기타단일로","승용차","승용차","승용차","승용차","989277","1816320","127.3805028","36.3442183"
"2018","2018011901","43","야","금","1","1","0","0","0","대전","서구","차대사람","횡단중","횡단중","운전자법규위반","과속","교차로","교차로횡단보도내","승용차","승용차","보행자","보행자","990161","1817809","127.3903353","36.35765167"
"2018","2018091607","40","주","일","1","3","1","1","0","대전","유성구","차대차","정면충돌","정면충돌","운전자법규위반","중앙선 침범","교차로","교차로부근","승용차","승용차","승용차","승용차","985278","1818636","127.3358943","36.36504503"
"2018","2018032820","00","야","수","1","1","0","0","0","대전","유성구","차대사람","횡단중","횡단중","운전자법규위반","안전운전 의무 불이행","단일로","기타단일로","승용차","승용차","보행자","보행자","984254","1816570","127.3245216","36.34640306"
"2018","2018062718","25","야","수","1","1","0","0","0","대전","유성구","차량단독","기타","기타","운전자법규위반","안전운전 의무 불이행","기타","기타","자전거","자전거","없음","없음","990461","1819575","127.3936574","36.37357585"
"2018","2018050502","20","야","토","1","1","0","0","0","대전","유성구","차량단독","전도","전도","운전자법규위반","안전운전 의무 불이행","단일로","기타단일로","승용차","승용차","없음","없음","978918","1808703","127.2652687","36.2753768"
"2018","2018070600","28","야","금","1","1","0","0","0","울산","남구","차대사람","횡단중","횡단중","운전자법규위반","안전운전 의무 불이행","단일로","기타단일로","승용차","승용차","보행자","보행자","1160242","1727994","129.2675347","35.53497348"
"2018","2018010720","40","야","일","1","1","0","0","0","울산","남구","차대사람","횡단중","횡단중","운전자법규위반","신호위반","교차로","교차로내","승용차","승용차","보행자","보행자","1168071","1728938","129.3540481","35.54218437"
"2018","2018120121","38","야","토","1","1","0","0","0","울산","남구","차대사람","횡단중","횡단중","운전자법규위반","안전운전 의무 불이행","교차로","교차로부근","승용차","승용차","보행자","보행자","1159532","1728907","129.2598862","35.54331628"
"2018","2018090705","50","야","금","1","1","0","0","0","울산","남구","차대사람","횡단중","횡단중","운전자법규위반","안전운전 의무 불이행","단일로","기타단일로","승용차","승용차","보행자","보행자","1165542","1728293","129.3260308","35.53679725"
"2018","2018121116","20","주","화","1","1","0","0","0","울산","북구","차대사람","기타","기타","운전자법규위반","안전운전 의무 불이행","단일로","기타단일로","화물차","화물차","보행자","보행자","1172509","1741412","129.405645","35.65383199"
"2018","2018082011","55","주","월","1","2","0","1","0","울산","북구","차대차","측면충돌","측면충돌","운전자법규위반","신호위반","교차로","교차로내","원동기장치자전거","원동기장치자전거","화물차","화물차","1170502","1730260","129.3811308","35.55368269"
"2018","2018032402","10","야","토","1","1","0","0","0","울산","동구","차량단독","전도","전도","운전자법규위반","안전운전 의무 불이행","단일로","기타단일로","이륜차","이륜차","없음","없음","1172629","1724506","129.4033609","35.50146124"
"2018","2018110820","30","야","목","1","2","0","0","1","울산","울주군","차대차","기타","기타","운전자법규위반","신호위반","교차로","교차로내","이륜차","이륜차","승용차","승용차","1166887","1714688","129.3380665","35.41396249"
"2018","2018072705","30","야","금","1","1","0","0","0","울산","울주군","차대차","측면충돌","측면충돌","운전자법규위반","교차로 통행방법 위반","교차로","교차로내","승용차","승용차","이륜차","이륜차","1144758","1725442","129.0963466","35.51435398"
"2018","2018031220","55","야","월","1","1","0","0","0","울산","울주군","차대사람","횡단중","횡단중","운전자법규위반","안전운전 의무 불이행","교차로","교차로부근","승용차","승용차","보행자","보행자","1154901","1719804","129.2070822","35.46200858"
"2018","2018121005","10","야","월","1","1","0","0","0","경기","의정부시","차대차","기타","기타","운전자법규위반","안전운전 의무 불이행","단일로","기타단일로","승용차","승용차","이륜차","이륜차","959639","1967602","127.0421099","37.70710371"
"2018","2018021015","10","주","토","1","1","0","0","0","경기","의정부시","차대차","기타","기타","운전자법규위반","안전운전 의무 불이행","단일로","기타단일로","원동기장치자전거","원동기장치자전거","승용차","승용차","965845","1975170","127.1121588","37.77556716"
"2018","2018122020","17","야","목","1","1","0","0","0","경기","의정부시","차대사람","횡단중","횡단중","운전자법규위반","보행자 보호의무 위반","교차로","교차로부근","화물차","화물차","보행자","보행자","958608","1973002","127.0301063","37.75572795"
"2018","2018120317","50","주","월","1","1","0","0","0","경기","고양시","차대사람","기타","기타","운전자법규위반","중앙선 침범","교차로","교차로횡단보도내","화물차","화물차","보행자","보행자","938861","1960322","126.80701","37.64033997"
"2018","2018081020","17","야","금","1","1","0","0","0","경기","고양시","차대사람","차도통행중","차도통행중","운전자법규위반","안전운전 의무 불이행","단일로","기타단일로","승용차","승용차","보행자","보행자","944805","1960019","126.8744022","37.63798555"
"2018","2018062213","50","주","금","1","1","0","0","0","경기","고양시","차대사람","횡단중","횡단중","운전자법규위반","신호위반","교차로","교차로횡단보도내","승용차","승용차","보행자","보행자","935836","1962165","126.7725631","37.65674403"
"2018","2018121518","00","야","토","1","1","0","0","0","경기","고양시","차대사람","차도통행중","차도통행중","운전자법규위반","안전운전 의무 불이행","교차로","교차로부근","승용차","승용차","보행자","보행자","936913","1964435","126.784576","37.67727753"
"2018","2018011607","00","주","화","1","3","1","1","0","경기","남양주시","차대차","추돌","추돌","운전자법규위반","안전운전 의무 불이행","단일로","기타단일로","승용차","승용차","승용차","승용차","973524","1961274","127.1998607","37.65057425"
"2018","2018110210","10","주","금","1","1","0","0","0","경기","남양주시","차대사람","보도통행중","보도통행중","운전자법규위반","보행자 보호의무 위반","교차로","교차로횡단보도내","화물차","화물차","보행자","보행자","973998","1959264","127.2053056","37.632471"
"2018","2018122217","50","주","토","1","2","0","1","0","경기","남양주시","차대사람","횡단중","횡단중","운전자법규위반","안전운전 의무 불이행","교차로","교차로부근","화물차","화물차","보행자","보행자","970431","1966978","127.1645668","37.70189136"
"2018","2018072606","10","주","목","1","1","0","0","0","경기","남양주시","차량단독","기타","기타","운전자법규위반","안전운전 의무 불이행","단일로","기타단일로","자전거","자전거","없음","없음","971652","1962526","127.1785909","37.66180298"
"2018","2018122800","52","야","금","1","3","1","1","0","경기","파주시","차대차","정면충돌","정면충돌","운전자법규위반","신호위반","교차로","교차로내","승용차","승용차","승합차","승합차","934048","1970270","126.7515599","37.72966441"
"2018","2018100219","20","야","화","1","1","0","0","0","경기","파주시","차대사람","횡단중","횡단중","운전자법규위반","안전운전 의무 불이행","단일로","기타단일로","승용차","승용차","보행자","보행자","940622","1981501","126.8252388","37.83133508"
"2018","2018020519","38","야","월","1","1","0","0","0","경기","파주시","차대사람","횡단중","횡단중","운전자법규위반","안전운전 의무 불이행","단일로","기타단일로","승용차","승용차","보행자","보행자","944479","1983127","126.8689417","37.84623251"
"2018","2018012907","15","주","월","1","1","0","0","0","경기","양주시","차대차","추돌","추돌","운전자법규위반","안전운전 의무 불이행","단일로","기타단일로","승용차","승용차","건설기계","건설기계","965685","1978849","127.1101678","37.80872004"
"2018","2018101310","20","주","토","1","3","1","1","0","경기","동두천시","차대차","정면충돌","정면충돌","운전자법규위반","신호위반","교차로","교차로내","승용차","승용차","건설기계","건설기계","957149","1990173","127.0125266","37.91042006"
"2018","2018091121","00","야","화","1","1","0","0","0","경기","구리시","차대사람","기타","기타","운전자법규위반","안전운전 의무 불이행","단일로","기타단일로","승용차","승용차","보행자","보행자","967749","1954997","127.1346718","37.59381306"
"2018","2018071520","05","야","일","1","1","0","0","0","경기","구리시","차대사람","차도통행중","차도통행중","운전자법규위반","과속","단일로","기타단일로","화물차","화물차","보행자","보행자","967448","1955055","127.1312597","37.59432523"
"2018","2018052103","55","야","월","1","1","0","0","0","경기","포천시","차량단독","공작물충돌","공작물충돌","운전자법규위반","안전운전 의무 불이행","단일로","기타단일로","승용차","승용차","없음","없음","973070","1988564","127.1937011","37.89652906"
"2018","2018060808","43","주","금","1","1","0","0","0","경기","포천시","차대차","추돌","추돌","운전자법규위반","안전운전 의무 불이행","단일로","기타단일로","화물차","화물차","농기계","농기계","979900","2006212","127.2708902","38.0557646"
"2018","2018012010","15","주","토","1","1","0","0","0","경기","가평군","차량단독","공작물충돌","공작물충돌","운전자법규위반","안전운전 의무 불이행","단일로","기타단일로","승용차","승용차","없음","없음","1001226","1959902","127.5138961","37.63858879"
"2018","2018020321","05","야","토","1","1","0","0","0","경기","가평군","차대차","정면충돌","정면충돌","운전자법규위반","중앙선 침범","단일로","기타단일로","승용차","승용차","승용차","승용차","1000491","1988419","127.5055845","37.89562054"
"2018","2018120310","05","주","월","1","2","0","1","0","경기","연천군","차대차","측면충돌","측면충돌","운전자법규위반","안전운전 의무 불이행","단일로","교량위","승용차","승용차","승용차","승용차","962029","2000296","127.0675053","38.00187256"